Date,Product Name,Category,Units Sold,Price,Revenue,Discount,Units Returned,Location,Platform,Return Rate,Month/Year,Discount Bucket 
1/6/2020,Whey Protein,Protein,143.00,$31.98,"$4,573.14",3.00%,2.00,Canada,Walmart,1.40%,Jan 2020,0–5%
1/6/2020,Vitamin C,Vitamin,139.00,$42.51,"$5,908.89",4.00%,0.00,UK,Amazon,0.00%,Jan 2020,0–5%
1/6/2020,Fish Oil,Omega,161.00,$12.91,"$2,078.51",25.00%,0.00,Canada,Amazon,0.00%,Jan 2020,20–25%
1/6/2020,Multivitamin,Vitamin,140.00,$16.07,"$2,249.80",8.00%,0.00,Canada,Walmart,0.00%,Jan 2020,5–10%
1/6/2020,Pre-Workout,Performance,157.00,$35.47,"$5,568.79",25.00%,3.00,Canada,iHerb,1.91%,Jan 2020,20–25%
1/6/2020,BCAA,Amino Acid,154.00,$41.19,"$6,343.26",13.00%,1.00,UK,Walmart,0.65%,Jan 2020,10–15%
1/6/2020,Creatine,Performance,134.00,$32.49,"$4,353.66",5.00%,1.00,UK,Walmart,0.75%,Jan 2020,0–5%
1/6/2020,Zinc,Mineral,147.00,$46.68,"$6,861.96",19.00%,0.00,Canada,Amazon,0.00%,Jan 2020,15–20%
1/6/2020,Collagen Peptides,Protein,147.00,$10.96,"$1,611.12",6.00%,2.00,USA,Amazon,1.36%,Jan 2020,5–10%
1/6/2020,Magnesium,Mineral,134.00,$20.76,"$2,781.84",0.00%,0.00,Canada,Amazon,0.00%,Jan 2020,0–5%
1/6/2020,Ashwagandha,Herbal,181.00,$15.49,"$2,803.69",14.00%,1.00,USA,Amazon,0.55%,Jan 2020,10–15%
1/6/2020,Melatonin,Sleep Aid,164.00,$34.41,"$5,643.24",4.00%,1.00,USA,Walmart,0.61%,Jan 2020,0–5%
1/6/2020,Biotin,Vitamin,159.00,$28.79,"$4,577.61",10.00%,1.00,UK,iHerb,0.63%,Jan 2020,5–10%
1/6/2020,Green Tea Extract,Fat Burner,143.00,$31.88,"$4,558.84",6.00%,3.00,UK,Walmart,2.10%,Jan 2020,5–10%
1/6/2020,Iron Supplement,Mineral,149.00,$42.97,"$6,402.53",22.00%,2.00,Canada,iHerb,1.34%,Jan 2020,20–25%
1/6/2020,Electrolyte Powder,Hydration,154.00,$35.92,"$5,531.68",4.00%,2.00,USA,Amazon,1.30%,Jan 2020,0–5%
1/13/2020,Whey Protein,Protein,150.00,$12.08,"$1,812.00",2.00%,2.00,UK,Amazon,1.33%,Jan 2020,0–5%
1/13/2020,Vitamin C,Vitamin,128.00,$10.61,"$1,358.08",24.00%,2.00,USA,Amazon,1.56%,Jan 2020,20–25%
1/13/2020,Fish Oil,Omega,145.00,$27.49,"$3,986.05",19.00%,2.00,USA,Walmart,1.38%,Jan 2020,15–20%
1/13/2020,Multivitamin,Vitamin,137.00,$14.92,"$2,044.04",17.00%,2.00,USA,Amazon,1.46%,Jan 2020,15–20%
1/13/2020,Pre-Workout,Performance,141.00,$14.11,"$1,989.51",24.00%,1.00,Canada,iHerb,0.71%,Jan 2020,20–25%
1/13/2020,BCAA,Amino Acid,160.00,$29.10,"$4,656.00",5.00%,0.00,Canada,Amazon,0.00%,Jan 2020,0–5%
1/13/2020,Creatine,Performance,154.00,$42.20,"$6,498.80",13.00%,0.00,UK,Walmart,0.00%,Jan 2020,10–15%
1/13/2020,Zinc,Mineral,154.00,$47.40,"$7,299.60",20.00%,2.00,USA,Amazon,1.30%,Jan 2020,15–20%
1/13/2020,Collagen Peptides,Protein,134.00,$56.40,"$7,557.60",6.00%,1.00,Canada,iHerb,0.75%,Jan 2020,5–10%
1/13/2020,Magnesium,Mineral,148.00,$40.65,"$6,016.20",24.00%,1.00,UK,Amazon,0.68%,Jan 2020,20–25%
1/13/2020,Ashwagandha,Herbal,133.00,$54.35,"$7,228.55",16.00%,1.00,UK,Walmart,0.75%,Jan 2020,15–20%
1/13/2020,Melatonin,Sleep Aid,141.00,$33.03,"$4,657.23",21.00%,2.00,USA,Amazon,1.42%,Jan 2020,20–25%
1/13/2020,Biotin,Vitamin,161.00,$18.87,"$3,038.07",14.00%,5.00,USA,iHerb,3.11%,Jan 2020,10–15%
1/13/2020,Green Tea Extract,Fat Burner,174.00,$18.24,"$3,173.76",3.00%,2.00,USA,Walmart,1.15%,Jan 2020,0–5%
1/13/2020,Iron Supplement,Mineral,163.00,$35.29,"$5,752.27",21.00%,2.00,USA,Amazon,1.23%,Jan 2020,20–25%
1/13/2020,Electrolyte Powder,Hydration,151.00,$35.42,"$5,348.42",7.00%,2.00,USA,Amazon,1.32%,Jan 2020,5–10%
1/20/2020,Whey Protein,Protein,157.00,$41.81,"$6,564.17",19.00%,0.00,USA,Walmart,0.00%,Jan 2020,15–20%
1/20/2020,Vitamin C,Vitamin,149.00,$22.33,"$3,327.17",18.00%,5.00,UK,Walmart,3.36%,Jan 2020,15–20%
1/20/2020,Fish Oil,Omega,131.00,$50.00,"$6,550.00",5.00%,1.00,USA,Walmart,0.76%,Jan 2020,0–5%
1/20/2020,Multivitamin,Vitamin,159.00,$19.40,"$3,084.60",9.00%,2.00,USA,Walmart,1.26%,Jan 2020,5–10%
1/20/2020,Pre-Workout,Performance,152.00,$48.05,"$7,303.60",1.00%,2.00,USA,iHerb,1.32%,Jan 2020,0–5%
1/20/2020,BCAA,Amino Acid,145.00,$17.44,"$2,528.80",8.00%,3.00,UK,Amazon,2.07%,Jan 2020,5–10%
1/20/2020,Creatine,Performance,148.00,$54.31,"$8,037.88",15.00%,1.00,UK,iHerb,0.68%,Jan 2020,10–15%
1/20/2020,Zinc,Mineral,147.00,$10.16,"$1,493.52",15.00%,1.00,USA,iHerb,0.68%,Jan 2020,10–15%
1/20/2020,Collagen Peptides,Protein,161.00,$39.41,"$6,345.01",12.00%,2.00,UK,Walmart,1.24%,Jan 2020,10–15%
1/20/2020,Magnesium,Mineral,126.00,$38.07,"$4,796.82",14.00%,1.00,Canada,Amazon,0.79%,Jan 2020,10–15%
1/20/2020,Ashwagandha,Herbal,156.00,$23.49,"$3,664.44",21.00%,1.00,Canada,iHerb,0.64%,Jan 2020,20–25%
1/20/2020,Melatonin,Sleep Aid,128.00,$26.71,"$3,418.88",20.00%,2.00,Canada,iHerb,1.56%,Jan 2020,15–20%
1/20/2020,Biotin,Vitamin,161.00,$32.01,"$5,153.61",4.00%,1.00,Canada,Amazon,0.62%,Jan 2020,0–5%
1/20/2020,Green Tea Extract,Fat Burner,148.00,$21.03,"$3,112.44",15.00%,2.00,UK,Walmart,1.35%,Jan 2020,10–15%
1/20/2020,Iron Supplement,Mineral,155.00,$41.81,"$6,480.55",20.00%,0.00,UK,iHerb,0.00%,Jan 2020,15–20%
1/20/2020,Electrolyte Powder,Hydration,147.00,$29.19,"$4,290.93",14.00%,2.00,USA,Amazon,1.36%,Jan 2020,10–15%
1/27/2020,Whey Protein,Protein,137.00,$26.73,"$3,662.01",1.00%,0.00,UK,Amazon,0.00%,Jan 2020,0–5%
1/27/2020,Vitamin C,Vitamin,163.00,$35.90,"$5,851.70",7.00%,4.00,UK,iHerb,2.45%,Jan 2020,5–10%
1/27/2020,Fish Oil,Omega,141.00,$53.64,"$7,563.24",21.00%,0.00,Canada,iHerb,0.00%,Jan 2020,20–25%
1/27/2020,Multivitamin,Vitamin,162.00,$34.15,"$5,532.30",3.00%,0.00,UK,iHerb,0.00%,Jan 2020,0–5%
1/27/2020,Pre-Workout,Performance,158.00,$31.84,"$5,030.72",18.00%,2.00,USA,iHerb,1.27%,Jan 2020,15–20%
1/27/2020,BCAA,Amino Acid,136.00,$16.77,"$2,280.72",19.00%,2.00,USA,iHerb,1.47%,Jan 2020,15–20%
1/27/2020,Creatine,Performance,180.00,$12.85,"$2,313.00",7.00%,1.00,USA,Walmart,0.56%,Jan 2020,5–10%
1/27/2020,Zinc,Mineral,140.00,$47.97,"$6,715.80",11.00%,2.00,UK,iHerb,1.43%,Jan 2020,10–15%
1/27/2020,Collagen Peptides,Protein,126.00,$11.68,"$1,471.68",2.00%,3.00,Canada,Walmart,2.38%,Jan 2020,0–5%
1/27/2020,Magnesium,Mineral,135.00,$30.55,"$4,124.25",9.00%,3.00,USA,Amazon,2.22%,Jan 2020,5–10%
1/27/2020,Ashwagandha,Herbal,174.00,$30.94,"$5,383.56",7.00%,2.00,Canada,Amazon,1.15%,Jan 2020,5–10%
1/27/2020,Melatonin,Sleep Aid,156.00,$38.27,"$5,970.12",12.00%,4.00,UK,iHerb,2.56%,Jan 2020,10–15%
1/27/2020,Biotin,Vitamin,154.00,$15.70,"$2,417.80",4.00%,1.00,UK,Walmart,0.65%,Jan 2020,0–5%
1/27/2020,Green Tea Extract,Fat Burner,141.00,$38.06,"$5,366.46",13.00%,0.00,UK,iHerb,0.00%,Jan 2020,10–15%
1/27/2020,Iron Supplement,Mineral,165.00,$13.38,"$2,207.70",18.00%,2.00,USA,iHerb,1.21%,Jan 2020,15–20%
1/27/2020,Electrolyte Powder,Hydration,129.00,$34.23,"$4,415.67",4.00%,3.00,Canada,Amazon,2.33%,Jan 2020,0–5%
2/3/2020,Whey Protein,Protein,165.00,$33.11,"$5,463.15",10.00%,2.00,Canada,iHerb,1.21%,Feb 2020,5–10%
2/3/2020,Vitamin C,Vitamin,152.00,$35.63,"$5,415.76",20.00%,1.00,UK,Amazon,0.66%,Feb 2020,15–20%
2/3/2020,Fish Oil,Omega,138.00,$18.24,"$2,517.12",8.00%,2.00,UK,Amazon,1.45%,Feb 2020,5–10%
2/3/2020,Multivitamin,Vitamin,151.00,$53.89,"$8,137.39",22.00%,3.00,UK,Amazon,1.99%,Feb 2020,20–25%
2/3/2020,Pre-Workout,Performance,140.00,$59.25,"$8,295.00",19.00%,0.00,UK,Amazon,0.00%,Feb 2020,15–20%
2/3/2020,BCAA,Amino Acid,126.00,$55.46,"$6,987.96",13.00%,1.00,USA,iHerb,0.79%,Feb 2020,10–15%
2/3/2020,Creatine,Performance,132.00,$51.11,"$6,746.52",10.00%,2.00,Canada,Amazon,1.52%,Feb 2020,5–10%
2/3/2020,Zinc,Mineral,184.00,$36.17,"$6,655.28",7.00%,3.00,Canada,Amazon,1.63%,Feb 2020,5–10%
2/3/2020,Collagen Peptides,Protein,153.00,$49.90,"$7,634.70",10.00%,3.00,UK,Amazon,1.96%,Feb 2020,5–10%
2/3/2020,Magnesium,Mineral,151.00,$44.79,"$6,763.29",20.00%,1.00,Canada,Amazon,0.66%,Feb 2020,15–20%
2/3/2020,Ashwagandha,Herbal,135.00,$19.21,"$2,593.35",22.00%,2.00,UK,Amazon,1.48%,Feb 2020,20–25%
2/3/2020,Melatonin,Sleep Aid,135.00,$40.76,"$5,502.60",2.00%,3.00,Canada,iHerb,2.22%,Feb 2020,0–5%
2/3/2020,Biotin,Vitamin,162.00,$58.36,"$9,454.32",10.00%,5.00,UK,Amazon,3.09%,Feb 2020,5–10%
2/3/2020,Green Tea Extract,Fat Burner,156.00,$18.30,"$2,854.80",22.00%,1.00,UK,iHerb,0.64%,Feb 2020,20–25%
2/3/2020,Iron Supplement,Mineral,136.00,$37.99,"$5,166.64",13.00%,2.00,USA,Amazon,1.47%,Feb 2020,10–15%
2/3/2020,Electrolyte Powder,Hydration,168.00,$46.57,"$7,823.76",5.00%,3.00,Canada,iHerb,1.79%,Feb 2020,0–5%
2/10/2020,Whey Protein,Protein,163.00,$45.51,"$7,418.13",8.00%,1.00,UK,iHerb,0.61%,Feb 2020,5–10%
2/10/2020,Vitamin C,Vitamin,163.00,$27.89,"$4,546.07",12.00%,3.00,UK,Amazon,1.84%,Feb 2020,10–15%
2/10/2020,Fish Oil,Omega,144.00,$45.60,"$6,566.40",21.00%,0.00,Canada,Amazon,0.00%,Feb 2020,20–25%
2/10/2020,Multivitamin,Vitamin,140.00,$27.40,"$3,836.00",11.00%,2.00,UK,Walmart,1.43%,Feb 2020,10–15%
2/10/2020,Pre-Workout,Performance,155.00,$27.62,"$4,281.10",21.00%,1.00,USA,iHerb,0.65%,Feb 2020,20–25%
2/10/2020,BCAA,Amino Acid,134.00,$26.26,"$3,518.84",17.00%,0.00,UK,Amazon,0.00%,Feb 2020,15–20%
2/10/2020,Creatine,Performance,137.00,$21.36,"$2,926.32",21.00%,1.00,Canada,iHerb,0.73%,Feb 2020,20–25%
2/10/2020,Zinc,Mineral,155.00,$35.63,"$5,522.65",8.00%,1.00,UK,Amazon,0.65%,Feb 2020,5–10%
2/10/2020,Collagen Peptides,Protein,155.00,$53.56,"$8,301.80",19.00%,2.00,UK,Walmart,1.29%,Feb 2020,15–20%
2/10/2020,Magnesium,Mineral,156.00,$55.36,"$8,636.16",17.00%,2.00,UK,iHerb,1.28%,Feb 2020,15–20%
2/10/2020,Ashwagandha,Herbal,132.00,$33.02,"$4,358.64",22.00%,1.00,USA,iHerb,0.76%,Feb 2020,20–25%
2/10/2020,Melatonin,Sleep Aid,146.00,$15.54,"$2,268.84",11.00%,0.00,Canada,Amazon,0.00%,Feb 2020,10–15%
2/10/2020,Biotin,Vitamin,142.00,$24.61,"$3,494.62",23.00%,2.00,UK,iHerb,1.41%,Feb 2020,20–25%
2/10/2020,Green Tea Extract,Fat Burner,162.00,$58.14,"$9,418.68",18.00%,1.00,UK,Walmart,0.62%,Feb 2020,15–20%
2/10/2020,Iron Supplement,Mineral,163.00,$53.64,"$8,743.32",3.00%,2.00,USA,Walmart,1.23%,Feb 2020,0–5%
2/10/2020,Electrolyte Powder,Hydration,151.00,$22.09,"$3,335.59",0.00%,1.00,USA,Amazon,0.66%,Feb 2020,0–5%
2/17/2020,Whey Protein,Protein,143.00,$24.86,"$3,554.98",7.00%,2.00,Canada,iHerb,1.40%,Feb 2020,5–10%
2/17/2020,Vitamin C,Vitamin,165.00,$39.66,"$6,543.90",22.00%,0.00,Canada,iHerb,0.00%,Feb 2020,20–25%
2/17/2020,Fish Oil,Omega,129.00,$49.73,"$6,415.17",1.00%,1.00,Canada,Walmart,0.78%,Feb 2020,0–5%
2/17/2020,Multivitamin,Vitamin,151.00,$51.57,"$7,787.07",15.00%,0.00,USA,Amazon,0.00%,Feb 2020,10–15%
2/17/2020,Pre-Workout,Performance,131.00,$43.46,"$5,693.26",21.00%,3.00,USA,Walmart,2.29%,Feb 2020,20–25%
2/17/2020,BCAA,Amino Acid,152.00,$31.52,"$4,791.04",8.00%,1.00,UK,Amazon,0.66%,Feb 2020,5–10%
2/17/2020,Creatine,Performance,160.00,$54.63,"$8,740.80",11.00%,2.00,UK,Amazon,1.25%,Feb 2020,10–15%
2/17/2020,Zinc,Mineral,155.00,$45.13,"$6,995.15",6.00%,1.00,USA,iHerb,0.65%,Feb 2020,5–10%
2/17/2020,Collagen Peptides,Protein,132.00,$34.38,"$4,538.16",16.00%,3.00,Canada,Walmart,2.27%,Feb 2020,15–20%
2/17/2020,Magnesium,Mineral,154.00,$35.31,"$5,437.74",16.00%,0.00,USA,Amazon,0.00%,Feb 2020,15–20%
2/17/2020,Ashwagandha,Herbal,141.00,$33.62,"$4,740.42",1.00%,0.00,USA,iHerb,0.00%,Feb 2020,0–5%
2/17/2020,Melatonin,Sleep Aid,144.00,$19.80,"$2,851.20",15.00%,1.00,USA,iHerb,0.69%,Feb 2020,10–15%
2/17/2020,Biotin,Vitamin,139.00,$10.28,"$1,428.92",0.00%,0.00,USA,Walmart,0.00%,Feb 2020,0–5%
2/17/2020,Green Tea Extract,Fat Burner,117.00,$26.94,"$3,151.98",20.00%,1.00,Canada,Amazon,0.85%,Feb 2020,15–20%
2/17/2020,Iron Supplement,Mineral,150.00,$56.59,"$8,488.50",10.00%,0.00,UK,Amazon,0.00%,Feb 2020,5–10%
2/17/2020,Electrolyte Powder,Hydration,154.00,$27.26,"$4,198.04",13.00%,3.00,Canada,Amazon,1.95%,Feb 2020,10–15%
2/24/2020,Whey Protein,Protein,150.00,$59.64,"$8,946.00",3.00%,1.00,UK,Walmart,0.67%,Feb 2020,0–5%
2/24/2020,Vitamin C,Vitamin,146.00,$30.55,"$4,460.30",23.00%,2.00,UK,iHerb,1.37%,Feb 2020,20–25%
2/24/2020,Fish Oil,Omega,154.00,$51.19,"$7,883.26",24.00%,3.00,USA,Amazon,1.95%,Feb 2020,20–25%
2/24/2020,Multivitamin,Vitamin,123.00,$12.98,"$1,596.54",15.00%,2.00,USA,Walmart,1.63%,Feb 2020,10–15%
2/24/2020,Pre-Workout,Performance,133.00,$32.81,"$4,363.73",9.00%,0.00,Canada,Amazon,0.00%,Feb 2020,5–10%
2/24/2020,BCAA,Amino Acid,147.00,$13.55,"$1,991.85",2.00%,1.00,UK,Amazon,0.68%,Feb 2020,0–5%
2/24/2020,Creatine,Performance,175.00,$43.93,"$7,687.75",9.00%,2.00,UK,Amazon,1.14%,Feb 2020,5–10%
2/24/2020,Zinc,Mineral,170.00,$53.68,"$9,125.60",18.00%,0.00,UK,iHerb,0.00%,Feb 2020,15–20%
2/24/2020,Collagen Peptides,Protein,169.00,$36.70,"$6,202.30",4.00%,0.00,Canada,iHerb,0.00%,Feb 2020,0–5%
2/24/2020,Magnesium,Mineral,147.00,$34.30,"$5,042.10",14.00%,0.00,UK,iHerb,0.00%,Feb 2020,10–15%
2/24/2020,Ashwagandha,Herbal,133.00,$27.16,"$3,612.28",18.00%,2.00,UK,iHerb,1.50%,Feb 2020,15–20%
2/24/2020,Melatonin,Sleep Aid,164.00,$31.50,"$5,166.00",17.00%,1.00,Canada,iHerb,0.61%,Feb 2020,15–20%
2/24/2020,Biotin,Vitamin,143.00,$32.32,"$4,621.76",20.00%,2.00,USA,iHerb,1.40%,Feb 2020,15–20%
2/24/2020,Green Tea Extract,Fat Burner,147.00,$39.11,"$5,749.17",9.00%,2.00,UK,iHerb,1.36%,Feb 2020,5–10%
2/24/2020,Iron Supplement,Mineral,158.00,$28.73,"$4,539.34",4.00%,1.00,UK,Amazon,0.63%,Feb 2020,0–5%
2/24/2020,Electrolyte Powder,Hydration,135.00,$27.29,"$3,684.15",4.00%,0.00,Canada,Amazon,0.00%,Feb 2020,0–5%
3/2/2020,Whey Protein,Protein,155.00,$27.03,"$4,189.65",2.00%,1.00,Canada,Amazon,0.65%,Mar 2020,0–5%
3/2/2020,Vitamin C,Vitamin,143.00,$40.29,"$5,761.47",9.00%,0.00,Canada,iHerb,0.00%,Mar 2020,5–10%
3/2/2020,Fish Oil,Omega,157.00,$34.28,"$5,381.96",1.00%,1.00,Canada,iHerb,0.64%,Mar 2020,0–5%
3/2/2020,Multivitamin,Vitamin,184.00,$11.95,"$2,198.80",1.00%,1.00,UK,iHerb,0.54%,Mar 2020,0–5%
3/2/2020,Pre-Workout,Performance,136.00,$47.81,"$6,502.16",11.00%,1.00,USA,Walmart,0.74%,Mar 2020,10–15%
3/2/2020,BCAA,Amino Acid,169.00,$57.80,"$9,768.20",8.00%,3.00,Canada,Amazon,1.78%,Mar 2020,5–10%
3/2/2020,Creatine,Performance,154.00,$59.20,"$9,116.80",7.00%,4.00,Canada,iHerb,2.60%,Mar 2020,5–10%
3/2/2020,Zinc,Mineral,146.00,$27.02,"$3,944.92",14.00%,0.00,UK,Amazon,0.00%,Mar 2020,10–15%
3/2/2020,Collagen Peptides,Protein,152.00,$48.10,"$7,311.20",21.00%,1.00,UK,Amazon,0.66%,Mar 2020,20–25%
3/2/2020,Magnesium,Mineral,143.00,$19.73,"$2,821.39",1.00%,1.00,USA,Amazon,0.70%,Mar 2020,0–5%
3/2/2020,Ashwagandha,Herbal,152.00,$39.02,"$5,931.04",3.00%,1.00,USA,Amazon,0.66%,Mar 2020,0–5%
3/2/2020,Melatonin,Sleep Aid,154.00,$30.09,"$4,633.86",25.00%,3.00,Canada,Amazon,1.95%,Mar 2020,20–25%
3/2/2020,Biotin,Vitamin,154.00,$41.03,"$6,318.62",5.00%,1.00,UK,Amazon,0.65%,Mar 2020,0–5%
3/2/2020,Green Tea Extract,Fat Burner,151.00,$58.20,"$8,788.20",23.00%,2.00,USA,Walmart,1.32%,Mar 2020,20–25%
3/2/2020,Iron Supplement,Mineral,151.00,$16.53,"$2,496.03",20.00%,0.00,UK,Amazon,0.00%,Mar 2020,15–20%
3/2/2020,Electrolyte Powder,Hydration,161.00,$53.85,"$8,669.85",24.00%,0.00,USA,Amazon,0.00%,Mar 2020,20–25%
3/9/2020,Whey Protein,Protein,149.00,$34.17,"$5,091.33",22.00%,2.00,USA,Walmart,1.34%,Mar 2020,20–25%
3/9/2020,Vitamin C,Vitamin,145.00,$20.16,"$2,923.20",19.00%,1.00,Canada,iHerb,0.69%,Mar 2020,15–20%
3/9/2020,Fish Oil,Omega,150.00,$38.86,"$5,829.00",22.00%,4.00,UK,Walmart,2.67%,Mar 2020,20–25%
3/9/2020,Multivitamin,Vitamin,147.00,$48.23,"$7,089.81",14.00%,4.00,UK,Walmart,2.72%,Mar 2020,10–15%
3/9/2020,Pre-Workout,Performance,138.00,$52.70,"$7,272.60",11.00%,3.00,Canada,Amazon,2.17%,Mar 2020,10–15%
3/9/2020,BCAA,Amino Acid,168.00,$54.17,"$9,100.56",11.00%,2.00,Canada,Amazon,1.19%,Mar 2020,10–15%
3/9/2020,Creatine,Performance,154.00,$10.96,"$1,687.84",12.00%,2.00,USA,Amazon,1.30%,Mar 2020,10–15%
3/9/2020,Zinc,Mineral,158.00,$16.72,"$2,641.76",7.00%,1.00,USA,iHerb,0.63%,Mar 2020,5–10%
3/9/2020,Collagen Peptides,Protein,162.00,$20.54,"$3,327.48",24.00%,0.00,UK,Amazon,0.00%,Mar 2020,20–25%
3/9/2020,Magnesium,Mineral,163.00,$10.72,"$1,747.36",18.00%,3.00,UK,iHerb,1.84%,Mar 2020,15–20%
3/9/2020,Ashwagandha,Herbal,159.00,$47.67,"$7,579.53",19.00%,2.00,Canada,iHerb,1.26%,Mar 2020,15–20%
3/9/2020,Melatonin,Sleep Aid,160.00,$40.68,"$6,508.80",2.00%,1.00,UK,Walmart,0.63%,Mar 2020,0–5%
3/9/2020,Biotin,Vitamin,128.00,$30.36,"$3,886.08",2.00%,1.00,USA,Walmart,0.78%,Mar 2020,0–5%
3/9/2020,Green Tea Extract,Fat Burner,132.00,$57.38,"$7,574.16",2.00%,3.00,USA,Amazon,2.27%,Mar 2020,0–5%
3/9/2020,Iron Supplement,Mineral,151.00,$13.84,"$2,089.84",13.00%,2.00,Canada,iHerb,1.32%,Mar 2020,10–15%
3/9/2020,Electrolyte Powder,Hydration,158.00,$13.65,"$2,156.70",10.00%,1.00,Canada,Amazon,0.63%,Mar 2020,5–10%
3/16/2020,Whey Protein,Protein,140.00,$50.17,"$7,023.80",23.00%,1.00,Canada,iHerb,0.71%,Mar 2020,20–25%
3/16/2020,Vitamin C,Vitamin,169.00,$33.82,"$5,715.58",6.00%,2.00,Canada,Walmart,1.18%,Mar 2020,5–10%
3/16/2020,Fish Oil,Omega,145.00,$16.15,"$2,341.75",22.00%,1.00,Canada,Amazon,0.69%,Mar 2020,20–25%
3/16/2020,Multivitamin,Vitamin,148.00,$41.24,"$6,103.52",2.00%,2.00,UK,Amazon,1.35%,Mar 2020,0–5%
3/16/2020,Pre-Workout,Performance,140.00,$51.13,"$7,158.20",20.00%,1.00,USA,Walmart,0.71%,Mar 2020,15–20%
3/16/2020,BCAA,Amino Acid,151.00,$48.77,"$7,364.27",7.00%,1.00,UK,Amazon,0.66%,Mar 2020,5–10%
3/16/2020,Creatine,Performance,142.00,$41.48,"$5,890.16",1.00%,2.00,Canada,Amazon,1.41%,Mar 2020,0–5%
3/16/2020,Zinc,Mineral,143.00,$35.56,"$5,085.08",1.00%,1.00,USA,Amazon,0.70%,Mar 2020,0–5%
3/16/2020,Collagen Peptides,Protein,158.00,$51.97,"$8,211.26",0.00%,1.00,Canada,iHerb,0.63%,Mar 2020,0–5%
3/16/2020,Magnesium,Mineral,159.00,$15.09,"$2,399.31",9.00%,1.00,Canada,iHerb,0.63%,Mar 2020,5–10%
3/16/2020,Ashwagandha,Herbal,164.00,$49.45,"$8,109.80",22.00%,1.00,Canada,iHerb,0.61%,Mar 2020,20–25%
3/16/2020,Melatonin,Sleep Aid,170.00,$58.20,"$9,894.00",2.00%,2.00,Canada,Amazon,1.18%,Mar 2020,0–5%
3/16/2020,Biotin,Vitamin,150.00,$41.64,"$6,246.00",18.00%,0.00,UK,iHerb,0.00%,Mar 2020,15–20%
3/16/2020,Green Tea Extract,Fat Burner,136.00,$43.32,"$5,891.52",24.00%,2.00,UK,Walmart,1.47%,Mar 2020,20–25%
3/16/2020,Iron Supplement,Mineral,178.00,$24.90,"$4,432.20",3.00%,3.00,UK,iHerb,1.69%,Mar 2020,0–5%
3/16/2020,Electrolyte Powder,Hydration,155.00,$28.00,"$4,340.00",24.00%,1.00,USA,Amazon,0.65%,Mar 2020,20–25%
3/23/2020,Whey Protein,Protein,148.00,$20.44,"$3,025.12",9.00%,1.00,UK,Walmart,0.68%,Mar 2020,5–10%
3/23/2020,Vitamin C,Vitamin,147.00,$52.52,"$7,720.44",5.00%,2.00,Canada,Amazon,1.36%,Mar 2020,0–5%
3/23/2020,Fish Oil,Omega,149.00,$20.79,"$3,097.71",17.00%,2.00,Canada,iHerb,1.34%,Mar 2020,15–20%
3/23/2020,Multivitamin,Vitamin,142.00,$42.58,"$6,046.36",18.00%,1.00,Canada,Amazon,0.70%,Mar 2020,15–20%
3/23/2020,Pre-Workout,Performance,155.00,$45.66,"$7,077.30",5.00%,3.00,Canada,Walmart,1.94%,Mar 2020,0–5%
3/23/2020,BCAA,Amino Acid,142.00,$12.90,"$1,831.80",3.00%,1.00,UK,Walmart,0.70%,Mar 2020,0–5%
3/23/2020,Creatine,Performance,141.00,$10.73,"$1,512.93",9.00%,1.00,UK,iHerb,0.71%,Mar 2020,5–10%
3/23/2020,Zinc,Mineral,147.00,$30.21,"$4,440.87",13.00%,2.00,UK,Amazon,1.36%,Mar 2020,10–15%
3/23/2020,Collagen Peptides,Protein,156.00,$48.70,"$7,597.20",19.00%,1.00,Canada,Amazon,0.64%,Mar 2020,15–20%
3/23/2020,Magnesium,Mineral,162.00,$23.28,"$3,771.36",0.00%,1.00,UK,iHerb,0.62%,Mar 2020,0–5%
3/23/2020,Ashwagandha,Herbal,160.00,$27.40,"$4,384.00",9.00%,0.00,USA,Amazon,0.00%,Mar 2020,5–10%
3/23/2020,Melatonin,Sleep Aid,143.00,$58.71,"$8,395.53",21.00%,0.00,Canada,iHerb,0.00%,Mar 2020,20–25%
3/23/2020,Biotin,Vitamin,168.00,$49.02,"$8,235.36",11.00%,1.00,USA,Amazon,0.60%,Mar 2020,10–15%
3/23/2020,Green Tea Extract,Fat Burner,143.00,$21.41,"$3,061.63",6.00%,1.00,Canada,Amazon,0.70%,Mar 2020,5–10%
3/23/2020,Iron Supplement,Mineral,159.00,$12.89,"$2,049.51",24.00%,4.00,USA,Amazon,2.52%,Mar 2020,20–25%
3/23/2020,Electrolyte Powder,Hydration,151.00,$13.78,"$2,080.78",9.00%,1.00,UK,Amazon,0.66%,Mar 2020,5–10%
3/30/2020,Whey Protein,Protein,138.00,$41.12,"$5,674.56",20.00%,1.00,Canada,iHerb,0.72%,Mar 2020,15–20%
3/30/2020,Vitamin C,Vitamin,135.00,$41.80,"$5,643.00",10.00%,2.00,Canada,Amazon,1.48%,Mar 2020,5–10%
3/30/2020,Fish Oil,Omega,141.00,$55.87,"$7,877.67",7.00%,1.00,USA,Amazon,0.71%,Mar 2020,5–10%
3/30/2020,Multivitamin,Vitamin,168.00,$13.11,"$2,202.48",4.00%,0.00,UK,Amazon,0.00%,Mar 2020,0–5%
3/30/2020,Pre-Workout,Performance,155.00,$16.71,"$2,590.05",24.00%,1.00,USA,Amazon,0.65%,Mar 2020,20–25%
3/30/2020,BCAA,Amino Acid,140.00,$43.98,"$6,157.20",2.00%,1.00,UK,Walmart,0.71%,Mar 2020,0–5%
3/30/2020,Creatine,Performance,162.00,$37.33,"$6,047.46",11.00%,0.00,USA,Amazon,0.00%,Mar 2020,10–15%
3/30/2020,Zinc,Mineral,136.00,$20.46,"$2,782.56",1.00%,2.00,USA,Amazon,1.47%,Mar 2020,0–5%
3/30/2020,Collagen Peptides,Protein,165.00,$58.03,"$9,574.95",5.00%,4.00,Canada,iHerb,2.42%,Mar 2020,0–5%
3/30/2020,Magnesium,Mineral,141.00,$39.68,"$5,594.88",2.00%,2.00,UK,iHerb,1.42%,Mar 2020,0–5%
3/30/2020,Ashwagandha,Herbal,160.00,$33.85,"$5,416.00",18.00%,1.00,USA,Walmart,0.63%,Mar 2020,15–20%
3/30/2020,Melatonin,Sleep Aid,155.00,$18.13,"$2,810.15",14.00%,2.00,UK,iHerb,1.29%,Mar 2020,10–15%
3/30/2020,Biotin,Vitamin,150.00,$10.45,"$1,567.50",9.00%,3.00,UK,Amazon,2.00%,Mar 2020,5–10%
3/30/2020,Green Tea Extract,Fat Burner,140.00,$21.10,"$2,954.00",8.00%,3.00,USA,iHerb,2.14%,Mar 2020,5–10%
3/30/2020,Iron Supplement,Mineral,158.00,$31.44,"$4,967.52",1.00%,1.00,UK,iHerb,0.63%,Mar 2020,0–5%
3/30/2020,Electrolyte Powder,Hydration,156.00,$24.44,"$3,812.64",10.00%,3.00,USA,Amazon,1.92%,Mar 2020,5–10%
4/6/2020,Whey Protein,Protein,160.00,$29.62,"$4,739.20",19.00%,3.00,UK,iHerb,1.88%,Apr 2020,15–20%
4/6/2020,Vitamin C,Vitamin,178.00,$27.86,"$4,959.08",20.00%,1.00,UK,Walmart,0.56%,Apr 2020,15–20%
4/6/2020,Fish Oil,Omega,152.00,$42.83,"$6,510.16",6.00%,0.00,USA,Amazon,0.00%,Apr 2020,5–10%
4/6/2020,Multivitamin,Vitamin,171.00,$35.30,"$6,036.30",6.00%,0.00,USA,Amazon,0.00%,Apr 2020,5–10%
4/6/2020,Pre-Workout,Performance,116.00,$53.34,"$6,187.44",7.00%,3.00,UK,Walmart,2.59%,Apr 2020,5–10%
4/6/2020,BCAA,Amino Acid,153.00,$39.00,"$5,967.00",13.00%,2.00,USA,Walmart,1.31%,Apr 2020,10–15%
4/6/2020,Creatine,Performance,142.00,$54.70,"$7,767.40",24.00%,3.00,USA,Walmart,2.11%,Apr 2020,20–25%
4/6/2020,Zinc,Mineral,147.00,$33.82,"$4,971.54",12.00%,0.00,Canada,Amazon,0.00%,Apr 2020,10–15%
4/6/2020,Collagen Peptides,Protein,153.00,$26.58,"$4,066.74",21.00%,0.00,Canada,iHerb,0.00%,Apr 2020,20–25%
4/6/2020,Magnesium,Mineral,127.00,$57.04,"$7,244.08",13.00%,1.00,Canada,iHerb,0.79%,Apr 2020,10–15%
4/6/2020,Ashwagandha,Herbal,162.00,$26.61,"$4,310.82",17.00%,2.00,Canada,Amazon,1.23%,Apr 2020,15–20%
4/6/2020,Melatonin,Sleep Aid,156.00,$53.79,"$8,391.24",13.00%,1.00,USA,iHerb,0.64%,Apr 2020,10–15%
4/6/2020,Biotin,Vitamin,147.00,$16.39,"$2,409.33",19.00%,0.00,UK,Amazon,0.00%,Apr 2020,15–20%
4/6/2020,Green Tea Extract,Fat Burner,147.00,$12.73,"$1,871.31",24.00%,0.00,UK,Walmart,0.00%,Apr 2020,20–25%
4/6/2020,Iron Supplement,Mineral,143.00,$21.52,"$3,077.36",0.00%,2.00,USA,Amazon,1.40%,Apr 2020,0–5%
4/6/2020,Electrolyte Powder,Hydration,185.00,$43.15,"$7,982.75",19.00%,3.00,UK,iHerb,1.62%,Apr 2020,15–20%
4/13/2020,Whey Protein,Protein,147.00,$26.26,"$3,860.22",18.00%,2.00,Canada,Walmart,1.36%,Apr 2020,15–20%
4/13/2020,Vitamin C,Vitamin,137.00,$55.10,"$7,548.70",20.00%,4.00,USA,Walmart,2.92%,Apr 2020,15–20%
4/13/2020,Fish Oil,Omega,160.00,$39.53,"$6,324.80",17.00%,0.00,USA,iHerb,0.00%,Apr 2020,15–20%
4/13/2020,Multivitamin,Vitamin,151.00,$18.37,"$2,773.87",20.00%,2.00,USA,Amazon,1.32%,Apr 2020,15–20%
4/13/2020,Pre-Workout,Performance,178.00,$23.27,"$4,142.06",15.00%,1.00,USA,Amazon,0.56%,Apr 2020,10–15%
4/13/2020,BCAA,Amino Acid,158.00,$15.13,"$2,390.54",13.00%,1.00,Canada,iHerb,0.63%,Apr 2020,10–15%
4/13/2020,Creatine,Performance,145.00,$51.38,"$7,450.10",17.00%,2.00,UK,Walmart,1.38%,Apr 2020,15–20%
4/13/2020,Zinc,Mineral,149.00,$44.73,"$6,664.77",18.00%,3.00,Canada,Amazon,2.01%,Apr 2020,15–20%
4/13/2020,Collagen Peptides,Protein,142.00,$19.76,"$2,805.92",9.00%,1.00,USA,Amazon,0.70%,Apr 2020,5–10%
4/13/2020,Magnesium,Mineral,157.00,$38.10,"$5,981.70",24.00%,1.00,UK,iHerb,0.64%,Apr 2020,20–25%
4/13/2020,Ashwagandha,Herbal,146.00,$49.31,"$7,199.26",18.00%,1.00,Canada,iHerb,0.68%,Apr 2020,15–20%
4/13/2020,Melatonin,Sleep Aid,140.00,$50.86,"$7,120.40",14.00%,4.00,Canada,Walmart,2.86%,Apr 2020,10–15%
4/13/2020,Biotin,Vitamin,123.00,$45.92,"$5,648.16",22.00%,0.00,UK,Amazon,0.00%,Apr 2020,20–25%
4/13/2020,Green Tea Extract,Fat Burner,162.00,$29.83,"$4,832.46",3.00%,3.00,USA,Amazon,1.85%,Apr 2020,0–5%
4/13/2020,Iron Supplement,Mineral,136.00,$24.50,"$3,332.00",22.00%,2.00,Canada,Walmart,1.47%,Apr 2020,20–25%
4/13/2020,Electrolyte Powder,Hydration,162.00,$41.24,"$6,680.88",14.00%,3.00,USA,Walmart,1.85%,Apr 2020,10–15%
4/20/2020,Whey Protein,Protein,169.00,$43.70,"$7,385.30",1.00%,2.00,USA,Walmart,1.18%,Apr 2020,0–5%
4/20/2020,Vitamin C,Vitamin,142.00,$27.65,"$3,926.30",16.00%,1.00,Canada,iHerb,0.70%,Apr 2020,15–20%
4/20/2020,Fish Oil,Omega,159.00,$13.42,"$2,133.78",20.00%,1.00,UK,iHerb,0.63%,Apr 2020,15–20%
4/20/2020,Multivitamin,Vitamin,148.00,$26.62,"$3,939.76",1.00%,1.00,USA,Amazon,0.68%,Apr 2020,0–5%
4/20/2020,Pre-Workout,Performance,176.00,$43.57,"$7,668.32",16.00%,1.00,USA,Walmart,0.57%,Apr 2020,15–20%
4/20/2020,BCAA,Amino Acid,147.00,$15.07,"$2,215.29",7.00%,1.00,USA,iHerb,0.68%,Apr 2020,5–10%
4/20/2020,Creatine,Performance,148.00,$13.38,"$1,980.24",13.00%,0.00,Canada,Walmart,0.00%,Apr 2020,10–15%
4/20/2020,Zinc,Mineral,188.00,$30.18,"$5,673.84",18.00%,2.00,USA,iHerb,1.06%,Apr 2020,15–20%
4/20/2020,Collagen Peptides,Protein,147.00,$29.88,"$4,392.36",7.00%,0.00,USA,iHerb,0.00%,Apr 2020,5–10%
4/20/2020,Magnesium,Mineral,149.00,$24.37,"$3,631.13",16.00%,4.00,USA,Amazon,2.68%,Apr 2020,15–20%
4/20/2020,Ashwagandha,Herbal,154.00,$13.78,"$2,122.12",24.00%,1.00,Canada,Amazon,0.65%,Apr 2020,20–25%
4/20/2020,Melatonin,Sleep Aid,130.00,$41.18,"$5,353.40",16.00%,0.00,USA,Amazon,0.00%,Apr 2020,15–20%
4/20/2020,Biotin,Vitamin,141.00,$45.33,"$6,391.53",15.00%,1.00,UK,Amazon,0.71%,Apr 2020,10–15%
4/20/2020,Green Tea Extract,Fat Burner,141.00,$53.30,"$7,515.30",24.00%,0.00,UK,Amazon,0.00%,Apr 2020,20–25%
4/20/2020,Iron Supplement,Mineral,159.00,$20.13,"$3,200.67",15.00%,2.00,USA,iHerb,1.26%,Apr 2020,10–15%
4/20/2020,Electrolyte Powder,Hydration,157.00,$10.77,"$1,690.89",15.00%,1.00,UK,Amazon,0.64%,Apr 2020,10–15%
4/27/2020,Whey Protein,Protein,148.00,$29.95,"$4,432.60",21.00%,0.00,USA,Amazon,0.00%,Apr 2020,20–25%
4/27/2020,Vitamin C,Vitamin,131.00,$31.68,"$4,150.08",2.00%,2.00,USA,iHerb,1.53%,Apr 2020,0–5%
4/27/2020,Fish Oil,Omega,170.00,$22.94,"$3,899.80",11.00%,2.00,Canada,iHerb,1.18%,Apr 2020,10–15%
4/27/2020,Multivitamin,Vitamin,154.00,$22.10,"$3,403.40",18.00%,0.00,USA,Walmart,0.00%,Apr 2020,15–20%
4/27/2020,Pre-Workout,Performance,138.00,$46.94,"$6,477.72",0.00%,0.00,UK,Walmart,0.00%,Apr 2020,0–5%
4/27/2020,BCAA,Amino Acid,139.00,$22.38,"$3,110.82",2.00%,1.00,USA,Walmart,0.72%,Apr 2020,0–5%
4/27/2020,Creatine,Performance,159.00,$43.64,"$6,938.76",2.00%,4.00,Canada,Amazon,2.52%,Apr 2020,0–5%
4/27/2020,Zinc,Mineral,164.00,$51.15,"$8,388.60",23.00%,2.00,USA,iHerb,1.22%,Apr 2020,20–25%
4/27/2020,Collagen Peptides,Protein,138.00,$47.14,"$6,505.32",18.00%,1.00,UK,iHerb,0.72%,Apr 2020,15–20%
4/27/2020,Magnesium,Mineral,127.00,$56.04,"$7,117.08",15.00%,1.00,Canada,Walmart,0.79%,Apr 2020,10–15%
4/27/2020,Ashwagandha,Herbal,141.00,$54.77,"$7,722.57",17.00%,2.00,UK,Walmart,1.42%,Apr 2020,15–20%
4/27/2020,Melatonin,Sleep Aid,148.00,$22.42,"$3,318.16",18.00%,1.00,Canada,Walmart,0.68%,Apr 2020,15–20%
4/27/2020,Biotin,Vitamin,148.00,$56.81,"$8,407.88",2.00%,3.00,UK,Walmart,2.03%,Apr 2020,0–5%
4/27/2020,Green Tea Extract,Fat Burner,142.00,$11.10,"$1,576.20",8.00%,1.00,Canada,iHerb,0.70%,Apr 2020,5–10%
4/27/2020,Iron Supplement,Mineral,124.00,$56.36,"$6,988.64",3.00%,2.00,Canada,Walmart,1.61%,Apr 2020,0–5%
4/27/2020,Electrolyte Powder,Hydration,147.00,$23.01,"$3,382.47",4.00%,0.00,Canada,iHerb,0.00%,Apr 2020,0–5%
5/4/2020,Whey Protein,Protein,127.00,$43.21,"$5,487.67",22.00%,2.00,Canada,iHerb,1.57%,May 2020,20–25%
5/4/2020,Vitamin C,Vitamin,157.00,$24.46,"$3,840.22",8.00%,1.00,UK,iHerb,0.64%,May 2020,5–10%
5/4/2020,Fish Oil,Omega,150.00,$27.84,"$4,176.00",9.00%,3.00,Canada,iHerb,2.00%,May 2020,5–10%
5/4/2020,Multivitamin,Vitamin,161.00,$55.69,"$8,966.09",24.00%,1.00,UK,Walmart,0.62%,May 2020,20–25%
5/4/2020,Pre-Workout,Performance,145.00,$57.06,"$8,273.70",22.00%,0.00,Canada,iHerb,0.00%,May 2020,20–25%
5/4/2020,BCAA,Amino Acid,146.00,$35.16,"$5,133.36",5.00%,3.00,Canada,iHerb,2.05%,May 2020,0–5%
5/4/2020,Creatine,Performance,156.00,$52.94,"$8,258.64",19.00%,1.00,Canada,Amazon,0.64%,May 2020,15–20%
5/4/2020,Zinc,Mineral,154.00,$43.68,"$6,726.72",4.00%,2.00,Canada,iHerb,1.30%,May 2020,0–5%
5/4/2020,Collagen Peptides,Protein,140.00,$18.26,"$2,556.40",0.00%,2.00,UK,iHerb,1.43%,May 2020,0–5%
5/4/2020,Magnesium,Mineral,159.00,$18.07,"$2,873.13",2.00%,0.00,UK,iHerb,0.00%,May 2020,0–5%
5/4/2020,Ashwagandha,Herbal,140.00,$15.27,"$2,137.80",6.00%,1.00,UK,Walmart,0.71%,May 2020,5–10%
5/4/2020,Melatonin,Sleep Aid,154.00,$12.89,"$1,985.06",10.00%,1.00,Canada,iHerb,0.65%,May 2020,5–10%
5/4/2020,Biotin,Vitamin,154.00,$30.79,"$4,741.66",11.00%,1.00,USA,Amazon,0.65%,May 2020,10–15%
5/4/2020,Green Tea Extract,Fat Burner,157.00,$18.58,"$2,917.06",13.00%,1.00,USA,iHerb,0.64%,May 2020,10–15%
5/4/2020,Iron Supplement,Mineral,166.00,$36.63,"$6,080.58",3.00%,2.00,USA,iHerb,1.20%,May 2020,0–5%
5/4/2020,Electrolyte Powder,Hydration,133.00,$17.14,"$2,279.62",17.00%,0.00,USA,Amazon,0.00%,May 2020,15–20%
5/11/2020,Whey Protein,Protein,146.00,$20.22,"$2,952.12",13.00%,1.00,Canada,iHerb,0.68%,May 2020,10–15%
5/11/2020,Vitamin C,Vitamin,127.00,$38.03,"$4,829.81",16.00%,2.00,USA,Amazon,1.57%,May 2020,15–20%
5/11/2020,Fish Oil,Omega,141.00,$46.17,"$6,509.97",13.00%,3.00,UK,iHerb,2.13%,May 2020,10–15%
5/11/2020,Multivitamin,Vitamin,163.00,$34.25,"$5,582.75",8.00%,3.00,Canada,Amazon,1.84%,May 2020,5–10%
5/11/2020,Pre-Workout,Performance,148.00,$52.75,"$7,807.00",22.00%,1.00,Canada,Amazon,0.68%,May 2020,20–25%
5/11/2020,BCAA,Amino Acid,128.00,$50.18,"$6,423.04",23.00%,0.00,USA,Walmart,0.00%,May 2020,20–25%
5/11/2020,Creatine,Performance,127.00,$29.47,"$3,742.69",14.00%,4.00,Canada,iHerb,3.15%,May 2020,10–15%
5/11/2020,Zinc,Mineral,127.00,$13.71,"$1,741.17",9.00%,2.00,USA,Walmart,1.57%,May 2020,5–10%
5/11/2020,Collagen Peptides,Protein,152.00,$21.01,"$3,193.52",9.00%,1.00,Canada,iHerb,0.66%,May 2020,5–10%
5/11/2020,Magnesium,Mineral,127.00,$33.21,"$4,217.67",18.00%,2.00,USA,iHerb,1.57%,May 2020,15–20%
5/11/2020,Ashwagandha,Herbal,158.00,$20.88,"$3,299.04",17.00%,1.00,Canada,Amazon,0.63%,May 2020,15–20%
5/11/2020,Melatonin,Sleep Aid,160.00,$13.32,"$2,131.20",19.00%,2.00,Canada,iHerb,1.25%,May 2020,15–20%
5/11/2020,Biotin,Vitamin,161.00,$50.15,"$8,074.15",13.00%,0.00,Canada,Walmart,0.00%,May 2020,10–15%
5/11/2020,Green Tea Extract,Fat Burner,156.00,$47.11,"$7,349.16",4.00%,0.00,Canada,iHerb,0.00%,May 2020,0–5%
5/11/2020,Iron Supplement,Mineral,168.00,$55.41,"$9,308.88",19.00%,2.00,USA,Walmart,1.19%,May 2020,15–20%
5/11/2020,Electrolyte Powder,Hydration,156.00,$38.94,"$6,074.64",16.00%,0.00,UK,iHerb,0.00%,May 2020,15–20%
5/18/2020,Whey Protein,Protein,149.00,$23.55,"$3,508.95",5.00%,1.00,USA,iHerb,0.67%,May 2020,0–5%
5/18/2020,Vitamin C,Vitamin,140.00,$31.24,"$4,373.60",23.00%,1.00,USA,iHerb,0.71%,May 2020,20–25%
5/18/2020,Fish Oil,Omega,138.00,$44.81,"$6,183.78",10.00%,2.00,Canada,Amazon,1.45%,May 2020,5–10%
5/18/2020,Multivitamin,Vitamin,156.00,$23.60,"$3,681.60",17.00%,1.00,Canada,iHerb,0.64%,May 2020,15–20%
5/18/2020,Pre-Workout,Performance,175.00,$26.23,"$4,590.25",7.00%,1.00,Canada,iHerb,0.57%,May 2020,5–10%
5/18/2020,BCAA,Amino Acid,157.00,$39.77,"$6,243.89",7.00%,2.00,UK,Amazon,1.27%,May 2020,5–10%
5/18/2020,Creatine,Performance,162.00,$48.04,"$7,782.48",5.00%,0.00,Canada,Walmart,0.00%,May 2020,0–5%
5/18/2020,Zinc,Mineral,157.00,$31.62,"$4,964.34",1.00%,1.00,Canada,Amazon,0.64%,May 2020,0–5%
5/18/2020,Collagen Peptides,Protein,140.00,$11.95,"$1,673.00",17.00%,1.00,UK,iHerb,0.71%,May 2020,15–20%
5/18/2020,Magnesium,Mineral,168.00,$26.26,"$4,411.68",23.00%,6.00,Canada,iHerb,3.57%,May 2020,20–25%
5/18/2020,Ashwagandha,Herbal,163.00,$22.45,"$3,659.35",14.00%,0.00,Canada,Walmart,0.00%,May 2020,10–15%
5/18/2020,Melatonin,Sleep Aid,144.00,$50.33,"$7,247.52",21.00%,6.00,USA,Amazon,4.17%,May 2020,20–25%
5/18/2020,Biotin,Vitamin,140.00,$30.56,"$4,278.40",3.00%,0.00,UK,iHerb,0.00%,May 2020,0–5%
5/18/2020,Green Tea Extract,Fat Burner,145.00,$38.31,"$5,554.95",8.00%,2.00,UK,Walmart,1.38%,May 2020,5–10%
5/18/2020,Iron Supplement,Mineral,140.00,$48.22,"$6,750.80",16.00%,2.00,Canada,Amazon,1.43%,May 2020,15–20%
5/18/2020,Electrolyte Powder,Hydration,154.00,$41.23,"$6,349.42",22.00%,2.00,USA,iHerb,1.30%,May 2020,20–25%
5/25/2020,Whey Protein,Protein,160.00,$45.37,"$7,259.20",10.00%,1.00,UK,Amazon,0.63%,May 2020,5–10%
5/25/2020,Vitamin C,Vitamin,153.00,$56.46,"$8,638.38",9.00%,1.00,UK,iHerb,0.65%,May 2020,5–10%
5/25/2020,Fish Oil,Omega,162.00,$39.66,"$6,424.92",1.00%,1.00,Canada,Amazon,0.62%,May 2020,0–5%
5/25/2020,Multivitamin,Vitamin,156.00,$28.66,"$4,470.96",24.00%,0.00,UK,Amazon,0.00%,May 2020,20–25%
5/25/2020,Pre-Workout,Performance,150.00,$44.86,"$6,729.00",16.00%,1.00,Canada,Amazon,0.67%,May 2020,15–20%
5/25/2020,BCAA,Amino Acid,136.00,$39.97,"$5,435.92",4.00%,2.00,Canada,Walmart,1.47%,May 2020,0–5%
5/25/2020,Creatine,Performance,148.00,$51.87,"$7,676.76",4.00%,0.00,UK,iHerb,0.00%,May 2020,0–5%
5/25/2020,Zinc,Mineral,161.00,$44.98,"$7,241.78",21.00%,3.00,UK,Amazon,1.86%,May 2020,20–25%
5/25/2020,Collagen Peptides,Protein,150.00,$17.68,"$2,652.00",14.00%,1.00,UK,Amazon,0.67%,May 2020,10–15%
5/25/2020,Magnesium,Mineral,171.00,$39.64,"$6,778.44",9.00%,0.00,Canada,Walmart,0.00%,May 2020,5–10%
5/25/2020,Ashwagandha,Herbal,129.00,$54.05,"$6,972.45",22.00%,2.00,USA,iHerb,1.55%,May 2020,20–25%
5/25/2020,Melatonin,Sleep Aid,139.00,$54.30,"$7,547.70",5.00%,2.00,USA,Amazon,1.44%,May 2020,0–5%
5/25/2020,Biotin,Vitamin,142.00,$59.86,"$8,500.12",1.00%,3.00,UK,iHerb,2.11%,May 2020,0–5%
5/25/2020,Green Tea Extract,Fat Burner,149.00,$13.12,"$1,954.88",8.00%,0.00,UK,Walmart,0.00%,May 2020,5–10%
5/25/2020,Iron Supplement,Mineral,130.00,$13.55,"$1,761.50",5.00%,0.00,Canada,Amazon,0.00%,May 2020,0–5%
5/25/2020,Electrolyte Powder,Hydration,149.00,$15.05,"$2,242.45",4.00%,0.00,UK,Amazon,0.00%,May 2020,0–5%
6/1/2020,Whey Protein,Protein,142.00,$26.31,"$3,736.02",7.00%,0.00,USA,iHerb,0.00%,Jun 2020,5–10%
6/1/2020,Vitamin C,Vitamin,134.00,$27.77,"$3,721.18",17.00%,0.00,UK,Walmart,0.00%,Jun 2020,15–20%
6/1/2020,Fish Oil,Omega,139.00,$17.35,"$2,411.65",9.00%,3.00,USA,iHerb,2.16%,Jun 2020,5–10%
6/1/2020,Multivitamin,Vitamin,136.00,$34.23,"$4,655.28",8.00%,1.00,Canada,Amazon,0.74%,Jun 2020,5–10%
6/1/2020,Pre-Workout,Performance,162.00,$39.03,"$6,322.86",13.00%,0.00,USA,Amazon,0.00%,Jun 2020,10–15%
6/1/2020,BCAA,Amino Acid,154.00,$34.39,"$5,296.06",2.00%,1.00,Canada,Walmart,0.65%,Jun 2020,0–5%
6/1/2020,Creatine,Performance,143.00,$12.85,"$1,837.55",10.00%,1.00,Canada,iHerb,0.70%,Jun 2020,5–10%
6/1/2020,Zinc,Mineral,158.00,$43.36,"$6,850.88",19.00%,3.00,Canada,Walmart,1.90%,Jun 2020,15–20%
6/1/2020,Collagen Peptides,Protein,143.00,$52.01,"$7,437.43",25.00%,3.00,UK,iHerb,2.10%,Jun 2020,20–25%
6/1/2020,Magnesium,Mineral,145.00,$34.47,"$4,998.15",19.00%,1.00,Canada,iHerb,0.69%,Jun 2020,15–20%
6/1/2020,Ashwagandha,Herbal,149.00,$28.07,"$4,182.43",21.00%,1.00,Canada,Amazon,0.67%,Jun 2020,20–25%
6/1/2020,Melatonin,Sleep Aid,144.00,$48.12,"$6,929.28",3.00%,0.00,Canada,iHerb,0.00%,Jun 2020,0–5%
6/1/2020,Biotin,Vitamin,178.00,$38.39,"$6,833.42",14.00%,2.00,UK,Walmart,1.12%,Jun 2020,10–15%
6/1/2020,Green Tea Extract,Fat Burner,155.00,$37.63,"$5,832.65",9.00%,2.00,Canada,iHerb,1.29%,Jun 2020,5–10%
6/1/2020,Iron Supplement,Mineral,135.00,$19.26,"$2,600.10",7.00%,0.00,Canada,Walmart,0.00%,Jun 2020,5–10%
6/1/2020,Electrolyte Powder,Hydration,137.00,$24.29,"$3,327.73",23.00%,4.00,USA,Amazon,2.92%,Jun 2020,20–25%
6/8/2020,Whey Protein,Protein,152.00,$28.73,"$4,366.96",20.00%,1.00,UK,Amazon,0.66%,Jun 2020,15–20%
6/8/2020,Vitamin C,Vitamin,130.00,$52.26,"$6,793.80",20.00%,0.00,USA,Walmart,0.00%,Jun 2020,15–20%
6/8/2020,Fish Oil,Omega,156.00,$20.91,"$3,261.96",22.00%,1.00,USA,Amazon,0.64%,Jun 2020,20–25%
6/8/2020,Multivitamin,Vitamin,141.00,$53.53,"$7,547.73",20.00%,2.00,Canada,Walmart,1.42%,Jun 2020,15–20%
6/8/2020,Pre-Workout,Performance,159.00,$32.92,"$5,234.28",9.00%,0.00,Canada,iHerb,0.00%,Jun 2020,5–10%
6/8/2020,BCAA,Amino Acid,149.00,$12.00,"$1,788.00",7.00%,0.00,UK,iHerb,0.00%,Jun 2020,5–10%
6/8/2020,Creatine,Performance,140.00,$33.40,"$4,676.00",12.00%,2.00,USA,Walmart,1.43%,Jun 2020,10–15%
6/8/2020,Zinc,Mineral,136.00,$31.50,"$4,284.00",15.00%,7.00,USA,Walmart,5.15%,Jun 2020,10–15%
6/8/2020,Collagen Peptides,Protein,160.00,$51.38,"$8,220.80",4.00%,0.00,USA,Walmart,0.00%,Jun 2020,0–5%
6/8/2020,Magnesium,Mineral,138.00,$35.53,"$4,903.14",15.00%,3.00,Canada,iHerb,2.17%,Jun 2020,10–15%
6/8/2020,Ashwagandha,Herbal,150.00,$12.51,"$1,876.50",1.00%,1.00,Canada,Amazon,0.67%,Jun 2020,0–5%
6/8/2020,Melatonin,Sleep Aid,148.00,$18.03,"$2,668.44",1.00%,1.00,UK,Amazon,0.68%,Jun 2020,0–5%
6/8/2020,Biotin,Vitamin,140.00,$46.23,"$6,472.20",3.00%,2.00,UK,Walmart,1.43%,Jun 2020,0–5%
6/8/2020,Green Tea Extract,Fat Burner,142.00,$28.99,"$4,116.58",20.00%,1.00,USA,Amazon,0.70%,Jun 2020,15–20%
6/8/2020,Iron Supplement,Mineral,159.00,$48.64,"$7,733.76",6.00%,2.00,Canada,Amazon,1.26%,Jun 2020,5–10%
6/8/2020,Electrolyte Powder,Hydration,152.00,$29.37,"$4,464.24",2.00%,0.00,USA,iHerb,0.00%,Jun 2020,0–5%
6/15/2020,Whey Protein,Protein,163.00,$48.76,"$7,947.88",6.00%,1.00,UK,iHerb,0.61%,Jun 2020,5–10%
6/15/2020,Vitamin C,Vitamin,156.00,$23.27,"$3,630.12",15.00%,2.00,USA,iHerb,1.28%,Jun 2020,10–15%
6/15/2020,Fish Oil,Omega,143.00,$57.36,"$8,202.48",22.00%,2.00,Canada,Amazon,1.40%,Jun 2020,20–25%
6/15/2020,Multivitamin,Vitamin,142.00,$58.17,"$8,260.14",0.00%,2.00,UK,Walmart,1.41%,Jun 2020,0–5%
6/15/2020,Pre-Workout,Performance,158.00,$59.51,"$9,402.58",8.00%,1.00,UK,Walmart,0.63%,Jun 2020,5–10%
6/15/2020,BCAA,Amino Acid,129.00,$23.05,"$2,973.45",9.00%,2.00,Canada,Walmart,1.55%,Jun 2020,5–10%
6/15/2020,Creatine,Performance,174.00,$28.63,"$4,981.62",23.00%,0.00,Canada,Walmart,0.00%,Jun 2020,20–25%
6/15/2020,Zinc,Mineral,130.00,$39.76,"$5,168.80",4.00%,4.00,Canada,Walmart,3.08%,Jun 2020,0–5%
6/15/2020,Collagen Peptides,Protein,148.00,$22.33,"$3,304.84",12.00%,2.00,USA,Amazon,1.35%,Jun 2020,10–15%
6/15/2020,Magnesium,Mineral,159.00,$38.89,"$6,183.51",23.00%,3.00,UK,iHerb,1.89%,Jun 2020,20–25%
6/15/2020,Ashwagandha,Herbal,160.00,$10.34,"$1,654.40",5.00%,2.00,USA,iHerb,1.25%,Jun 2020,0–5%
6/15/2020,Melatonin,Sleep Aid,147.00,$54.23,"$7,971.81",22.00%,3.00,USA,Walmart,2.04%,Jun 2020,20–25%
6/15/2020,Biotin,Vitamin,143.00,$23.58,"$3,371.94",5.00%,0.00,USA,iHerb,0.00%,Jun 2020,0–5%
6/15/2020,Green Tea Extract,Fat Burner,144.00,$51.55,"$7,423.20",3.00%,2.00,Canada,iHerb,1.39%,Jun 2020,0–5%
6/15/2020,Iron Supplement,Mineral,151.00,$34.64,"$5,230.64",7.00%,2.00,UK,Walmart,1.32%,Jun 2020,5–10%
6/15/2020,Electrolyte Powder,Hydration,148.00,$15.83,"$2,342.84",14.00%,3.00,USA,Walmart,2.03%,Jun 2020,10–15%
6/22/2020,Whey Protein,Protein,144.00,$42.93,"$6,181.92",23.00%,2.00,Canada,iHerb,1.39%,Jun 2020,20–25%
6/22/2020,Vitamin C,Vitamin,152.00,$54.92,"$8,347.84",10.00%,1.00,UK,Amazon,0.66%,Jun 2020,5–10%
6/22/2020,Fish Oil,Omega,162.00,$38.84,"$6,292.08",12.00%,0.00,UK,iHerb,0.00%,Jun 2020,10–15%
6/22/2020,Multivitamin,Vitamin,127.00,$46.94,"$5,961.38",1.00%,2.00,USA,iHerb,1.57%,Jun 2020,0–5%
6/22/2020,Pre-Workout,Performance,151.00,$18.63,"$2,813.13",14.00%,1.00,USA,Walmart,0.66%,Jun 2020,10–15%
6/22/2020,BCAA,Amino Acid,174.00,$59.18,"$10,297.32",6.00%,5.00,UK,iHerb,2.87%,Jun 2020,5–10%
6/22/2020,Creatine,Performance,148.00,$12.52,"$1,852.96",1.00%,2.00,UK,Amazon,1.35%,Jun 2020,0–5%
6/22/2020,Zinc,Mineral,148.00,$40.70,"$6,023.60",6.00%,2.00,UK,Amazon,1.35%,Jun 2020,5–10%
6/22/2020,Collagen Peptides,Protein,145.00,$51.03,"$7,399.35",12.00%,1.00,Canada,Walmart,0.69%,Jun 2020,10–15%
6/22/2020,Magnesium,Mineral,145.00,$26.41,"$3,829.45",5.00%,0.00,UK,iHerb,0.00%,Jun 2020,0–5%
6/22/2020,Ashwagandha,Herbal,149.00,$52.05,"$7,755.45",6.00%,1.00,Canada,iHerb,0.67%,Jun 2020,5–10%
6/22/2020,Melatonin,Sleep Aid,162.00,$29.23,"$4,735.26",11.00%,1.00,UK,Walmart,0.62%,Jun 2020,10–15%
6/22/2020,Biotin,Vitamin,173.00,$56.69,"$9,807.37",17.00%,2.00,UK,iHerb,1.16%,Jun 2020,15–20%
6/22/2020,Green Tea Extract,Fat Burner,147.00,$42.82,"$6,294.54",24.00%,1.00,USA,iHerb,0.68%,Jun 2020,20–25%
6/22/2020,Iron Supplement,Mineral,158.00,$30.88,"$4,879.04",3.00%,2.00,UK,iHerb,1.27%,Jun 2020,0–5%
6/22/2020,Electrolyte Powder,Hydration,174.00,$13.84,"$2,408.16",9.00%,2.00,UK,iHerb,1.15%,Jun 2020,5–10%
6/29/2020,Whey Protein,Protein,146.00,$50.73,"$7,406.58",15.00%,1.00,Canada,Walmart,0.68%,Jun 2020,10–15%
6/29/2020,Vitamin C,Vitamin,141.00,$27.74,"$3,911.34",10.00%,2.00,Canada,Amazon,1.42%,Jun 2020,5–10%
6/29/2020,Fish Oil,Omega,156.00,$29.76,"$4,642.56",5.00%,0.00,USA,Amazon,0.00%,Jun 2020,0–5%
6/29/2020,Multivitamin,Vitamin,163.00,$30.96,"$5,046.48",4.00%,3.00,USA,Amazon,1.84%,Jun 2020,0–5%
6/29/2020,Pre-Workout,Performance,152.00,$35.12,"$5,338.24",18.00%,4.00,USA,iHerb,2.63%,Jun 2020,15–20%
6/29/2020,BCAA,Amino Acid,139.00,$56.72,"$7,884.08",23.00%,2.00,UK,Walmart,1.44%,Jun 2020,20–25%
6/29/2020,Creatine,Performance,155.00,$47.62,"$7,381.10",13.00%,2.00,Canada,iHerb,1.29%,Jun 2020,10–15%
6/29/2020,Zinc,Mineral,147.00,$51.22,"$7,529.34",4.00%,3.00,UK,Walmart,2.04%,Jun 2020,0–5%
6/29/2020,Collagen Peptides,Protein,151.00,$31.57,"$4,767.07",9.00%,3.00,Canada,iHerb,1.99%,Jun 2020,5–10%
6/29/2020,Magnesium,Mineral,141.00,$34.20,"$4,822.20",13.00%,1.00,Canada,Amazon,0.71%,Jun 2020,10–15%
6/29/2020,Ashwagandha,Herbal,153.00,$11.96,"$1,829.88",7.00%,0.00,UK,Amazon,0.00%,Jun 2020,5–10%
6/29/2020,Melatonin,Sleep Aid,146.00,$27.29,"$3,984.34",17.00%,2.00,UK,Amazon,1.37%,Jun 2020,15–20%
6/29/2020,Biotin,Vitamin,176.00,$49.16,"$8,652.16",7.00%,5.00,Canada,iHerb,2.84%,Jun 2020,5–10%
6/29/2020,Green Tea Extract,Fat Burner,156.00,$16.02,"$2,499.12",23.00%,0.00,Canada,Walmart,0.00%,Jun 2020,20–25%
6/29/2020,Iron Supplement,Mineral,154.00,$25.36,"$3,905.44",14.00%,1.00,Canada,iHerb,0.65%,Jun 2020,10–15%
6/29/2020,Electrolyte Powder,Hydration,136.00,$30.91,"$4,203.76",19.00%,3.00,Canada,Amazon,2.21%,Jun 2020,15–20%
7/6/2020,Whey Protein,Protein,129.00,$15.01,"$1,936.29",0.00%,2.00,UK,iHerb,1.55%,Jul 2020,0–5%
7/6/2020,Vitamin C,Vitamin,154.00,$21.69,"$3,340.26",1.00%,3.00,Canada,Walmart,1.95%,Jul 2020,0–5%
7/6/2020,Fish Oil,Omega,140.00,$56.32,"$7,884.80",10.00%,0.00,USA,Amazon,0.00%,Jul 2020,5–10%
7/6/2020,Multivitamin,Vitamin,146.00,$39.16,"$5,717.36",0.00%,2.00,Canada,Walmart,1.37%,Jul 2020,0–5%
7/6/2020,Pre-Workout,Performance,143.00,$39.42,"$5,637.06",10.00%,4.00,UK,Walmart,2.80%,Jul 2020,5–10%
7/6/2020,BCAA,Amino Acid,151.00,$45.47,"$6,865.97",7.00%,3.00,Canada,iHerb,1.99%,Jul 2020,5–10%
7/6/2020,Creatine,Performance,145.00,$12.53,"$1,816.85",11.00%,3.00,USA,Amazon,2.07%,Jul 2020,10–15%
7/6/2020,Zinc,Mineral,162.00,$21.30,"$3,450.60",20.00%,4.00,UK,Walmart,2.47%,Jul 2020,15–20%
7/6/2020,Collagen Peptides,Protein,131.00,$26.87,"$3,519.97",22.00%,0.00,USA,Walmart,0.00%,Jul 2020,20–25%
7/6/2020,Magnesium,Mineral,139.00,$12.56,"$1,745.84",12.00%,1.00,UK,iHerb,0.72%,Jul 2020,10–15%
7/6/2020,Ashwagandha,Herbal,144.00,$36.50,"$5,256.00",4.00%,1.00,USA,iHerb,0.69%,Jul 2020,0–5%
7/6/2020,Melatonin,Sleep Aid,162.00,$17.69,"$2,865.78",4.00%,1.00,Canada,Walmart,0.62%,Jul 2020,0–5%
7/6/2020,Biotin,Vitamin,145.00,$43.98,"$6,377.10",1.00%,0.00,USA,Amazon,0.00%,Jul 2020,0–5%
7/6/2020,Green Tea Extract,Fat Burner,146.00,$19.67,"$2,871.82",16.00%,1.00,Canada,iHerb,0.68%,Jul 2020,15–20%
7/6/2020,Iron Supplement,Mineral,167.00,$24.86,"$4,151.62",6.00%,1.00,UK,Walmart,0.60%,Jul 2020,5–10%
7/6/2020,Electrolyte Powder,Hydration,140.00,$51.30,"$7,182.00",17.00%,2.00,USA,Amazon,1.43%,Jul 2020,15–20%
7/13/2020,Whey Protein,Protein,146.00,$46.90,"$6,847.40",9.00%,2.00,Canada,iHerb,1.37%,Jul 2020,5–10%
7/13/2020,Vitamin C,Vitamin,141.00,$59.63,"$8,407.83",4.00%,5.00,Canada,iHerb,3.55%,Jul 2020,0–5%
7/13/2020,Fish Oil,Omega,156.00,$53.31,"$8,316.36",7.00%,1.00,Canada,iHerb,0.64%,Jul 2020,5–10%
7/13/2020,Multivitamin,Vitamin,154.00,$31.37,"$4,830.98",8.00%,2.00,USA,Walmart,1.30%,Jul 2020,5–10%
7/13/2020,Pre-Workout,Performance,165.00,$56.72,"$9,358.80",17.00%,3.00,UK,Amazon,1.82%,Jul 2020,15–20%
7/13/2020,BCAA,Amino Acid,152.00,$10.81,"$1,643.12",20.00%,0.00,USA,iHerb,0.00%,Jul 2020,15–20%
7/13/2020,Creatine,Performance,142.00,$48.27,"$6,854.34",6.00%,3.00,UK,Amazon,2.11%,Jul 2020,5–10%
7/13/2020,Zinc,Mineral,132.00,$58.96,"$7,782.72",17.00%,2.00,Canada,iHerb,1.52%,Jul 2020,15–20%
7/13/2020,Collagen Peptides,Protein,144.00,$39.71,"$5,718.24",15.00%,2.00,UK,Walmart,1.39%,Jul 2020,10–15%
7/13/2020,Magnesium,Mineral,153.00,$23.80,"$3,641.40",19.00%,1.00,Canada,iHerb,0.65%,Jul 2020,15–20%
7/13/2020,Ashwagandha,Herbal,157.00,$41.27,"$6,479.39",19.00%,1.00,Canada,iHerb,0.64%,Jul 2020,15–20%
7/13/2020,Melatonin,Sleep Aid,125.00,$40.30,"$5,037.50",21.00%,0.00,Canada,Amazon,0.00%,Jul 2020,20–25%
7/13/2020,Biotin,Vitamin,159.00,$33.93,"$5,394.87",23.00%,1.00,Canada,iHerb,0.63%,Jul 2020,20–25%
7/13/2020,Green Tea Extract,Fat Burner,149.00,$14.08,"$2,097.92",6.00%,0.00,Canada,Walmart,0.00%,Jul 2020,5–10%
7/13/2020,Iron Supplement,Mineral,155.00,$37.41,"$5,798.55",4.00%,1.00,USA,Amazon,0.65%,Jul 2020,0–5%
7/13/2020,Electrolyte Powder,Hydration,153.00,$35.01,"$5,356.53",2.00%,0.00,Canada,Walmart,0.00%,Jul 2020,0–5%
7/20/2020,Whey Protein,Protein,154.00,$55.86,"$8,602.44",10.00%,0.00,UK,Walmart,0.00%,Jul 2020,5–10%
7/20/2020,Vitamin C,Vitamin,158.00,$36.27,"$5,730.66",17.00%,3.00,UK,Amazon,1.90%,Jul 2020,15–20%
7/20/2020,Fish Oil,Omega,161.00,$43.98,"$7,080.78",24.00%,1.00,Canada,Amazon,0.62%,Jul 2020,20–25%
7/20/2020,Multivitamin,Vitamin,139.00,$41.69,"$5,794.91",15.00%,0.00,USA,Amazon,0.00%,Jul 2020,10–15%
7/20/2020,Pre-Workout,Performance,158.00,$43.25,"$6,833.50",14.00%,1.00,Canada,Amazon,0.63%,Jul 2020,10–15%
7/20/2020,BCAA,Amino Acid,134.00,$51.58,"$6,911.72",23.00%,2.00,Canada,Amazon,1.49%,Jul 2020,20–25%
7/20/2020,Creatine,Performance,132.00,$46.45,"$6,131.40",19.00%,0.00,UK,Amazon,0.00%,Jul 2020,15–20%
7/20/2020,Zinc,Mineral,145.00,$10.64,"$1,542.80",14.00%,3.00,Canada,iHerb,2.07%,Jul 2020,10–15%
7/20/2020,Collagen Peptides,Protein,180.00,$35.72,"$6,429.60",2.00%,2.00,Canada,Walmart,1.11%,Jul 2020,0–5%
7/20/2020,Magnesium,Mineral,146.00,$29.44,"$4,298.24",6.00%,0.00,USA,Amazon,0.00%,Jul 2020,5–10%
7/20/2020,Ashwagandha,Herbal,143.00,$18.84,"$2,694.12",25.00%,1.00,USA,Amazon,0.70%,Jul 2020,20–25%
7/20/2020,Melatonin,Sleep Aid,151.00,$59.78,"$9,026.78",15.00%,3.00,UK,iHerb,1.99%,Jul 2020,10–15%
7/20/2020,Biotin,Vitamin,144.00,$30.14,"$4,340.16",17.00%,2.00,UK,Walmart,1.39%,Jul 2020,15–20%
7/20/2020,Green Tea Extract,Fat Burner,143.00,$41.62,"$5,951.66",3.00%,1.00,USA,iHerb,0.70%,Jul 2020,0–5%
7/20/2020,Iron Supplement,Mineral,157.00,$47.67,"$7,484.19",22.00%,1.00,USA,Amazon,0.64%,Jul 2020,20–25%
7/20/2020,Electrolyte Powder,Hydration,159.00,$19.33,"$3,073.47",1.00%,1.00,USA,iHerb,0.63%,Jul 2020,0–5%
7/27/2020,Whey Protein,Protein,148.00,$52.50,"$7,770.00",5.00%,0.00,UK,iHerb,0.00%,Jul 2020,0–5%
7/27/2020,Vitamin C,Vitamin,183.00,$33.92,"$6,207.36",15.00%,2.00,USA,Walmart,1.09%,Jul 2020,10–15%
7/27/2020,Fish Oil,Omega,130.00,$15.27,"$1,985.10",15.00%,1.00,Canada,iHerb,0.77%,Jul 2020,10–15%
7/27/2020,Multivitamin,Vitamin,140.00,$51.00,"$7,140.00",1.00%,1.00,USA,Amazon,0.71%,Jul 2020,0–5%
7/27/2020,Pre-Workout,Performance,157.00,$25.39,"$3,986.23",15.00%,3.00,Canada,Amazon,1.91%,Jul 2020,10–15%
7/27/2020,BCAA,Amino Acid,162.00,$46.51,"$7,534.62",9.00%,2.00,UK,iHerb,1.23%,Jul 2020,5–10%
7/27/2020,Creatine,Performance,149.00,$45.09,"$6,718.41",14.00%,1.00,USA,Walmart,0.67%,Jul 2020,10–15%
7/27/2020,Zinc,Mineral,170.00,$25.79,"$4,384.30",1.00%,3.00,USA,Walmart,1.76%,Jul 2020,0–5%
7/27/2020,Collagen Peptides,Protein,157.00,$43.78,"$6,873.46",10.00%,2.00,Canada,Amazon,1.27%,Jul 2020,5–10%
7/27/2020,Magnesium,Mineral,148.00,$56.74,"$8,397.52",6.00%,0.00,UK,iHerb,0.00%,Jul 2020,5–10%
7/27/2020,Ashwagandha,Herbal,153.00,$28.89,"$4,420.17",2.00%,1.00,USA,Amazon,0.65%,Jul 2020,0–5%
7/27/2020,Melatonin,Sleep Aid,150.00,$42.91,"$6,436.50",25.00%,1.00,Canada,iHerb,0.67%,Jul 2020,20–25%
7/27/2020,Biotin,Vitamin,145.00,$15.76,"$2,285.20",22.00%,1.00,USA,Amazon,0.69%,Jul 2020,20–25%
7/27/2020,Green Tea Extract,Fat Burner,146.00,$32.10,"$4,686.60",16.00%,0.00,USA,Walmart,0.00%,Jul 2020,15–20%
7/27/2020,Iron Supplement,Mineral,155.00,$17.57,"$2,723.35",12.00%,2.00,USA,Amazon,1.29%,Jul 2020,10–15%
7/27/2020,Electrolyte Powder,Hydration,153.00,$26.90,"$4,115.70",3.00%,1.00,UK,iHerb,0.65%,Jul 2020,0–5%
8/3/2020,Whey Protein,Protein,136.00,$20.44,"$2,779.84",1.00%,1.00,UK,Walmart,0.74%,Aug 2020,0–5%
8/3/2020,Vitamin C,Vitamin,153.00,$38.85,"$5,944.05",9.00%,3.00,Canada,Walmart,1.96%,Aug 2020,5–10%
8/3/2020,Fish Oil,Omega,151.00,$38.29,"$5,781.79",23.00%,1.00,USA,iHerb,0.66%,Aug 2020,20–25%
8/3/2020,Multivitamin,Vitamin,142.00,$17.57,"$2,494.94",11.00%,2.00,USA,Walmart,1.41%,Aug 2020,10–15%
8/3/2020,Pre-Workout,Performance,160.00,$51.42,"$8,227.20",2.00%,1.00,Canada,iHerb,0.63%,Aug 2020,0–5%
8/3/2020,BCAA,Amino Acid,155.00,$49.17,"$7,621.35",7.00%,4.00,Canada,Amazon,2.58%,Aug 2020,5–10%
8/3/2020,Creatine,Performance,134.00,$58.55,"$7,845.70",4.00%,2.00,UK,Amazon,1.49%,Aug 2020,0–5%
8/3/2020,Zinc,Mineral,119.00,$35.81,"$4,261.39",15.00%,3.00,USA,Amazon,2.52%,Aug 2020,10–15%
8/3/2020,Collagen Peptides,Protein,156.00,$50.48,"$7,874.88",24.00%,0.00,Canada,Walmart,0.00%,Aug 2020,20–25%
8/3/2020,Magnesium,Mineral,162.00,$16.61,"$2,690.82",11.00%,2.00,Canada,Amazon,1.23%,Aug 2020,10–15%
8/3/2020,Ashwagandha,Herbal,146.00,$39.97,"$5,835.62",23.00%,1.00,USA,Amazon,0.68%,Aug 2020,20–25%
8/3/2020,Melatonin,Sleep Aid,139.00,$12.42,"$1,726.38",21.00%,2.00,Canada,Amazon,1.44%,Aug 2020,20–25%
8/3/2020,Biotin,Vitamin,153.00,$49.99,"$7,648.47",14.00%,3.00,USA,Walmart,1.96%,Aug 2020,10–15%
8/3/2020,Green Tea Extract,Fat Burner,155.00,$39.93,"$6,189.15",10.00%,4.00,UK,Walmart,2.58%,Aug 2020,5–10%
8/3/2020,Iron Supplement,Mineral,151.00,$21.02,"$3,174.02",16.00%,2.00,Canada,Amazon,1.32%,Aug 2020,15–20%
8/3/2020,Electrolyte Powder,Hydration,137.00,$40.22,"$5,510.14",19.00%,1.00,Canada,Walmart,0.73%,Aug 2020,15–20%
8/10/2020,Whey Protein,Protein,139.00,$14.01,"$1,947.39",11.00%,0.00,Canada,iHerb,0.00%,Aug 2020,10–15%
8/10/2020,Vitamin C,Vitamin,137.00,$29.34,"$4,019.58",1.00%,1.00,Canada,Walmart,0.73%,Aug 2020,0–5%
8/10/2020,Fish Oil,Omega,150.00,$29.14,"$4,371.00",21.00%,0.00,UK,Amazon,0.00%,Aug 2020,20–25%
8/10/2020,Multivitamin,Vitamin,150.00,$13.56,"$2,034.00",14.00%,2.00,UK,Walmart,1.33%,Aug 2020,10–15%
8/10/2020,Pre-Workout,Performance,167.00,$57.99,"$9,684.33",1.00%,0.00,UK,iHerb,0.00%,Aug 2020,0–5%
8/10/2020,BCAA,Amino Acid,120.00,$37.06,"$4,447.20",16.00%,0.00,Canada,Walmart,0.00%,Aug 2020,15–20%
8/10/2020,Creatine,Performance,176.00,$24.83,"$4,370.08",2.00%,0.00,UK,iHerb,0.00%,Aug 2020,0–5%
8/10/2020,Zinc,Mineral,134.00,$35.93,"$4,814.62",6.00%,1.00,Canada,iHerb,0.75%,Aug 2020,5–10%
8/10/2020,Collagen Peptides,Protein,177.00,$29.11,"$5,152.47",14.00%,0.00,USA,Walmart,0.00%,Aug 2020,10–15%
8/10/2020,Magnesium,Mineral,155.00,$34.48,"$5,344.40",10.00%,0.00,Canada,Walmart,0.00%,Aug 2020,5–10%
8/10/2020,Ashwagandha,Herbal,144.00,$14.92,"$2,148.48",24.00%,2.00,UK,Amazon,1.39%,Aug 2020,20–25%
8/10/2020,Melatonin,Sleep Aid,158.00,$29.66,"$4,686.28",6.00%,0.00,USA,Walmart,0.00%,Aug 2020,5–10%
8/10/2020,Biotin,Vitamin,137.00,$43.88,"$6,011.56",14.00%,1.00,Canada,Amazon,0.73%,Aug 2020,10–15%
8/10/2020,Green Tea Extract,Fat Burner,171.00,$24.03,"$4,109.13",9.00%,3.00,USA,iHerb,1.75%,Aug 2020,5–10%
8/10/2020,Iron Supplement,Mineral,166.00,$21.23,"$3,524.18",10.00%,1.00,USA,Amazon,0.60%,Aug 2020,5–10%
8/10/2020,Electrolyte Powder,Hydration,162.00,$46.54,"$7,539.48",11.00%,2.00,USA,iHerb,1.23%,Aug 2020,10–15%
8/17/2020,Whey Protein,Protein,163.00,$53.32,"$8,691.16",1.00%,2.00,UK,iHerb,1.23%,Aug 2020,0–5%
8/17/2020,Vitamin C,Vitamin,135.00,$37.43,"$5,053.05",10.00%,1.00,Canada,iHerb,0.74%,Aug 2020,5–10%
8/17/2020,Fish Oil,Omega,156.00,$16.65,"$2,597.40",4.00%,4.00,Canada,iHerb,2.56%,Aug 2020,0–5%
8/17/2020,Multivitamin,Vitamin,145.00,$34.19,"$4,957.55",10.00%,1.00,USA,Walmart,0.69%,Aug 2020,5–10%
8/17/2020,Pre-Workout,Performance,153.00,$18.07,"$2,764.71",12.00%,2.00,UK,Walmart,1.31%,Aug 2020,10–15%
8/17/2020,BCAA,Amino Acid,152.00,$47.11,"$7,160.72",1.00%,1.00,UK,Amazon,0.66%,Aug 2020,0–5%
8/17/2020,Creatine,Performance,161.00,$23.06,"$3,712.66",17.00%,2.00,Canada,Walmart,1.24%,Aug 2020,15–20%
8/17/2020,Zinc,Mineral,162.00,$40.51,"$6,562.62",12.00%,0.00,Canada,Amazon,0.00%,Aug 2020,10–15%
8/17/2020,Collagen Peptides,Protein,141.00,$39.96,"$5,634.36",13.00%,1.00,USA,Amazon,0.71%,Aug 2020,10–15%
8/17/2020,Magnesium,Mineral,142.00,$11.20,"$1,590.40",15.00%,3.00,Canada,iHerb,2.11%,Aug 2020,10–15%
8/17/2020,Ashwagandha,Herbal,137.00,$14.57,"$1,996.09",16.00%,1.00,USA,Walmart,0.73%,Aug 2020,15–20%
8/17/2020,Melatonin,Sleep Aid,147.00,$54.83,"$8,060.01",5.00%,0.00,Canada,Walmart,0.00%,Aug 2020,0–5%
8/17/2020,Biotin,Vitamin,165.00,$54.53,"$8,997.45",15.00%,3.00,UK,iHerb,1.82%,Aug 2020,10–15%
8/17/2020,Green Tea Extract,Fat Burner,147.00,$55.65,"$8,180.55",14.00%,0.00,Canada,Walmart,0.00%,Aug 2020,10–15%
8/17/2020,Iron Supplement,Mineral,141.00,$22.34,"$3,149.94",8.00%,1.00,Canada,iHerb,0.71%,Aug 2020,5–10%
8/17/2020,Electrolyte Powder,Hydration,153.00,$40.77,"$6,237.81",2.00%,0.00,UK,iHerb,0.00%,Aug 2020,0–5%
8/24/2020,Whey Protein,Protein,137.00,$20.70,"$2,835.90",7.00%,1.00,UK,iHerb,0.73%,Aug 2020,5–10%
8/24/2020,Vitamin C,Vitamin,162.00,$42.47,"$6,880.14",17.00%,3.00,UK,Amazon,1.85%,Aug 2020,15–20%
8/24/2020,Fish Oil,Omega,173.00,$17.69,"$3,060.37",22.00%,1.00,Canada,Amazon,0.58%,Aug 2020,20–25%
8/24/2020,Multivitamin,Vitamin,152.00,$43.95,"$6,680.40",23.00%,6.00,UK,Amazon,3.95%,Aug 2020,20–25%
8/24/2020,Pre-Workout,Performance,158.00,$53.99,"$8,530.42",1.00%,1.00,USA,iHerb,0.63%,Aug 2020,0–5%
8/24/2020,BCAA,Amino Acid,168.00,$21.03,"$3,533.04",3.00%,3.00,UK,Amazon,1.79%,Aug 2020,0–5%
8/24/2020,Creatine,Performance,150.00,$21.95,"$3,292.50",19.00%,2.00,Canada,iHerb,1.33%,Aug 2020,15–20%
8/24/2020,Zinc,Mineral,143.00,$20.48,"$2,928.64",24.00%,2.00,UK,iHerb,1.40%,Aug 2020,20–25%
8/24/2020,Collagen Peptides,Protein,174.00,$49.09,"$8,541.66",19.00%,2.00,Canada,iHerb,1.15%,Aug 2020,15–20%
8/24/2020,Magnesium,Mineral,134.00,$46.47,"$6,226.98",14.00%,0.00,USA,Walmart,0.00%,Aug 2020,10–15%
8/24/2020,Ashwagandha,Herbal,150.00,$31.37,"$4,705.50",16.00%,2.00,USA,Amazon,1.33%,Aug 2020,15–20%
8/24/2020,Melatonin,Sleep Aid,140.00,$23.46,"$3,284.40",5.00%,2.00,USA,iHerb,1.43%,Aug 2020,0–5%
8/24/2020,Biotin,Vitamin,170.00,$47.56,"$8,085.20",22.00%,3.00,USA,Amazon,1.76%,Aug 2020,20–25%
8/24/2020,Green Tea Extract,Fat Burner,146.00,$13.12,"$1,915.52",12.00%,0.00,Canada,Walmart,0.00%,Aug 2020,10–15%
8/24/2020,Iron Supplement,Mineral,140.00,$50.44,"$7,061.60",22.00%,1.00,Canada,iHerb,0.71%,Aug 2020,20–25%
8/24/2020,Electrolyte Powder,Hydration,165.00,$48.23,"$7,957.95",4.00%,2.00,USA,Walmart,1.21%,Aug 2020,0–5%
8/31/2020,Whey Protein,Protein,176.00,$26.58,"$4,678.08",13.00%,2.00,USA,Walmart,1.14%,Aug 2020,10–15%
8/31/2020,Vitamin C,Vitamin,150.00,$25.60,"$3,840.00",20.00%,3.00,USA,Amazon,2.00%,Aug 2020,15–20%
8/31/2020,Fish Oil,Omega,144.00,$47.59,"$6,852.96",20.00%,4.00,UK,Amazon,2.78%,Aug 2020,15–20%
8/31/2020,Multivitamin,Vitamin,143.00,$16.58,"$2,370.94",18.00%,2.00,UK,Amazon,1.40%,Aug 2020,15–20%
8/31/2020,Pre-Workout,Performance,156.00,$53.65,"$8,369.40",4.00%,0.00,UK,Amazon,0.00%,Aug 2020,0–5%
8/31/2020,BCAA,Amino Acid,158.00,$52.45,"$8,287.10",10.00%,0.00,Canada,Amazon,0.00%,Aug 2020,5–10%
8/31/2020,Creatine,Performance,164.00,$19.46,"$3,191.44",18.00%,2.00,Canada,Walmart,1.22%,Aug 2020,15–20%
8/31/2020,Zinc,Mineral,154.00,$51.44,"$7,921.76",21.00%,2.00,UK,Walmart,1.30%,Aug 2020,20–25%
8/31/2020,Collagen Peptides,Protein,132.00,$43.55,"$5,748.60",17.00%,1.00,UK,Walmart,0.76%,Aug 2020,15–20%
8/31/2020,Magnesium,Mineral,167.00,$15.63,"$2,610.21",10.00%,3.00,USA,iHerb,1.80%,Aug 2020,5–10%
8/31/2020,Ashwagandha,Herbal,156.00,$23.53,"$3,670.68",6.00%,4.00,Canada,iHerb,2.56%,Aug 2020,5–10%
8/31/2020,Melatonin,Sleep Aid,142.00,$29.66,"$4,211.72",3.00%,0.00,USA,iHerb,0.00%,Aug 2020,0–5%
8/31/2020,Biotin,Vitamin,151.00,$28.46,"$4,297.46",9.00%,1.00,USA,Amazon,0.66%,Aug 2020,5–10%
8/31/2020,Green Tea Extract,Fat Burner,151.00,$54.00,"$8,154.00",13.00%,1.00,USA,iHerb,0.66%,Aug 2020,10–15%
8/31/2020,Iron Supplement,Mineral,140.00,$43.16,"$6,042.40",15.00%,1.00,Canada,iHerb,0.71%,Aug 2020,10–15%
8/31/2020,Electrolyte Powder,Hydration,147.00,$19.79,"$2,909.13",21.00%,2.00,Canada,Amazon,1.36%,Aug 2020,20–25%
9/7/2020,Whey Protein,Protein,147.00,$22.83,"$3,356.01",19.00%,1.00,UK,Amazon,0.68%,Sep 2020,15–20%
9/7/2020,Vitamin C,Vitamin,143.00,$59.79,"$8,549.97",11.00%,3.00,USA,iHerb,2.10%,Sep 2020,10–15%
9/7/2020,Fish Oil,Omega,144.00,$20.21,"$2,910.24",10.00%,0.00,Canada,iHerb,0.00%,Sep 2020,5–10%
9/7/2020,Multivitamin,Vitamin,164.00,$18.39,"$3,015.96",3.00%,0.00,USA,Amazon,0.00%,Sep 2020,0–5%
9/7/2020,Pre-Workout,Performance,147.00,$35.62,"$5,236.14",9.00%,1.00,UK,iHerb,0.68%,Sep 2020,5–10%
9/7/2020,BCAA,Amino Acid,154.00,$15.53,"$2,391.62",1.00%,5.00,Canada,Walmart,3.25%,Sep 2020,0–5%
9/7/2020,Creatine,Performance,140.00,$19.49,"$2,728.60",1.00%,1.00,USA,iHerb,0.71%,Sep 2020,0–5%
9/7/2020,Zinc,Mineral,162.00,$32.21,"$5,218.02",17.00%,1.00,USA,Walmart,0.62%,Sep 2020,15–20%
9/7/2020,Collagen Peptides,Protein,165.00,$10.50,"$1,732.50",19.00%,1.00,USA,Amazon,0.61%,Sep 2020,15–20%
9/7/2020,Magnesium,Mineral,140.00,$59.61,"$8,345.40",21.00%,0.00,USA,iHerb,0.00%,Sep 2020,20–25%
9/7/2020,Ashwagandha,Herbal,158.00,$10.35,"$1,635.30",10.00%,1.00,USA,Walmart,0.63%,Sep 2020,5–10%
9/7/2020,Melatonin,Sleep Aid,163.00,$51.38,"$8,374.94",0.00%,1.00,Canada,Walmart,0.61%,Sep 2020,0–5%
9/7/2020,Biotin,Vitamin,140.00,$13.41,"$1,877.40",5.00%,1.00,USA,Amazon,0.71%,Sep 2020,0–5%
9/7/2020,Green Tea Extract,Fat Burner,142.00,$28.84,"$4,095.28",22.00%,3.00,USA,Amazon,2.11%,Sep 2020,20–25%
9/7/2020,Iron Supplement,Mineral,150.00,$15.34,"$2,301.00",24.00%,0.00,USA,Amazon,0.00%,Sep 2020,20–25%
9/7/2020,Electrolyte Powder,Hydration,142.00,$26.02,"$3,694.84",4.00%,2.00,Canada,Amazon,1.41%,Sep 2020,0–5%
9/14/2020,Whey Protein,Protein,133.00,$16.19,"$2,153.27",2.00%,3.00,USA,Amazon,2.26%,Sep 2020,0–5%
9/14/2020,Vitamin C,Vitamin,138.00,$37.23,"$5,137.74",2.00%,4.00,UK,Walmart,2.90%,Sep 2020,0–5%
9/14/2020,Fish Oil,Omega,140.00,$18.44,"$2,581.60",21.00%,0.00,UK,iHerb,0.00%,Sep 2020,20–25%
9/14/2020,Multivitamin,Vitamin,150.00,$56.74,"$8,511.00",23.00%,3.00,UK,Walmart,2.00%,Sep 2020,20–25%
9/14/2020,Pre-Workout,Performance,167.00,$24.21,"$4,043.07",7.00%,1.00,UK,Walmart,0.60%,Sep 2020,5–10%
9/14/2020,BCAA,Amino Acid,146.00,$17.99,"$2,626.54",17.00%,0.00,Canada,Walmart,0.00%,Sep 2020,15–20%
9/14/2020,Creatine,Performance,143.00,$49.82,"$7,124.26",18.00%,2.00,USA,iHerb,1.40%,Sep 2020,15–20%
9/14/2020,Zinc,Mineral,136.00,$14.37,"$1,954.32",9.00%,1.00,Canada,Walmart,0.74%,Sep 2020,5–10%
9/14/2020,Collagen Peptides,Protein,118.00,$57.78,"$6,818.04",24.00%,1.00,USA,Amazon,0.85%,Sep 2020,20–25%
9/14/2020,Magnesium,Mineral,120.00,$29.61,"$3,553.20",24.00%,0.00,UK,Amazon,0.00%,Sep 2020,20–25%
9/14/2020,Ashwagandha,Herbal,160.00,$59.06,"$9,449.60",10.00%,2.00,Canada,Amazon,1.25%,Sep 2020,5–10%
9/14/2020,Melatonin,Sleep Aid,144.00,$19.60,"$2,822.40",4.00%,3.00,USA,Amazon,2.08%,Sep 2020,0–5%
9/14/2020,Biotin,Vitamin,171.00,$41.27,"$7,057.17",20.00%,0.00,USA,Amazon,0.00%,Sep 2020,15–20%
9/14/2020,Green Tea Extract,Fat Burner,144.00,$41.78,"$6,016.32",9.00%,0.00,UK,iHerb,0.00%,Sep 2020,5–10%
9/14/2020,Iron Supplement,Mineral,153.00,$29.11,"$4,453.83",3.00%,0.00,UK,iHerb,0.00%,Sep 2020,0–5%
9/14/2020,Electrolyte Powder,Hydration,140.00,$42.14,"$5,899.60",15.00%,2.00,UK,Walmart,1.43%,Sep 2020,10–15%
9/21/2020,Whey Protein,Protein,145.00,$20.20,"$2,929.00",12.00%,2.00,Canada,iHerb,1.38%,Sep 2020,10–15%
9/21/2020,Vitamin C,Vitamin,137.00,$54.18,"$7,422.66",9.00%,2.00,Canada,Amazon,1.46%,Sep 2020,5–10%
9/21/2020,Fish Oil,Omega,143.00,$40.49,"$5,790.07",6.00%,1.00,USA,Walmart,0.70%,Sep 2020,5–10%
9/21/2020,Multivitamin,Vitamin,129.00,$24.90,"$3,212.10",2.00%,3.00,Canada,Amazon,2.33%,Sep 2020,0–5%
9/21/2020,Pre-Workout,Performance,133.00,$56.30,"$7,487.90",4.00%,4.00,UK,Walmart,3.01%,Sep 2020,0–5%
9/21/2020,BCAA,Amino Acid,138.00,$37.33,"$5,151.54",22.00%,1.00,USA,Amazon,0.72%,Sep 2020,20–25%
9/21/2020,Creatine,Performance,151.00,$18.31,"$2,764.81",23.00%,1.00,UK,Walmart,0.66%,Sep 2020,20–25%
9/21/2020,Zinc,Mineral,145.00,$26.94,"$3,906.30",24.00%,2.00,USA,iHerb,1.38%,Sep 2020,20–25%
9/21/2020,Collagen Peptides,Protein,153.00,$12.48,"$1,909.44",6.00%,1.00,USA,iHerb,0.65%,Sep 2020,5–10%
9/21/2020,Magnesium,Mineral,139.00,$55.96,"$7,778.44",11.00%,1.00,Canada,iHerb,0.72%,Sep 2020,10–15%
9/21/2020,Ashwagandha,Herbal,182.00,$34.45,"$6,269.90",9.00%,4.00,USA,Walmart,2.20%,Sep 2020,5–10%
9/21/2020,Melatonin,Sleep Aid,152.00,$50.59,"$7,689.68",9.00%,1.00,UK,Walmart,0.66%,Sep 2020,5–10%
9/21/2020,Biotin,Vitamin,164.00,$49.70,"$8,150.80",24.00%,2.00,USA,Amazon,1.22%,Sep 2020,20–25%
9/21/2020,Green Tea Extract,Fat Burner,159.00,$52.25,"$8,307.75",10.00%,0.00,UK,Walmart,0.00%,Sep 2020,5–10%
9/21/2020,Iron Supplement,Mineral,146.00,$32.52,"$4,747.92",19.00%,1.00,UK,Amazon,0.68%,Sep 2020,15–20%
9/21/2020,Electrolyte Powder,Hydration,155.00,$47.47,"$7,357.85",14.00%,0.00,UK,iHerb,0.00%,Sep 2020,10–15%
9/28/2020,Whey Protein,Protein,142.00,$34.13,"$4,846.46",5.00%,4.00,UK,iHerb,2.82%,Sep 2020,0–5%
9/28/2020,Vitamin C,Vitamin,147.00,$54.90,"$8,070.30",13.00%,2.00,Canada,Amazon,1.36%,Sep 2020,10–15%
9/28/2020,Fish Oil,Omega,141.00,$16.17,"$2,279.97",5.00%,0.00,UK,Amazon,0.00%,Sep 2020,0–5%
9/28/2020,Multivitamin,Vitamin,140.00,$51.95,"$7,273.00",14.00%,0.00,UK,Amazon,0.00%,Sep 2020,10–15%
9/28/2020,Pre-Workout,Performance,158.00,$46.56,"$7,356.48",19.00%,4.00,Canada,Amazon,2.53%,Sep 2020,15–20%
9/28/2020,BCAA,Amino Acid,153.00,$42.42,"$6,490.26",2.00%,3.00,UK,Amazon,1.96%,Sep 2020,0–5%
9/28/2020,Creatine,Performance,133.00,$50.79,"$6,755.07",15.00%,1.00,UK,Walmart,0.75%,Sep 2020,10–15%
9/28/2020,Zinc,Mineral,149.00,$27.00,"$4,023.00",22.00%,0.00,USA,iHerb,0.00%,Sep 2020,20–25%
9/28/2020,Collagen Peptides,Protein,161.00,$19.09,"$3,073.49",11.00%,0.00,Canada,iHerb,0.00%,Sep 2020,10–15%
9/28/2020,Magnesium,Mineral,158.00,$41.77,"$6,599.66",5.00%,1.00,UK,Walmart,0.63%,Sep 2020,0–5%
9/28/2020,Ashwagandha,Herbal,119.00,$37.99,"$4,520.81",21.00%,2.00,UK,Walmart,1.68%,Sep 2020,20–25%
9/28/2020,Melatonin,Sleep Aid,148.00,$45.96,"$6,802.08",23.00%,1.00,USA,Amazon,0.68%,Sep 2020,20–25%
9/28/2020,Biotin,Vitamin,141.00,$46.30,"$6,528.30",3.00%,1.00,UK,Amazon,0.71%,Sep 2020,0–5%
9/28/2020,Green Tea Extract,Fat Burner,151.00,$40.03,"$6,044.53",4.00%,1.00,Canada,iHerb,0.66%,Sep 2020,0–5%
9/28/2020,Iron Supplement,Mineral,158.00,$48.11,"$7,601.38",15.00%,0.00,USA,iHerb,0.00%,Sep 2020,10–15%
9/28/2020,Electrolyte Powder,Hydration,156.00,$40.12,"$6,258.72",12.00%,1.00,Canada,Walmart,0.64%,Sep 2020,10–15%
10/5/2020,Whey Protein,Protein,144.00,$19.88,"$2,862.72",20.00%,0.00,USA,iHerb,0.00%,Oct 2020,15–20%
10/5/2020,Vitamin C,Vitamin,130.00,$42.92,"$5,579.60",11.00%,1.00,USA,Amazon,0.77%,Oct 2020,10–15%
10/5/2020,Fish Oil,Omega,152.00,$56.64,"$8,609.28",23.00%,1.00,UK,iHerb,0.66%,Oct 2020,20–25%
10/5/2020,Multivitamin,Vitamin,144.00,$11.84,"$1,704.96",12.00%,1.00,Canada,iHerb,0.69%,Oct 2020,10–15%
10/5/2020,Pre-Workout,Performance,171.00,$37.64,"$6,436.44",19.00%,1.00,UK,iHerb,0.58%,Oct 2020,15–20%
10/5/2020,BCAA,Amino Acid,130.00,$35.90,"$4,667.00",15.00%,0.00,UK,Walmart,0.00%,Oct 2020,10–15%
10/5/2020,Creatine,Performance,149.00,$13.74,"$2,047.26",3.00%,3.00,USA,Amazon,2.01%,Oct 2020,0–5%
10/5/2020,Zinc,Mineral,140.00,$35.25,"$4,935.00",19.00%,0.00,UK,iHerb,0.00%,Oct 2020,15–20%
10/5/2020,Collagen Peptides,Protein,153.00,$11.82,"$1,808.46",1.00%,3.00,USA,iHerb,1.96%,Oct 2020,0–5%
10/5/2020,Magnesium,Mineral,133.00,$31.89,"$4,241.37",21.00%,0.00,USA,iHerb,0.00%,Oct 2020,20–25%
10/5/2020,Ashwagandha,Herbal,147.00,$32.45,"$4,770.15",14.00%,2.00,USA,Walmart,1.36%,Oct 2020,10–15%
10/5/2020,Melatonin,Sleep Aid,144.00,$15.33,"$2,207.52",9.00%,0.00,Canada,Amazon,0.00%,Oct 2020,5–10%
10/5/2020,Biotin,Vitamin,154.00,$24.26,"$3,736.04",16.00%,1.00,UK,Walmart,0.65%,Oct 2020,15–20%
10/5/2020,Green Tea Extract,Fat Burner,149.00,$24.10,"$3,590.90",8.00%,3.00,UK,iHerb,2.01%,Oct 2020,5–10%
10/5/2020,Iron Supplement,Mineral,124.00,$55.64,"$6,899.36",15.00%,1.00,UK,iHerb,0.81%,Oct 2020,10–15%
10/5/2020,Electrolyte Powder,Hydration,140.00,$52.60,"$7,364.00",14.00%,1.00,USA,iHerb,0.71%,Oct 2020,10–15%
10/12/2020,Whey Protein,Protein,131.00,$58.18,"$7,621.58",9.00%,1.00,USA,Walmart,0.76%,Oct 2020,5–10%
10/12/2020,Vitamin C,Vitamin,129.00,$56.63,"$7,305.27",14.00%,0.00,Canada,iHerb,0.00%,Oct 2020,10–15%
10/12/2020,Fish Oil,Omega,153.00,$30.32,"$4,638.96",22.00%,2.00,UK,Walmart,1.31%,Oct 2020,20–25%
10/12/2020,Multivitamin,Vitamin,168.00,$16.56,"$2,782.08",8.00%,1.00,USA,iHerb,0.60%,Oct 2020,5–10%
10/12/2020,Pre-Workout,Performance,170.00,$43.82,"$7,449.40",8.00%,1.00,Canada,Walmart,0.59%,Oct 2020,5–10%
10/12/2020,BCAA,Amino Acid,160.00,$21.29,"$3,406.40",15.00%,0.00,Canada,iHerb,0.00%,Oct 2020,10–15%
10/12/2020,Creatine,Performance,144.00,$17.40,"$2,505.60",25.00%,0.00,UK,iHerb,0.00%,Oct 2020,20–25%
10/12/2020,Zinc,Mineral,134.00,$48.45,"$6,492.30",11.00%,1.00,Canada,Walmart,0.75%,Oct 2020,10–15%
10/12/2020,Collagen Peptides,Protein,148.00,$54.26,"$8,030.48",2.00%,1.00,UK,iHerb,0.68%,Oct 2020,0–5%
10/12/2020,Magnesium,Mineral,170.00,$51.48,"$8,751.60",3.00%,4.00,USA,Amazon,2.35%,Oct 2020,0–5%
10/12/2020,Ashwagandha,Herbal,156.00,$56.91,"$8,877.96",7.00%,1.00,Canada,Amazon,0.64%,Oct 2020,5–10%
10/12/2020,Melatonin,Sleep Aid,157.00,$56.47,"$8,865.79",5.00%,3.00,Canada,iHerb,1.91%,Oct 2020,0–5%
10/12/2020,Biotin,Vitamin,159.00,$29.36,"$4,668.24",7.00%,1.00,UK,Walmart,0.63%,Oct 2020,5–10%
10/12/2020,Green Tea Extract,Fat Burner,146.00,$31.73,"$4,632.58",22.00%,0.00,USA,iHerb,0.00%,Oct 2020,20–25%
10/12/2020,Iron Supplement,Mineral,177.00,$26.31,"$4,656.87",19.00%,1.00,UK,iHerb,0.56%,Oct 2020,15–20%
10/12/2020,Electrolyte Powder,Hydration,154.00,$47.12,"$7,256.48",6.00%,0.00,USA,Amazon,0.00%,Oct 2020,5–10%
10/19/2020,Whey Protein,Protein,143.00,$18.40,"$2,631.20",9.00%,1.00,Canada,Walmart,0.70%,Oct 2020,5–10%
10/19/2020,Vitamin C,Vitamin,124.00,$54.22,"$6,723.28",4.00%,1.00,UK,Walmart,0.81%,Oct 2020,0–5%
10/19/2020,Fish Oil,Omega,156.00,$45.05,"$7,027.80",10.00%,1.00,UK,iHerb,0.64%,Oct 2020,5–10%
10/19/2020,Multivitamin,Vitamin,156.00,$28.41,"$4,431.96",24.00%,1.00,UK,Amazon,0.64%,Oct 2020,20–25%
10/19/2020,Pre-Workout,Performance,150.00,$45.86,"$6,879.00",15.00%,2.00,USA,iHerb,1.33%,Oct 2020,10–15%
10/19/2020,BCAA,Amino Acid,166.00,$33.76,"$5,604.16",10.00%,4.00,UK,Walmart,2.41%,Oct 2020,5–10%
10/19/2020,Creatine,Performance,157.00,$53.15,"$8,344.55",12.00%,0.00,UK,iHerb,0.00%,Oct 2020,10–15%
10/19/2020,Zinc,Mineral,152.00,$53.89,"$8,191.28",5.00%,3.00,USA,Walmart,1.97%,Oct 2020,0–5%
10/19/2020,Collagen Peptides,Protein,152.00,$58.59,"$8,905.68",13.00%,1.00,USA,Amazon,0.66%,Oct 2020,10–15%
10/19/2020,Magnesium,Mineral,149.00,$25.25,"$3,762.25",5.00%,0.00,USA,Amazon,0.00%,Oct 2020,0–5%
10/19/2020,Ashwagandha,Herbal,142.00,$33.58,"$4,768.36",6.00%,0.00,UK,iHerb,0.00%,Oct 2020,5–10%
10/19/2020,Melatonin,Sleep Aid,144.00,$27.15,"$3,909.60",25.00%,1.00,USA,iHerb,0.69%,Oct 2020,20–25%
10/19/2020,Biotin,Vitamin,137.00,$33.02,"$4,523.74",18.00%,4.00,Canada,iHerb,2.92%,Oct 2020,15–20%
10/19/2020,Green Tea Extract,Fat Burner,122.00,$46.02,"$5,614.44",7.00%,0.00,UK,Amazon,0.00%,Oct 2020,5–10%
10/19/2020,Iron Supplement,Mineral,118.00,$48.72,"$5,748.96",3.00%,1.00,UK,iHerb,0.85%,Oct 2020,0–5%
10/19/2020,Electrolyte Powder,Hydration,154.00,$11.36,"$1,749.44",20.00%,0.00,Canada,iHerb,0.00%,Oct 2020,15–20%
10/26/2020,Whey Protein,Protein,148.00,$33.85,"$5,009.80",10.00%,3.00,UK,iHerb,2.03%,Oct 2020,5–10%
10/26/2020,Vitamin C,Vitamin,168.00,$40.75,"$6,846.00",23.00%,4.00,USA,Amazon,2.38%,Oct 2020,20–25%
10/26/2020,Fish Oil,Omega,150.00,$23.93,"$3,589.50",24.00%,0.00,USA,iHerb,0.00%,Oct 2020,20–25%
10/26/2020,Multivitamin,Vitamin,153.00,$23.95,"$3,664.35",10.00%,6.00,Canada,Walmart,3.92%,Oct 2020,5–10%
10/26/2020,Pre-Workout,Performance,124.00,$14.13,"$1,752.12",4.00%,1.00,UK,Amazon,0.81%,Oct 2020,0–5%
10/26/2020,BCAA,Amino Acid,150.00,$25.82,"$3,873.00",2.00%,1.00,Canada,Walmart,0.67%,Oct 2020,0–5%
10/26/2020,Creatine,Performance,144.00,$55.48,"$7,989.12",0.00%,2.00,USA,Walmart,1.39%,Oct 2020,0–5%
10/26/2020,Zinc,Mineral,177.00,$18.07,"$3,198.39",24.00%,2.00,USA,iHerb,1.13%,Oct 2020,20–25%
10/26/2020,Collagen Peptides,Protein,148.00,$46.66,"$6,905.68",25.00%,1.00,USA,Amazon,0.68%,Oct 2020,20–25%
10/26/2020,Magnesium,Mineral,151.00,$30.28,"$4,572.28",4.00%,4.00,Canada,Amazon,2.65%,Oct 2020,0–5%
10/26/2020,Ashwagandha,Herbal,165.00,$40.16,"$6,626.40",6.00%,2.00,USA,iHerb,1.21%,Oct 2020,5–10%
10/26/2020,Melatonin,Sleep Aid,157.00,$59.51,"$9,343.07",15.00%,1.00,Canada,iHerb,0.64%,Oct 2020,10–15%
10/26/2020,Biotin,Vitamin,160.00,$29.23,"$4,676.80",9.00%,1.00,UK,iHerb,0.63%,Oct 2020,5–10%
10/26/2020,Green Tea Extract,Fat Burner,161.00,$49.70,"$8,001.70",14.00%,1.00,UK,Amazon,0.62%,Oct 2020,10–15%
10/26/2020,Iron Supplement,Mineral,162.00,$21.22,"$3,437.64",13.00%,1.00,UK,Amazon,0.62%,Oct 2020,10–15%
10/26/2020,Electrolyte Powder,Hydration,150.00,$58.35,"$8,752.50",14.00%,3.00,UK,iHerb,2.00%,Oct 2020,10–15%
11/2/2020,Whey Protein,Protein,135.00,$53.40,"$7,209.00",15.00%,2.00,Canada,Amazon,1.48%,Nov 2020,10–15%
11/2/2020,Vitamin C,Vitamin,145.00,$32.90,"$4,770.50",10.00%,3.00,UK,iHerb,2.07%,Nov 2020,5–10%
11/2/2020,Fish Oil,Omega,181.00,$27.40,"$4,959.40",22.00%,5.00,UK,iHerb,2.76%,Nov 2020,20–25%
11/2/2020,Multivitamin,Vitamin,148.00,$36.30,"$5,372.40",17.00%,1.00,Canada,Walmart,0.68%,Nov 2020,15–20%
11/2/2020,Pre-Workout,Performance,159.00,$12.46,"$1,981.14",10.00%,1.00,Canada,Walmart,0.63%,Nov 2020,5–10%
11/2/2020,BCAA,Amino Acid,143.00,$26.04,"$3,723.72",5.00%,1.00,USA,iHerb,0.70%,Nov 2020,0–5%
11/2/2020,Creatine,Performance,148.00,$59.17,"$8,757.16",6.00%,2.00,Canada,Amazon,1.35%,Nov 2020,5–10%
11/2/2020,Zinc,Mineral,158.00,$14.43,"$2,279.94",17.00%,0.00,USA,iHerb,0.00%,Nov 2020,15–20%
11/2/2020,Collagen Peptides,Protein,153.00,$20.55,"$3,144.15",21.00%,0.00,Canada,Amazon,0.00%,Nov 2020,20–25%
11/2/2020,Magnesium,Mineral,164.00,$20.88,"$3,424.32",3.00%,4.00,USA,Walmart,2.44%,Nov 2020,0–5%
11/2/2020,Ashwagandha,Herbal,128.00,$27.39,"$3,505.92",16.00%,1.00,USA,Amazon,0.78%,Nov 2020,15–20%
11/2/2020,Melatonin,Sleep Aid,134.00,$21.94,"$2,939.96",5.00%,1.00,UK,iHerb,0.75%,Nov 2020,0–5%
11/2/2020,Biotin,Vitamin,157.00,$28.33,"$4,447.81",10.00%,4.00,Canada,Walmart,2.55%,Nov 2020,5–10%
11/2/2020,Green Tea Extract,Fat Burner,140.00,$25.85,"$3,619.00",7.00%,1.00,USA,Amazon,0.71%,Nov 2020,5–10%
11/2/2020,Iron Supplement,Mineral,164.00,$44.36,"$7,275.04",8.00%,0.00,UK,Amazon,0.00%,Nov 2020,5–10%
11/2/2020,Electrolyte Powder,Hydration,157.00,$30.46,"$4,782.22",8.00%,2.00,UK,Amazon,1.27%,Nov 2020,5–10%
11/9/2020,Whey Protein,Protein,160.00,$50.58,"$8,092.80",7.00%,1.00,Canada,Amazon,0.63%,Nov 2020,5–10%
11/9/2020,Vitamin C,Vitamin,158.00,$59.37,"$9,380.46",6.00%,2.00,USA,iHerb,1.27%,Nov 2020,5–10%
11/9/2020,Fish Oil,Omega,154.00,$17.82,"$2,744.28",19.00%,2.00,UK,Walmart,1.30%,Nov 2020,15–20%
11/9/2020,Multivitamin,Vitamin,142.00,$26.69,"$3,789.98",14.00%,3.00,Canada,Amazon,2.11%,Nov 2020,10–15%
11/9/2020,Pre-Workout,Performance,152.00,$35.94,"$5,462.88",1.00%,1.00,Canada,Amazon,0.66%,Nov 2020,0–5%
11/9/2020,BCAA,Amino Acid,150.00,$19.09,"$2,863.50",13.00%,1.00,Canada,Amazon,0.67%,Nov 2020,10–15%
11/9/2020,Creatine,Performance,141.00,$16.66,"$2,349.06",23.00%,3.00,UK,Amazon,2.13%,Nov 2020,20–25%
11/9/2020,Zinc,Mineral,158.00,$48.79,"$7,708.82",20.00%,2.00,UK,Amazon,1.27%,Nov 2020,15–20%
11/9/2020,Collagen Peptides,Protein,133.00,$51.72,"$6,878.76",14.00%,2.00,UK,iHerb,1.50%,Nov 2020,10–15%
11/9/2020,Magnesium,Mineral,148.00,$11.72,"$1,734.56",16.00%,0.00,USA,iHerb,0.00%,Nov 2020,15–20%
11/9/2020,Ashwagandha,Herbal,148.00,$37.27,"$5,515.96",3.00%,2.00,UK,Walmart,1.35%,Nov 2020,0–5%
11/9/2020,Melatonin,Sleep Aid,161.00,$15.22,"$2,450.42",4.00%,3.00,Canada,iHerb,1.86%,Nov 2020,0–5%
11/9/2020,Biotin,Vitamin,151.00,$15.34,"$2,316.34",16.00%,3.00,Canada,iHerb,1.99%,Nov 2020,15–20%
11/9/2020,Green Tea Extract,Fat Burner,163.00,$13.76,"$2,242.88",3.00%,0.00,UK,Amazon,0.00%,Nov 2020,0–5%
11/9/2020,Iron Supplement,Mineral,141.00,$23.00,"$3,243.00",10.00%,3.00,USA,Amazon,2.13%,Nov 2020,5–10%
11/9/2020,Electrolyte Powder,Hydration,154.00,$45.52,"$7,010.08",3.00%,2.00,Canada,iHerb,1.30%,Nov 2020,0–5%
11/16/2020,Whey Protein,Protein,142.00,$27.05,"$3,841.10",25.00%,1.00,UK,Walmart,0.70%,Nov 2020,20–25%
11/16/2020,Vitamin C,Vitamin,142.00,$11.23,"$1,594.66",17.00%,2.00,Canada,Amazon,1.41%,Nov 2020,15–20%
11/16/2020,Fish Oil,Omega,194.00,$51.09,"$9,911.46",16.00%,2.00,USA,iHerb,1.03%,Nov 2020,15–20%
11/16/2020,Multivitamin,Vitamin,134.00,$59.12,"$7,922.08",23.00%,1.00,UK,iHerb,0.75%,Nov 2020,20–25%
11/16/2020,Pre-Workout,Performance,118.00,$51.32,"$6,055.76",18.00%,1.00,UK,iHerb,0.85%,Nov 2020,15–20%
11/16/2020,BCAA,Amino Acid,124.00,$33.45,"$4,147.80",23.00%,1.00,Canada,iHerb,0.81%,Nov 2020,20–25%
11/16/2020,Creatine,Performance,143.00,$13.30,"$1,901.90",24.00%,1.00,Canada,Amazon,0.70%,Nov 2020,20–25%
11/16/2020,Zinc,Mineral,149.00,$44.13,"$6,575.37",17.00%,2.00,Canada,Walmart,1.34%,Nov 2020,15–20%
11/16/2020,Collagen Peptides,Protein,141.00,$16.26,"$2,292.66",16.00%,0.00,USA,iHerb,0.00%,Nov 2020,15–20%
11/16/2020,Magnesium,Mineral,153.00,$54.54,"$8,344.62",11.00%,1.00,UK,Walmart,0.65%,Nov 2020,10–15%
11/16/2020,Ashwagandha,Herbal,128.00,$51.06,"$6,535.68",6.00%,1.00,USA,iHerb,0.78%,Nov 2020,5–10%
11/16/2020,Melatonin,Sleep Aid,140.00,$19.62,"$2,746.80",3.00%,3.00,Canada,Amazon,2.14%,Nov 2020,0–5%
11/16/2020,Biotin,Vitamin,163.00,$12.44,"$2,027.72",21.00%,1.00,UK,iHerb,0.61%,Nov 2020,20–25%
11/16/2020,Green Tea Extract,Fat Burner,144.00,$14.57,"$2,098.08",19.00%,2.00,Canada,iHerb,1.39%,Nov 2020,15–20%
11/16/2020,Iron Supplement,Mineral,137.00,$19.21,"$2,631.77",1.00%,1.00,Canada,Walmart,0.73%,Nov 2020,0–5%
11/16/2020,Electrolyte Powder,Hydration,164.00,$12.45,"$2,041.80",14.00%,3.00,UK,iHerb,1.83%,Nov 2020,10–15%
11/23/2020,Whey Protein,Protein,144.00,$39.82,"$5,734.08",7.00%,0.00,UK,Amazon,0.00%,Nov 2020,5–10%
11/23/2020,Vitamin C,Vitamin,159.00,$39.04,"$6,207.36",19.00%,2.00,UK,iHerb,1.26%,Nov 2020,15–20%
11/23/2020,Fish Oil,Omega,138.00,$16.31,"$2,250.78",3.00%,2.00,UK,Walmart,1.45%,Nov 2020,0–5%
11/23/2020,Multivitamin,Vitamin,155.00,$15.28,"$2,368.40",20.00%,2.00,USA,Walmart,1.29%,Nov 2020,15–20%
11/23/2020,Pre-Workout,Performance,154.00,$45.16,"$6,954.64",21.00%,0.00,Canada,Amazon,0.00%,Nov 2020,20–25%
11/23/2020,BCAA,Amino Acid,159.00,$24.31,"$3,865.29",16.00%,1.00,USA,Amazon,0.63%,Nov 2020,15–20%
11/23/2020,Creatine,Performance,181.00,$38.99,"$7,057.19",4.00%,2.00,UK,Amazon,1.10%,Nov 2020,0–5%
11/23/2020,Zinc,Mineral,137.00,$34.72,"$4,756.64",23.00%,0.00,Canada,Walmart,0.00%,Nov 2020,20–25%
11/23/2020,Collagen Peptides,Protein,135.00,$35.03,"$4,729.05",23.00%,0.00,Canada,iHerb,0.00%,Nov 2020,20–25%
11/23/2020,Magnesium,Mineral,155.00,$17.84,"$2,765.20",17.00%,2.00,UK,Amazon,1.29%,Nov 2020,15–20%
11/23/2020,Ashwagandha,Herbal,160.00,$32.40,"$5,184.00",10.00%,5.00,USA,Amazon,3.13%,Nov 2020,5–10%
11/23/2020,Melatonin,Sleep Aid,142.00,$27.73,"$3,937.66",14.00%,1.00,UK,Amazon,0.70%,Nov 2020,10–15%
11/23/2020,Biotin,Vitamin,170.00,$54.79,"$9,314.30",3.00%,2.00,UK,Amazon,1.18%,Nov 2020,0–5%
11/23/2020,Green Tea Extract,Fat Burner,169.00,$58.42,"$9,872.98",11.00%,4.00,Canada,Amazon,2.37%,Nov 2020,10–15%
11/23/2020,Iron Supplement,Mineral,156.00,$19.42,"$3,029.52",8.00%,0.00,USA,Amazon,0.00%,Nov 2020,5–10%
11/23/2020,Electrolyte Powder,Hydration,135.00,$31.15,"$4,205.25",20.00%,0.00,UK,Walmart,0.00%,Nov 2020,15–20%
11/30/2020,Whey Protein,Protein,134.00,$19.86,"$2,661.24",2.00%,0.00,Canada,Walmart,0.00%,Nov 2020,0–5%
11/30/2020,Vitamin C,Vitamin,172.00,$27.70,"$4,764.40",16.00%,2.00,UK,iHerb,1.16%,Nov 2020,15–20%
11/30/2020,Fish Oil,Omega,156.00,$41.44,"$6,464.64",7.00%,0.00,Canada,Amazon,0.00%,Nov 2020,5–10%
11/30/2020,Multivitamin,Vitamin,148.00,$38.47,"$5,693.56",21.00%,5.00,Canada,Amazon,3.38%,Nov 2020,20–25%
11/30/2020,Pre-Workout,Performance,136.00,$43.71,"$5,944.56",24.00%,4.00,Canada,iHerb,2.94%,Nov 2020,20–25%
11/30/2020,BCAA,Amino Acid,157.00,$49.93,"$7,839.01",3.00%,2.00,Canada,iHerb,1.27%,Nov 2020,0–5%
11/30/2020,Creatine,Performance,170.00,$41.53,"$7,060.10",11.00%,1.00,UK,Amazon,0.59%,Nov 2020,10–15%
11/30/2020,Zinc,Mineral,143.00,$56.81,"$8,123.83",24.00%,0.00,UK,iHerb,0.00%,Nov 2020,20–25%
11/30/2020,Collagen Peptides,Protein,166.00,$22.64,"$3,758.24",2.00%,1.00,UK,Amazon,0.60%,Nov 2020,0–5%
11/30/2020,Magnesium,Mineral,170.00,$46.05,"$7,828.50",6.00%,2.00,USA,Walmart,1.18%,Nov 2020,5–10%
11/30/2020,Ashwagandha,Herbal,154.00,$51.15,"$7,877.10",6.00%,2.00,UK,Walmart,1.30%,Nov 2020,5–10%
11/30/2020,Melatonin,Sleep Aid,147.00,$15.37,"$2,259.39",0.00%,3.00,Canada,Walmart,2.04%,Nov 2020,0–5%
11/30/2020,Biotin,Vitamin,141.00,$59.97,"$8,455.77",5.00%,1.00,Canada,iHerb,0.71%,Nov 2020,0–5%
11/30/2020,Green Tea Extract,Fat Burner,170.00,$49.76,"$8,459.20",3.00%,5.00,USA,Walmart,2.94%,Nov 2020,0–5%
11/30/2020,Iron Supplement,Mineral,184.00,$24.97,"$4,594.48",3.00%,1.00,Canada,Walmart,0.54%,Nov 2020,0–5%
11/30/2020,Electrolyte Powder,Hydration,163.00,$14.42,"$2,350.46",9.00%,5.00,USA,Amazon,3.07%,Nov 2020,5–10%
12/7/2020,Whey Protein,Protein,155.00,$18.33,"$2,841.15",25.00%,3.00,USA,Walmart,1.94%,Dec 2020,20–25%
12/7/2020,Vitamin C,Vitamin,142.00,$12.83,"$1,821.86",3.00%,1.00,UK,iHerb,0.70%,Dec 2020,0–5%
12/7/2020,Fish Oil,Omega,172.00,$52.15,"$8,969.80",11.00%,2.00,USA,Amazon,1.16%,Dec 2020,10–15%
12/7/2020,Multivitamin,Vitamin,159.00,$28.06,"$4,461.54",16.00%,0.00,Canada,Walmart,0.00%,Dec 2020,15–20%
12/7/2020,Pre-Workout,Performance,145.00,$59.81,"$8,672.45",12.00%,2.00,USA,Amazon,1.38%,Dec 2020,10–15%
12/7/2020,BCAA,Amino Acid,148.00,$39.77,"$5,885.96",22.00%,1.00,Canada,iHerb,0.68%,Dec 2020,20–25%
12/7/2020,Creatine,Performance,154.00,$30.87,"$4,753.98",4.00%,0.00,Canada,Amazon,0.00%,Dec 2020,0–5%
12/7/2020,Zinc,Mineral,140.00,$46.80,"$6,552.00",8.00%,1.00,UK,iHerb,0.71%,Dec 2020,5–10%
12/7/2020,Collagen Peptides,Protein,147.00,$17.19,"$2,526.93",0.00%,0.00,Canada,Amazon,0.00%,Dec 2020,0–5%
12/7/2020,Magnesium,Mineral,153.00,$35.90,"$5,492.70",0.00%,1.00,UK,Walmart,0.65%,Dec 2020,0–5%
12/7/2020,Ashwagandha,Herbal,158.00,$46.61,"$7,364.38",6.00%,3.00,UK,Amazon,1.90%,Dec 2020,5–10%
12/7/2020,Melatonin,Sleep Aid,153.00,$21.84,"$3,341.52",16.00%,3.00,USA,iHerb,1.96%,Dec 2020,15–20%
12/7/2020,Biotin,Vitamin,147.00,$53.35,"$7,842.45",17.00%,1.00,Canada,Walmart,0.68%,Dec 2020,15–20%
12/7/2020,Green Tea Extract,Fat Burner,150.00,$41.34,"$6,201.00",9.00%,5.00,Canada,iHerb,3.33%,Dec 2020,5–10%
12/7/2020,Iron Supplement,Mineral,149.00,$38.29,"$5,705.21",23.00%,2.00,Canada,Amazon,1.34%,Dec 2020,20–25%
12/7/2020,Electrolyte Powder,Hydration,148.00,$39.31,"$5,817.88",12.00%,0.00,UK,Walmart,0.00%,Dec 2020,10–15%
12/14/2020,Whey Protein,Protein,149.00,$55.74,"$8,305.26",8.00%,4.00,UK,iHerb,2.68%,Dec 2020,5–10%
12/14/2020,Vitamin C,Vitamin,151.00,$37.15,"$5,609.65",3.00%,1.00,USA,Amazon,0.66%,Dec 2020,0–5%
12/14/2020,Fish Oil,Omega,131.00,$32.34,"$4,236.54",19.00%,0.00,Canada,Amazon,0.00%,Dec 2020,15–20%
12/14/2020,Multivitamin,Vitamin,136.00,$56.33,"$7,660.88",18.00%,1.00,UK,Amazon,0.74%,Dec 2020,15–20%
12/14/2020,Pre-Workout,Performance,151.00,$59.23,"$8,943.73",17.00%,1.00,Canada,iHerb,0.66%,Dec 2020,15–20%
12/14/2020,BCAA,Amino Acid,153.00,$58.29,"$8,918.37",4.00%,2.00,USA,Walmart,1.31%,Dec 2020,0–5%
12/14/2020,Creatine,Performance,140.00,$48.84,"$6,837.60",17.00%,2.00,USA,Amazon,1.43%,Dec 2020,15–20%
12/14/2020,Zinc,Mineral,168.00,$26.55,"$4,460.40",6.00%,5.00,UK,Walmart,2.98%,Dec 2020,5–10%
12/14/2020,Collagen Peptides,Protein,146.00,$44.24,"$6,459.04",5.00%,1.00,UK,Walmart,0.68%,Dec 2020,0–5%
12/14/2020,Magnesium,Mineral,142.00,$21.72,"$3,084.24",0.00%,3.00,UK,iHerb,2.11%,Dec 2020,0–5%
12/14/2020,Ashwagandha,Herbal,185.00,$26.93,"$4,982.05",0.00%,2.00,USA,Amazon,1.08%,Dec 2020,0–5%
12/14/2020,Melatonin,Sleep Aid,163.00,$17.98,"$2,930.74",20.00%,2.00,Canada,iHerb,1.23%,Dec 2020,15–20%
12/14/2020,Biotin,Vitamin,143.00,$48.49,"$6,934.07",20.00%,1.00,USA,iHerb,0.70%,Dec 2020,15–20%
12/14/2020,Green Tea Extract,Fat Burner,177.00,$48.59,"$8,600.43",12.00%,4.00,Canada,iHerb,2.26%,Dec 2020,10–15%
12/14/2020,Iron Supplement,Mineral,169.00,$56.82,"$9,602.58",21.00%,3.00,UK,iHerb,1.78%,Dec 2020,20–25%
12/14/2020,Electrolyte Powder,Hydration,138.00,$52.51,"$7,246.38",7.00%,4.00,USA,Amazon,2.90%,Dec 2020,5–10%
12/21/2020,Whey Protein,Protein,122.00,$36.88,"$4,499.36",14.00%,1.00,Canada,iHerb,0.82%,Dec 2020,10–15%
12/21/2020,Vitamin C,Vitamin,120.00,$10.70,"$1,284.00",14.00%,3.00,Canada,Walmart,2.50%,Dec 2020,10–15%
12/21/2020,Fish Oil,Omega,156.00,$10.66,"$1,662.96",14.00%,1.00,UK,Walmart,0.64%,Dec 2020,10–15%
12/21/2020,Multivitamin,Vitamin,150.00,$44.22,"$6,633.00",13.00%,2.00,USA,Walmart,1.33%,Dec 2020,10–15%
12/21/2020,Pre-Workout,Performance,149.00,$42.41,"$6,319.09",4.00%,3.00,USA,Walmart,2.01%,Dec 2020,0–5%
12/21/2020,BCAA,Amino Acid,154.00,$58.12,"$8,950.48",13.00%,0.00,UK,Amazon,0.00%,Dec 2020,10–15%
12/21/2020,Creatine,Performance,154.00,$50.18,"$7,727.72",20.00%,4.00,UK,iHerb,2.60%,Dec 2020,15–20%
12/21/2020,Zinc,Mineral,150.00,$47.67,"$7,150.50",3.00%,1.00,Canada,iHerb,0.67%,Dec 2020,0–5%
12/21/2020,Collagen Peptides,Protein,152.00,$30.90,"$4,696.80",21.00%,3.00,USA,Amazon,1.97%,Dec 2020,20–25%
12/21/2020,Magnesium,Mineral,131.00,$23.13,"$3,030.03",22.00%,0.00,Canada,iHerb,0.00%,Dec 2020,20–25%
12/21/2020,Ashwagandha,Herbal,158.00,$41.16,"$6,503.28",9.00%,2.00,USA,iHerb,1.27%,Dec 2020,5–10%
12/21/2020,Melatonin,Sleep Aid,140.00,$21.78,"$3,049.20",18.00%,3.00,Canada,Amazon,2.14%,Dec 2020,15–20%
12/21/2020,Biotin,Vitamin,134.00,$39.68,"$5,317.12",3.00%,1.00,UK,iHerb,0.75%,Dec 2020,0–5%
12/21/2020,Green Tea Extract,Fat Burner,136.00,$47.94,"$6,519.84",3.00%,1.00,USA,Walmart,0.74%,Dec 2020,0–5%
12/21/2020,Iron Supplement,Mineral,150.00,$36.78,"$5,517.00",10.00%,3.00,UK,Amazon,2.00%,Dec 2020,5–10%
12/21/2020,Electrolyte Powder,Hydration,150.00,$34.52,"$5,178.00",21.00%,3.00,UK,Amazon,2.00%,Dec 2020,20–25%
12/28/2020,Whey Protein,Protein,146.00,$34.60,"$5,051.60",14.00%,1.00,USA,Amazon,0.68%,Dec 2020,10–15%
12/28/2020,Vitamin C,Vitamin,161.00,$26.70,"$4,298.70",3.00%,1.00,UK,Amazon,0.62%,Dec 2020,0–5%
12/28/2020,Fish Oil,Omega,177.00,$18.44,"$3,263.88",12.00%,1.00,Canada,iHerb,0.56%,Dec 2020,10–15%
12/28/2020,Multivitamin,Vitamin,151.00,$27.83,"$4,202.33",11.00%,4.00,USA,Amazon,2.65%,Dec 2020,10–15%
12/28/2020,Pre-Workout,Performance,146.00,$22.17,"$3,236.82",11.00%,2.00,Canada,Walmart,1.37%,Dec 2020,10–15%
12/28/2020,BCAA,Amino Acid,138.00,$11.06,"$1,526.28",10.00%,2.00,UK,iHerb,1.45%,Dec 2020,5–10%
12/28/2020,Creatine,Performance,144.00,$20.25,"$2,916.00",19.00%,0.00,USA,iHerb,0.00%,Dec 2020,15–20%
12/28/2020,Zinc,Mineral,165.00,$53.72,"$8,863.80",9.00%,2.00,USA,Amazon,1.21%,Dec 2020,5–10%
12/28/2020,Collagen Peptides,Protein,143.00,$16.33,"$2,335.19",4.00%,1.00,Canada,Amazon,0.70%,Dec 2020,0–5%
12/28/2020,Magnesium,Mineral,129.00,$57.19,"$7,377.51",24.00%,1.00,Canada,Walmart,0.78%,Dec 2020,20–25%
12/28/2020,Ashwagandha,Herbal,172.00,$23.49,"$4,040.28",18.00%,2.00,UK,Amazon,1.16%,Dec 2020,15–20%
12/28/2020,Melatonin,Sleep Aid,156.00,$15.68,"$2,446.08",0.00%,7.00,UK,Walmart,4.49%,Dec 2020,0–5%
12/28/2020,Biotin,Vitamin,162.00,$35.49,"$5,749.38",8.00%,0.00,USA,Amazon,0.00%,Dec 2020,5–10%
12/28/2020,Green Tea Extract,Fat Burner,142.00,$47.82,"$6,790.44",13.00%,0.00,USA,Amazon,0.00%,Dec 2020,10–15%
12/28/2020,Iron Supplement,Mineral,147.00,$41.87,"$6,154.89",20.00%,1.00,USA,Walmart,0.68%,Dec 2020,15–20%
12/28/2020,Electrolyte Powder,Hydration,145.00,$53.80,"$7,801.00",20.00%,0.00,USA,iHerb,0.00%,Dec 2020,15–20%
1/4/2021,Whey Protein,Protein,150.00,$41.25,"$6,187.50",24.00%,2.00,UK,iHerb,1.33%,Jan 2021,20–25%
1/4/2021,Vitamin C,Vitamin,151.00,$13.15,"$1,985.65",5.00%,0.00,Canada,iHerb,0.00%,Jan 2021,0–5%
1/4/2021,Fish Oil,Omega,159.00,$16.80,"$2,671.20",21.00%,0.00,UK,Amazon,0.00%,Jan 2021,20–25%
1/4/2021,Multivitamin,Vitamin,143.00,$28.62,"$4,092.66",6.00%,1.00,USA,iHerb,0.70%,Jan 2021,5–10%
1/4/2021,Pre-Workout,Performance,147.00,$12.80,"$1,881.60",4.00%,0.00,UK,iHerb,0.00%,Jan 2021,0–5%
1/4/2021,BCAA,Amino Acid,154.00,$51.82,"$7,980.28",13.00%,1.00,UK,iHerb,0.65%,Jan 2021,10–15%
1/4/2021,Creatine,Performance,152.00,$19.88,"$3,021.76",8.00%,2.00,USA,Walmart,1.32%,Jan 2021,5–10%
1/4/2021,Zinc,Mineral,139.00,$58.51,"$8,132.89",1.00%,2.00,USA,iHerb,1.44%,Jan 2021,0–5%
1/4/2021,Collagen Peptides,Protein,161.00,$16.78,"$2,701.58",4.00%,2.00,UK,iHerb,1.24%,Jan 2021,0–5%
1/4/2021,Magnesium,Mineral,155.00,$56.87,"$8,814.85",17.00%,0.00,Canada,Walmart,0.00%,Jan 2021,15–20%
1/4/2021,Ashwagandha,Herbal,140.00,$20.47,"$2,865.80",2.00%,2.00,USA,Amazon,1.43%,Jan 2021,0–5%
1/4/2021,Melatonin,Sleep Aid,146.00,$42.51,"$6,206.46",2.00%,4.00,UK,Amazon,2.74%,Jan 2021,0–5%
1/4/2021,Biotin,Vitamin,141.00,$30.11,"$4,245.51",1.00%,1.00,USA,iHerb,0.71%,Jan 2021,0–5%
1/4/2021,Green Tea Extract,Fat Burner,133.00,$27.54,"$3,662.82",19.00%,2.00,UK,Amazon,1.50%,Jan 2021,15–20%
1/4/2021,Iron Supplement,Mineral,136.00,$28.67,"$3,899.12",4.00%,2.00,UK,Walmart,1.47%,Jan 2021,0–5%
1/4/2021,Electrolyte Powder,Hydration,158.00,$28.34,"$4,477.72",3.00%,2.00,Canada,iHerb,1.27%,Jan 2021,0–5%
1/11/2021,Whey Protein,Protein,161.00,$38.93,"$6,267.73",23.00%,2.00,USA,iHerb,1.24%,Jan 2021,20–25%
1/11/2021,Vitamin C,Vitamin,137.00,$52.16,"$7,145.92",16.00%,2.00,UK,Amazon,1.46%,Jan 2021,15–20%
1/11/2021,Fish Oil,Omega,171.00,$37.21,"$6,362.91",19.00%,3.00,Canada,Walmart,1.75%,Jan 2021,15–20%
1/11/2021,Multivitamin,Vitamin,154.00,$49.87,"$7,679.98",18.00%,0.00,UK,iHerb,0.00%,Jan 2021,15–20%
1/11/2021,Pre-Workout,Performance,149.00,$26.87,"$4,003.63",0.00%,1.00,Canada,Amazon,0.67%,Jan 2021,0–5%
1/11/2021,BCAA,Amino Acid,152.00,$43.17,"$6,561.84",21.00%,0.00,Canada,Walmart,0.00%,Jan 2021,20–25%
1/11/2021,Creatine,Performance,133.00,$17.83,"$2,371.39",24.00%,2.00,Canada,Walmart,1.50%,Jan 2021,20–25%
1/11/2021,Zinc,Mineral,131.00,$41.91,"$5,490.21",9.00%,3.00,UK,iHerb,2.29%,Jan 2021,5–10%
1/11/2021,Collagen Peptides,Protein,126.00,$39.54,"$4,982.04",16.00%,0.00,Canada,Walmart,0.00%,Jan 2021,15–20%
1/11/2021,Magnesium,Mineral,145.00,$19.75,"$2,863.75",21.00%,1.00,USA,iHerb,0.69%,Jan 2021,20–25%
1/11/2021,Ashwagandha,Herbal,160.00,$20.38,"$3,260.80",14.00%,3.00,USA,iHerb,1.88%,Jan 2021,10–15%
1/11/2021,Melatonin,Sleep Aid,148.00,$32.61,"$4,826.28",4.00%,1.00,USA,Amazon,0.68%,Jan 2021,0–5%
1/11/2021,Biotin,Vitamin,178.00,$53.40,"$9,505.20",22.00%,1.00,Canada,Walmart,0.56%,Jan 2021,20–25%
1/11/2021,Green Tea Extract,Fat Burner,129.00,$25.58,"$3,299.82",20.00%,1.00,USA,Walmart,0.78%,Jan 2021,15–20%
1/11/2021,Iron Supplement,Mineral,149.00,$29.12,"$4,338.88",11.00%,1.00,USA,iHerb,0.67%,Jan 2021,10–15%
1/11/2021,Electrolyte Powder,Hydration,145.00,$50.44,"$7,313.80",9.00%,1.00,USA,Amazon,0.69%,Jan 2021,5–10%
1/18/2021,Whey Protein,Protein,156.00,$23.88,"$3,725.28",23.00%,2.00,Canada,Walmart,1.28%,Jan 2021,20–25%
1/18/2021,Vitamin C,Vitamin,153.00,$11.46,"$1,753.38",15.00%,1.00,USA,Walmart,0.65%,Jan 2021,10–15%
1/18/2021,Fish Oil,Omega,152.00,$14.07,"$2,138.64",5.00%,4.00,USA,Amazon,2.63%,Jan 2021,0–5%
1/18/2021,Multivitamin,Vitamin,147.00,$12.64,"$1,858.08",1.00%,2.00,UK,iHerb,1.36%,Jan 2021,0–5%
1/18/2021,Pre-Workout,Performance,151.00,$22.16,"$3,346.16",19.00%,0.00,Canada,Amazon,0.00%,Jan 2021,15–20%
1/18/2021,BCAA,Amino Acid,138.00,$24.31,"$3,354.78",6.00%,2.00,USA,iHerb,1.45%,Jan 2021,5–10%
1/18/2021,Creatine,Performance,155.00,$30.89,"$4,787.95",2.00%,1.00,UK,Walmart,0.65%,Jan 2021,0–5%
1/18/2021,Zinc,Mineral,158.00,$35.91,"$5,673.78",1.00%,2.00,UK,iHerb,1.27%,Jan 2021,0–5%
1/18/2021,Collagen Peptides,Protein,151.00,$57.25,"$8,644.75",17.00%,0.00,Canada,Amazon,0.00%,Jan 2021,15–20%
1/18/2021,Magnesium,Mineral,149.00,$33.49,"$4,990.01",11.00%,2.00,USA,Walmart,1.34%,Jan 2021,10–15%
1/18/2021,Ashwagandha,Herbal,145.00,$35.19,"$5,102.55",21.00%,2.00,USA,Amazon,1.38%,Jan 2021,20–25%
1/18/2021,Melatonin,Sleep Aid,144.00,$55.61,"$8,007.84",5.00%,0.00,Canada,Amazon,0.00%,Jan 2021,0–5%
1/18/2021,Biotin,Vitamin,159.00,$58.39,"$9,284.01",22.00%,2.00,UK,iHerb,1.26%,Jan 2021,20–25%
1/18/2021,Green Tea Extract,Fat Burner,151.00,$22.33,"$3,371.83",11.00%,2.00,USA,Walmart,1.32%,Jan 2021,10–15%
1/18/2021,Iron Supplement,Mineral,152.00,$23.99,"$3,646.48",14.00%,0.00,USA,Walmart,0.00%,Jan 2021,10–15%
1/18/2021,Electrolyte Powder,Hydration,147.00,$44.67,"$6,566.49",25.00%,1.00,UK,iHerb,0.68%,Jan 2021,20–25%
1/25/2021,Whey Protein,Protein,150.00,$32.03,"$4,804.50",21.00%,2.00,Canada,iHerb,1.33%,Jan 2021,20–25%
1/25/2021,Vitamin C,Vitamin,167.00,$53.67,"$8,962.89",1.00%,3.00,UK,Amazon,1.80%,Jan 2021,0–5%
1/25/2021,Fish Oil,Omega,144.00,$35.60,"$5,126.40",24.00%,0.00,UK,Walmart,0.00%,Jan 2021,20–25%
1/25/2021,Multivitamin,Vitamin,145.00,$29.80,"$4,321.00",5.00%,1.00,UK,Amazon,0.69%,Jan 2021,0–5%
1/25/2021,Pre-Workout,Performance,146.00,$48.10,"$7,022.60",13.00%,5.00,USA,Amazon,3.42%,Jan 2021,10–15%
1/25/2021,BCAA,Amino Acid,149.00,$23.11,"$3,443.39",11.00%,0.00,USA,iHerb,0.00%,Jan 2021,10–15%
1/25/2021,Creatine,Performance,177.00,$23.41,"$4,143.57",15.00%,2.00,Canada,iHerb,1.13%,Jan 2021,10–15%
1/25/2021,Zinc,Mineral,150.00,$38.11,"$5,716.50",14.00%,0.00,UK,Walmart,0.00%,Jan 2021,10–15%
1/25/2021,Collagen Peptides,Protein,134.00,$23.44,"$3,140.96",1.00%,2.00,Canada,Amazon,1.49%,Jan 2021,0–5%
1/25/2021,Magnesium,Mineral,151.00,$34.21,"$5,165.71",2.00%,1.00,USA,Walmart,0.66%,Jan 2021,0–5%
1/25/2021,Ashwagandha,Herbal,147.00,$55.33,"$8,133.51",5.00%,2.00,UK,Amazon,1.36%,Jan 2021,0–5%
1/25/2021,Melatonin,Sleep Aid,147.00,$27.36,"$4,021.92",7.00%,2.00,UK,iHerb,1.36%,Jan 2021,5–10%
1/25/2021,Biotin,Vitamin,177.00,$50.57,"$8,950.89",1.00%,2.00,USA,Walmart,1.13%,Jan 2021,0–5%
1/25/2021,Green Tea Extract,Fat Burner,160.00,$51.19,"$8,190.40",16.00%,4.00,USA,Amazon,2.50%,Jan 2021,15–20%
1/25/2021,Iron Supplement,Mineral,151.00,$36.41,"$5,497.91",3.00%,2.00,USA,iHerb,1.32%,Jan 2021,0–5%
1/25/2021,Electrolyte Powder,Hydration,149.00,$10.50,"$1,564.50",5.00%,1.00,Canada,iHerb,0.67%,Jan 2021,0–5%
2/1/2021,Whey Protein,Protein,178.00,$31.22,"$5,557.16",18.00%,2.00,Canada,Amazon,1.12%,Feb 2021,15–20%
2/1/2021,Vitamin C,Vitamin,143.00,$20.88,"$2,985.84",24.00%,0.00,UK,Walmart,0.00%,Feb 2021,20–25%
2/1/2021,Fish Oil,Omega,145.00,$21.09,"$3,058.05",20.00%,0.00,UK,Amazon,0.00%,Feb 2021,15–20%
2/1/2021,Multivitamin,Vitamin,129.00,$10.50,"$1,354.50",2.00%,2.00,UK,iHerb,1.55%,Feb 2021,0–5%
2/1/2021,Pre-Workout,Performance,165.00,$12.62,"$2,082.30",20.00%,3.00,UK,iHerb,1.82%,Feb 2021,15–20%
2/1/2021,BCAA,Amino Acid,162.00,$21.65,"$3,507.30",21.00%,2.00,USA,iHerb,1.23%,Feb 2021,20–25%
2/1/2021,Creatine,Performance,139.00,$49.63,"$6,898.57",5.00%,0.00,Canada,Walmart,0.00%,Feb 2021,0–5%
2/1/2021,Zinc,Mineral,164.00,$52.08,"$8,541.12",14.00%,3.00,USA,iHerb,1.83%,Feb 2021,10–15%
2/1/2021,Collagen Peptides,Protein,172.00,$13.77,"$2,368.44",6.00%,2.00,USA,Walmart,1.16%,Feb 2021,5–10%
2/1/2021,Magnesium,Mineral,167.00,$40.35,"$6,738.45",5.00%,3.00,Canada,Walmart,1.80%,Feb 2021,0–5%
2/1/2021,Ashwagandha,Herbal,186.00,$34.74,"$6,461.64",2.00%,2.00,Canada,Walmart,1.08%,Feb 2021,0–5%
2/1/2021,Melatonin,Sleep Aid,150.00,$32.10,"$4,815.00",8.00%,1.00,UK,Walmart,0.67%,Feb 2021,5–10%
2/1/2021,Biotin,Vitamin,153.00,$48.05,"$7,351.65",18.00%,1.00,UK,Walmart,0.65%,Feb 2021,15–20%
2/1/2021,Green Tea Extract,Fat Burner,179.00,$26.18,"$4,686.22",5.00%,2.00,Canada,iHerb,1.12%,Feb 2021,0–5%
2/1/2021,Iron Supplement,Mineral,136.00,$44.85,"$6,099.60",14.00%,1.00,USA,Amazon,0.74%,Feb 2021,10–15%
2/1/2021,Electrolyte Powder,Hydration,147.00,$10.29,"$1,512.63",2.00%,3.00,Canada,Amazon,2.04%,Feb 2021,0–5%
2/8/2021,Whey Protein,Protein,129.00,$56.00,"$7,224.00",7.00%,1.00,UK,Walmart,0.78%,Feb 2021,5–10%
2/8/2021,Vitamin C,Vitamin,152.00,$57.10,"$8,679.20",18.00%,0.00,Canada,iHerb,0.00%,Feb 2021,15–20%
2/8/2021,Fish Oil,Omega,156.00,$33.54,"$5,232.24",1.00%,0.00,Canada,iHerb,0.00%,Feb 2021,0–5%
2/8/2021,Multivitamin,Vitamin,161.00,$25.08,"$4,037.88",10.00%,3.00,USA,Walmart,1.86%,Feb 2021,5–10%
2/8/2021,Pre-Workout,Performance,159.00,$15.88,"$2,524.92",6.00%,3.00,Canada,Walmart,1.89%,Feb 2021,5–10%
2/8/2021,BCAA,Amino Acid,153.00,$39.82,"$6,092.46",9.00%,3.00,UK,iHerb,1.96%,Feb 2021,5–10%
2/8/2021,Creatine,Performance,151.00,$16.45,"$2,483.95",13.00%,4.00,USA,Walmart,2.65%,Feb 2021,10–15%
2/8/2021,Zinc,Mineral,143.00,$48.20,"$6,892.60",6.00%,0.00,UK,Amazon,0.00%,Feb 2021,5–10%
2/8/2021,Collagen Peptides,Protein,131.00,$19.98,"$2,617.38",9.00%,1.00,Canada,Amazon,0.76%,Feb 2021,5–10%
2/8/2021,Magnesium,Mineral,158.00,$30.32,"$4,790.56",12.00%,2.00,Canada,Walmart,1.27%,Feb 2021,10–15%
2/8/2021,Ashwagandha,Herbal,163.00,$50.39,"$8,213.57",17.00%,2.00,USA,iHerb,1.23%,Feb 2021,15–20%
2/8/2021,Melatonin,Sleep Aid,157.00,$16.92,"$2,656.44",17.00%,1.00,USA,Walmart,0.64%,Feb 2021,15–20%
2/8/2021,Biotin,Vitamin,155.00,$55.34,"$8,577.70",15.00%,0.00,Canada,Amazon,0.00%,Feb 2021,10–15%
2/8/2021,Green Tea Extract,Fat Burner,148.00,$49.71,"$7,357.08",12.00%,3.00,UK,Walmart,2.03%,Feb 2021,10–15%
2/8/2021,Iron Supplement,Mineral,141.00,$54.93,"$7,745.13",22.00%,2.00,USA,iHerb,1.42%,Feb 2021,20–25%
2/8/2021,Electrolyte Powder,Hydration,165.00,$53.25,"$8,786.25",8.00%,0.00,UK,iHerb,0.00%,Feb 2021,5–10%
2/15/2021,Whey Protein,Protein,140.00,$22.56,"$3,158.40",8.00%,0.00,USA,Walmart,0.00%,Feb 2021,5–10%
2/15/2021,Vitamin C,Vitamin,142.00,$32.09,"$4,556.78",9.00%,2.00,Canada,iHerb,1.41%,Feb 2021,5–10%
2/15/2021,Fish Oil,Omega,168.00,$26.60,"$4,468.80",19.00%,0.00,UK,Walmart,0.00%,Feb 2021,15–20%
2/15/2021,Multivitamin,Vitamin,134.00,$50.39,"$6,752.26",6.00%,0.00,USA,Amazon,0.00%,Feb 2021,5–10%
2/15/2021,Pre-Workout,Performance,134.00,$41.69,"$5,586.46",6.00%,1.00,UK,Walmart,0.75%,Feb 2021,5–10%
2/15/2021,BCAA,Amino Acid,151.00,$21.66,"$3,270.66",22.00%,1.00,Canada,Amazon,0.66%,Feb 2021,20–25%
2/15/2021,Creatine,Performance,157.00,$28.63,"$4,494.91",9.00%,2.00,Canada,iHerb,1.27%,Feb 2021,5–10%
2/15/2021,Zinc,Mineral,128.00,$20.89,"$2,673.92",17.00%,2.00,UK,Amazon,1.56%,Feb 2021,15–20%
2/15/2021,Collagen Peptides,Protein,152.00,$43.09,"$6,549.68",9.00%,3.00,Canada,Walmart,1.97%,Feb 2021,5–10%
2/15/2021,Magnesium,Mineral,142.00,$47.27,"$6,712.34",9.00%,1.00,Canada,Walmart,0.70%,Feb 2021,5–10%
2/15/2021,Ashwagandha,Herbal,149.00,$56.50,"$8,418.50",14.00%,2.00,UK,Amazon,1.34%,Feb 2021,10–15%
2/15/2021,Melatonin,Sleep Aid,169.00,$21.60,"$3,650.40",18.00%,3.00,USA,iHerb,1.78%,Feb 2021,15–20%
2/15/2021,Biotin,Vitamin,165.00,$14.47,"$2,387.55",11.00%,1.00,USA,Walmart,0.61%,Feb 2021,10–15%
2/15/2021,Green Tea Extract,Fat Burner,142.00,$13.78,"$1,956.76",21.00%,1.00,Canada,Walmart,0.70%,Feb 2021,20–25%
2/15/2021,Iron Supplement,Mineral,153.00,$26.87,"$4,111.11",2.00%,4.00,Canada,iHerb,2.61%,Feb 2021,0–5%
2/15/2021,Electrolyte Powder,Hydration,162.00,$21.18,"$3,431.16",23.00%,1.00,USA,iHerb,0.62%,Feb 2021,20–25%
2/22/2021,Whey Protein,Protein,136.00,$57.19,"$7,777.84",0.00%,0.00,Canada,Walmart,0.00%,Feb 2021,0–5%
2/22/2021,Vitamin C,Vitamin,174.00,$15.66,"$2,724.84",14.00%,3.00,UK,iHerb,1.72%,Feb 2021,10–15%
2/22/2021,Fish Oil,Omega,156.00,$59.64,"$9,303.84",10.00%,1.00,USA,Amazon,0.64%,Feb 2021,5–10%
2/22/2021,Multivitamin,Vitamin,152.00,$14.32,"$2,176.64",0.00%,1.00,Canada,iHerb,0.66%,Feb 2021,0–5%
2/22/2021,Pre-Workout,Performance,164.00,$59.96,"$9,833.44",7.00%,1.00,UK,Walmart,0.61%,Feb 2021,5–10%
2/22/2021,BCAA,Amino Acid,136.00,$24.26,"$3,299.36",20.00%,3.00,UK,iHerb,2.21%,Feb 2021,15–20%
2/22/2021,Creatine,Performance,167.00,$15.64,"$2,611.88",22.00%,2.00,USA,Walmart,1.20%,Feb 2021,20–25%
2/22/2021,Zinc,Mineral,136.00,$24.36,"$3,312.96",18.00%,1.00,UK,Walmart,0.74%,Feb 2021,15–20%
2/22/2021,Collagen Peptides,Protein,145.00,$35.16,"$5,098.20",8.00%,2.00,UK,Walmart,1.38%,Feb 2021,5–10%
2/22/2021,Magnesium,Mineral,162.00,$37.53,"$6,079.86",21.00%,1.00,USA,iHerb,0.62%,Feb 2021,20–25%
2/22/2021,Ashwagandha,Herbal,146.00,$33.37,"$4,872.02",7.00%,4.00,USA,Walmart,2.74%,Feb 2021,5–10%
2/22/2021,Melatonin,Sleep Aid,143.00,$36.34,"$5,196.62",1.00%,0.00,Canada,iHerb,0.00%,Feb 2021,0–5%
2/22/2021,Biotin,Vitamin,139.00,$31.66,"$4,400.74",20.00%,2.00,UK,iHerb,1.44%,Feb 2021,15–20%
2/22/2021,Green Tea Extract,Fat Burner,147.00,$25.82,"$3,795.54",19.00%,0.00,UK,Walmart,0.00%,Feb 2021,15–20%
2/22/2021,Iron Supplement,Mineral,149.00,$21.78,"$3,245.22",23.00%,3.00,UK,iHerb,2.01%,Feb 2021,20–25%
2/22/2021,Electrolyte Powder,Hydration,158.00,$36.02,"$5,691.16",24.00%,4.00,UK,Amazon,2.53%,Feb 2021,20–25%
3/1/2021,Whey Protein,Protein,139.00,$19.86,"$2,760.54",5.00%,2.00,Canada,Walmart,1.44%,Mar 2021,0–5%
3/1/2021,Vitamin C,Vitamin,147.00,$14.45,"$2,124.15",13.00%,3.00,USA,iHerb,2.04%,Mar 2021,10–15%
3/1/2021,Fish Oil,Omega,169.00,$28.33,"$4,787.77",15.00%,0.00,UK,Amazon,0.00%,Mar 2021,10–15%
3/1/2021,Multivitamin,Vitamin,136.00,$14.27,"$1,940.72",23.00%,0.00,UK,Walmart,0.00%,Mar 2021,20–25%
3/1/2021,Pre-Workout,Performance,147.00,$39.95,"$5,872.65",2.00%,0.00,Canada,iHerb,0.00%,Mar 2021,0–5%
3/1/2021,BCAA,Amino Acid,173.00,$49.06,"$8,487.38",0.00%,1.00,UK,Walmart,0.58%,Mar 2021,0–5%
3/1/2021,Creatine,Performance,155.00,$55.48,"$8,599.40",16.00%,0.00,Canada,iHerb,0.00%,Mar 2021,15–20%
3/1/2021,Zinc,Mineral,128.00,$25.17,"$3,221.76",10.00%,0.00,UK,Walmart,0.00%,Mar 2021,5–10%
3/1/2021,Collagen Peptides,Protein,153.00,$35.15,"$5,377.95",2.00%,2.00,USA,Amazon,1.31%,Mar 2021,0–5%
3/1/2021,Magnesium,Mineral,144.00,$31.73,"$4,569.12",5.00%,0.00,Canada,Walmart,0.00%,Mar 2021,0–5%
3/1/2021,Ashwagandha,Herbal,160.00,$48.36,"$7,737.60",5.00%,1.00,UK,Walmart,0.63%,Mar 2021,0–5%
3/1/2021,Melatonin,Sleep Aid,149.00,$56.59,"$8,431.91",5.00%,1.00,UK,Amazon,0.67%,Mar 2021,0–5%
3/1/2021,Biotin,Vitamin,135.00,$33.03,"$4,459.05",23.00%,3.00,Canada,Amazon,2.22%,Mar 2021,20–25%
3/1/2021,Green Tea Extract,Fat Burner,146.00,$54.81,"$8,002.26",20.00%,0.00,USA,Walmart,0.00%,Mar 2021,15–20%
3/1/2021,Iron Supplement,Mineral,143.00,$21.49,"$3,073.07",5.00%,0.00,UK,Walmart,0.00%,Mar 2021,0–5%
3/1/2021,Electrolyte Powder,Hydration,155.00,$12.62,"$1,956.10",6.00%,3.00,Canada,Walmart,1.94%,Mar 2021,5–10%
3/8/2021,Whey Protein,Protein,165.00,$30.80,"$5,082.00",24.00%,1.00,UK,Amazon,0.61%,Mar 2021,20–25%
3/8/2021,Vitamin C,Vitamin,139.00,$18.64,"$2,590.96",9.00%,3.00,USA,Amazon,2.16%,Mar 2021,5–10%
3/8/2021,Fish Oil,Omega,154.00,$56.72,"$8,734.88",1.00%,0.00,UK,iHerb,0.00%,Mar 2021,0–5%
3/8/2021,Multivitamin,Vitamin,152.00,$11.98,"$1,820.96",10.00%,2.00,UK,Walmart,1.32%,Mar 2021,5–10%
3/8/2021,Pre-Workout,Performance,157.00,$26.03,"$4,086.71",2.00%,1.00,USA,iHerb,0.64%,Mar 2021,0–5%
3/8/2021,BCAA,Amino Acid,149.00,$48.32,"$7,199.68",12.00%,1.00,UK,Amazon,0.67%,Mar 2021,10–15%
3/8/2021,Creatine,Performance,162.00,$43.65,"$7,071.30",1.00%,2.00,UK,Walmart,1.23%,Mar 2021,0–5%
3/8/2021,Zinc,Mineral,160.00,$21.43,"$3,428.80",22.00%,0.00,UK,iHerb,0.00%,Mar 2021,20–25%
3/8/2021,Collagen Peptides,Protein,159.00,$32.34,"$5,142.06",0.00%,3.00,USA,Amazon,1.89%,Mar 2021,0–5%
3/8/2021,Magnesium,Mineral,145.00,$43.87,"$6,361.15",18.00%,4.00,UK,Amazon,2.76%,Mar 2021,15–20%
3/8/2021,Ashwagandha,Herbal,151.00,$57.69,"$8,711.19",16.00%,1.00,UK,iHerb,0.66%,Mar 2021,15–20%
3/8/2021,Melatonin,Sleep Aid,134.00,$28.11,"$3,766.74",17.00%,1.00,USA,iHerb,0.75%,Mar 2021,15–20%
3/8/2021,Biotin,Vitamin,138.00,$13.03,"$1,798.14",10.00%,1.00,USA,iHerb,0.72%,Mar 2021,5–10%
3/8/2021,Green Tea Extract,Fat Burner,148.00,$51.40,"$7,607.20",19.00%,0.00,UK,Amazon,0.00%,Mar 2021,15–20%
3/8/2021,Iron Supplement,Mineral,138.00,$56.74,"$7,830.12",21.00%,3.00,USA,iHerb,2.17%,Mar 2021,20–25%
3/8/2021,Electrolyte Powder,Hydration,143.00,$33.54,"$4,796.22",4.00%,0.00,Canada,iHerb,0.00%,Mar 2021,0–5%
3/15/2021,Whey Protein,Protein,177.00,$22.00,"$3,894.00",2.00%,4.00,USA,Amazon,2.26%,Mar 2021,0–5%
3/15/2021,Vitamin C,Vitamin,153.00,$55.58,"$8,503.74",9.00%,2.00,UK,Walmart,1.31%,Mar 2021,5–10%
3/15/2021,Fish Oil,Omega,118.00,$51.56,"$6,084.08",19.00%,1.00,Canada,iHerb,0.85%,Mar 2021,15–20%
3/15/2021,Multivitamin,Vitamin,146.00,$10.01,"$1,461.46",6.00%,0.00,USA,iHerb,0.00%,Mar 2021,5–10%
3/15/2021,Pre-Workout,Performance,141.00,$23.98,"$3,381.18",5.00%,1.00,Canada,Walmart,0.71%,Mar 2021,0–5%
3/15/2021,BCAA,Amino Acid,166.00,$13.93,"$2,312.38",9.00%,2.00,UK,iHerb,1.20%,Mar 2021,5–10%
3/15/2021,Creatine,Performance,152.00,$57.98,"$8,812.96",20.00%,2.00,USA,Amazon,1.32%,Mar 2021,15–20%
3/15/2021,Zinc,Mineral,150.00,$59.22,"$8,883.00",10.00%,0.00,Canada,iHerb,0.00%,Mar 2021,5–10%
3/15/2021,Collagen Peptides,Protein,156.00,$39.29,"$6,129.24",15.00%,1.00,UK,Walmart,0.64%,Mar 2021,10–15%
3/15/2021,Magnesium,Mineral,164.00,$32.43,"$5,318.52",13.00%,2.00,Canada,Amazon,1.22%,Mar 2021,10–15%
3/15/2021,Ashwagandha,Herbal,161.00,$42.30,"$6,810.30",4.00%,4.00,UK,Amazon,2.48%,Mar 2021,0–5%
3/15/2021,Melatonin,Sleep Aid,146.00,$11.02,"$1,608.92",5.00%,1.00,Canada,Amazon,0.68%,Mar 2021,0–5%
3/15/2021,Biotin,Vitamin,167.00,$56.49,"$9,433.83",12.00%,1.00,USA,iHerb,0.60%,Mar 2021,10–15%
3/15/2021,Green Tea Extract,Fat Burner,133.00,$22.35,"$2,972.55",22.00%,3.00,UK,Walmart,2.26%,Mar 2021,20–25%
3/15/2021,Iron Supplement,Mineral,176.00,$43.85,"$7,717.60",19.00%,0.00,UK,Amazon,0.00%,Mar 2021,15–20%
3/15/2021,Electrolyte Powder,Hydration,154.00,$34.88,"$5,371.52",4.00%,0.00,Canada,iHerb,0.00%,Mar 2021,0–5%
3/22/2021,Whey Protein,Protein,145.00,$41.16,"$5,968.20",2.00%,1.00,UK,Walmart,0.69%,Mar 2021,0–5%
3/22/2021,Vitamin C,Vitamin,137.00,$41.87,"$5,736.19",14.00%,2.00,USA,Walmart,1.46%,Mar 2021,10–15%
3/22/2021,Fish Oil,Omega,144.00,$31.64,"$4,556.16",12.00%,2.00,UK,Amazon,1.39%,Mar 2021,10–15%
3/22/2021,Multivitamin,Vitamin,154.00,$14.29,"$2,200.66",2.00%,3.00,UK,Walmart,1.95%,Mar 2021,0–5%
3/22/2021,Pre-Workout,Performance,157.00,$27.84,"$4,370.88",15.00%,3.00,UK,Amazon,1.91%,Mar 2021,10–15%
3/22/2021,BCAA,Amino Acid,120.00,$54.49,"$6,538.80",0.00%,0.00,UK,Walmart,0.00%,Mar 2021,0–5%
3/22/2021,Creatine,Performance,141.00,$11.41,"$1,608.81",6.00%,3.00,Canada,Walmart,2.13%,Mar 2021,5–10%
3/22/2021,Zinc,Mineral,147.00,$55.91,"$8,218.77",10.00%,0.00,Canada,Amazon,0.00%,Mar 2021,5–10%
3/22/2021,Collagen Peptides,Protein,151.00,$50.22,"$7,583.22",2.00%,2.00,USA,Amazon,1.32%,Mar 2021,0–5%
3/22/2021,Magnesium,Mineral,152.00,$16.12,"$2,450.24",13.00%,3.00,UK,Walmart,1.97%,Mar 2021,10–15%
3/22/2021,Ashwagandha,Herbal,147.00,$13.52,"$1,987.44",7.00%,1.00,UK,iHerb,0.68%,Mar 2021,5–10%
3/22/2021,Melatonin,Sleep Aid,176.00,$33.04,"$5,815.04",17.00%,0.00,Canada,iHerb,0.00%,Mar 2021,15–20%
3/22/2021,Biotin,Vitamin,149.00,$53.34,"$7,947.66",16.00%,2.00,UK,Walmart,1.34%,Mar 2021,15–20%
3/22/2021,Green Tea Extract,Fat Burner,134.00,$16.63,"$2,228.42",19.00%,1.00,Canada,Amazon,0.75%,Mar 2021,15–20%
3/22/2021,Iron Supplement,Mineral,173.00,$47.69,"$8,250.37",5.00%,1.00,UK,iHerb,0.58%,Mar 2021,0–5%
3/22/2021,Electrolyte Powder,Hydration,154.00,$15.20,"$2,340.80",24.00%,3.00,USA,Amazon,1.95%,Mar 2021,20–25%
3/29/2021,Whey Protein,Protein,141.00,$35.92,"$5,064.72",12.00%,1.00,Canada,Amazon,0.71%,Mar 2021,10–15%
3/29/2021,Vitamin C,Vitamin,153.00,$30.55,"$4,674.15",16.00%,2.00,Canada,Walmart,1.31%,Mar 2021,15–20%
3/29/2021,Fish Oil,Omega,158.00,$52.99,"$8,372.42",11.00%,1.00,USA,Amazon,0.63%,Mar 2021,10–15%
3/29/2021,Multivitamin,Vitamin,140.00,$54.34,"$7,607.60",9.00%,2.00,UK,Walmart,1.43%,Mar 2021,5–10%
3/29/2021,Pre-Workout,Performance,131.00,$59.58,"$7,804.98",19.00%,0.00,UK,Walmart,0.00%,Mar 2021,15–20%
3/29/2021,BCAA,Amino Acid,150.00,$30.48,"$4,572.00",20.00%,2.00,UK,iHerb,1.33%,Mar 2021,15–20%
3/29/2021,Creatine,Performance,140.00,$39.63,"$5,548.20",9.00%,1.00,USA,iHerb,0.71%,Mar 2021,5–10%
3/29/2021,Zinc,Mineral,154.00,$34.32,"$5,285.28",13.00%,0.00,UK,Amazon,0.00%,Mar 2021,10–15%
3/29/2021,Collagen Peptides,Protein,162.00,$16.55,"$2,681.10",19.00%,4.00,Canada,Walmart,2.47%,Mar 2021,15–20%
3/29/2021,Magnesium,Mineral,177.00,$16.78,"$2,970.06",13.00%,0.00,USA,iHerb,0.00%,Mar 2021,10–15%
3/29/2021,Ashwagandha,Herbal,173.00,$22.64,"$3,916.72",10.00%,1.00,Canada,Walmart,0.58%,Mar 2021,5–10%
3/29/2021,Melatonin,Sleep Aid,161.00,$18.54,"$2,984.94",7.00%,1.00,UK,iHerb,0.62%,Mar 2021,5–10%
3/29/2021,Biotin,Vitamin,135.00,$38.29,"$5,169.15",18.00%,3.00,UK,iHerb,2.22%,Mar 2021,15–20%
3/29/2021,Green Tea Extract,Fat Burner,140.00,$25.11,"$3,515.40",22.00%,4.00,USA,iHerb,2.86%,Mar 2021,20–25%
3/29/2021,Iron Supplement,Mineral,165.00,$57.37,"$9,466.05",11.00%,0.00,UK,iHerb,0.00%,Mar 2021,10–15%
3/29/2021,Electrolyte Powder,Hydration,148.00,$37.19,"$5,504.12",8.00%,1.00,USA,Amazon,0.68%,Mar 2021,5–10%
4/5/2021,Whey Protein,Protein,154.00,$43.10,"$6,637.40",11.00%,3.00,UK,Amazon,1.95%,Apr 2021,10–15%
4/5/2021,Vitamin C,Vitamin,169.00,$36.60,"$6,185.40",7.00%,0.00,Canada,iHerb,0.00%,Apr 2021,5–10%
4/5/2021,Fish Oil,Omega,156.00,$18.15,"$2,831.40",20.00%,3.00,UK,Amazon,1.92%,Apr 2021,15–20%
4/5/2021,Multivitamin,Vitamin,170.00,$55.20,"$9,384.00",8.00%,2.00,Canada,Amazon,1.18%,Apr 2021,5–10%
4/5/2021,Pre-Workout,Performance,123.00,$46.02,"$5,660.46",11.00%,0.00,UK,Amazon,0.00%,Apr 2021,10–15%
4/5/2021,BCAA,Amino Acid,138.00,$10.02,"$1,382.76",20.00%,0.00,Canada,Walmart,0.00%,Apr 2021,15–20%
4/5/2021,Creatine,Performance,138.00,$34.24,"$4,725.12",9.00%,1.00,Canada,Walmart,0.72%,Apr 2021,5–10%
4/5/2021,Zinc,Mineral,166.00,$14.73,"$2,445.18",19.00%,2.00,USA,iHerb,1.20%,Apr 2021,15–20%
4/5/2021,Collagen Peptides,Protein,152.00,$17.02,"$2,587.04",16.00%,0.00,Canada,iHerb,0.00%,Apr 2021,15–20%
4/5/2021,Magnesium,Mineral,150.00,$24.18,"$3,627.00",24.00%,3.00,UK,iHerb,2.00%,Apr 2021,20–25%
4/5/2021,Ashwagandha,Herbal,158.00,$15.31,"$2,418.98",12.00%,0.00,Canada,Amazon,0.00%,Apr 2021,10–15%
4/5/2021,Melatonin,Sleep Aid,149.00,$41.97,"$6,253.53",3.00%,1.00,Canada,iHerb,0.67%,Apr 2021,0–5%
4/5/2021,Biotin,Vitamin,142.00,$12.03,"$1,708.26",23.00%,3.00,UK,Amazon,2.11%,Apr 2021,20–25%
4/5/2021,Green Tea Extract,Fat Burner,142.00,$11.56,"$1,641.52",24.00%,1.00,UK,Amazon,0.70%,Apr 2021,20–25%
4/5/2021,Iron Supplement,Mineral,143.00,$13.32,"$1,904.76",25.00%,0.00,Canada,iHerb,0.00%,Apr 2021,20–25%
4/5/2021,Electrolyte Powder,Hydration,156.00,$57.45,"$8,962.20",6.00%,1.00,Canada,Amazon,0.64%,Apr 2021,5–10%
4/12/2021,Whey Protein,Protein,149.00,$13.40,"$1,996.60",5.00%,0.00,USA,iHerb,0.00%,Apr 2021,0–5%
4/12/2021,Vitamin C,Vitamin,159.00,$38.67,"$6,148.53",5.00%,3.00,USA,iHerb,1.89%,Apr 2021,0–5%
4/12/2021,Fish Oil,Omega,175.00,$27.62,"$4,833.50",6.00%,0.00,Canada,iHerb,0.00%,Apr 2021,5–10%
4/12/2021,Multivitamin,Vitamin,141.00,$36.68,"$5,171.88",24.00%,1.00,UK,Amazon,0.71%,Apr 2021,20–25%
4/12/2021,Pre-Workout,Performance,157.00,$35.63,"$5,593.91",7.00%,1.00,Canada,Walmart,0.64%,Apr 2021,5–10%
4/12/2021,BCAA,Amino Acid,149.00,$57.03,"$8,497.47",8.00%,0.00,UK,Walmart,0.00%,Apr 2021,5–10%
4/12/2021,Creatine,Performance,150.00,$18.42,"$2,763.00",19.00%,5.00,Canada,iHerb,3.33%,Apr 2021,15–20%
4/12/2021,Zinc,Mineral,176.00,$53.77,"$9,463.52",18.00%,1.00,USA,iHerb,0.57%,Apr 2021,15–20%
4/12/2021,Collagen Peptides,Protein,151.00,$34.01,"$5,135.51",9.00%,1.00,Canada,Amazon,0.66%,Apr 2021,5–10%
4/12/2021,Magnesium,Mineral,153.00,$55.05,"$8,422.65",17.00%,2.00,USA,iHerb,1.31%,Apr 2021,15–20%
4/12/2021,Ashwagandha,Herbal,131.00,$16.05,"$2,102.55",2.00%,1.00,UK,Walmart,0.76%,Apr 2021,0–5%
4/12/2021,Melatonin,Sleep Aid,146.00,$14.46,"$2,111.16",11.00%,0.00,Canada,Walmart,0.00%,Apr 2021,10–15%
4/12/2021,Biotin,Vitamin,157.00,$14.74,"$2,314.18",24.00%,1.00,Canada,Walmart,0.64%,Apr 2021,20–25%
4/12/2021,Green Tea Extract,Fat Burner,147.00,$11.23,"$1,650.81",20.00%,1.00,Canada,Walmart,0.68%,Apr 2021,15–20%
4/12/2021,Iron Supplement,Mineral,142.00,$18.12,"$2,573.04",22.00%,2.00,UK,Walmart,1.41%,Apr 2021,20–25%
4/12/2021,Electrolyte Powder,Hydration,140.00,$44.53,"$6,234.20",14.00%,1.00,USA,Amazon,0.71%,Apr 2021,10–15%
4/19/2021,Whey Protein,Protein,145.00,$43.48,"$6,304.60",24.00%,0.00,Canada,Walmart,0.00%,Apr 2021,20–25%
4/19/2021,Vitamin C,Vitamin,153.00,$32.33,"$4,946.49",6.00%,3.00,USA,Amazon,1.96%,Apr 2021,5–10%
4/19/2021,Fish Oil,Omega,149.00,$25.24,"$3,760.76",5.00%,0.00,USA,iHerb,0.00%,Apr 2021,0–5%
4/19/2021,Multivitamin,Vitamin,158.00,$44.50,"$7,031.00",10.00%,1.00,USA,Walmart,0.63%,Apr 2021,5–10%
4/19/2021,Pre-Workout,Performance,149.00,$15.03,"$2,239.47",8.00%,2.00,Canada,Amazon,1.34%,Apr 2021,5–10%
4/19/2021,BCAA,Amino Acid,156.00,$33.01,"$5,149.56",5.00%,1.00,UK,Walmart,0.64%,Apr 2021,0–5%
4/19/2021,Creatine,Performance,139.00,$23.98,"$3,333.22",3.00%,2.00,USA,iHerb,1.44%,Apr 2021,0–5%
4/19/2021,Zinc,Mineral,128.00,$42.24,"$5,406.72",8.00%,2.00,UK,iHerb,1.56%,Apr 2021,5–10%
4/19/2021,Collagen Peptides,Protein,152.00,$42.54,"$6,466.08",3.00%,1.00,USA,Walmart,0.66%,Apr 2021,0–5%
4/19/2021,Magnesium,Mineral,148.00,$40.20,"$5,949.60",22.00%,6.00,UK,Amazon,4.05%,Apr 2021,20–25%
4/19/2021,Ashwagandha,Herbal,154.00,$21.26,"$3,274.04",6.00%,1.00,UK,Walmart,0.65%,Apr 2021,5–10%
4/19/2021,Melatonin,Sleep Aid,145.00,$28.41,"$4,119.45",9.00%,1.00,Canada,iHerb,0.69%,Apr 2021,5–10%
4/19/2021,Biotin,Vitamin,164.00,$40.71,"$6,676.44",8.00%,3.00,USA,iHerb,1.83%,Apr 2021,5–10%
4/19/2021,Green Tea Extract,Fat Burner,150.00,$34.86,"$5,229.00",17.00%,0.00,Canada,Walmart,0.00%,Apr 2021,15–20%
4/19/2021,Iron Supplement,Mineral,166.00,$27.15,"$4,506.90",3.00%,1.00,UK,Amazon,0.60%,Apr 2021,0–5%
4/19/2021,Electrolyte Powder,Hydration,150.00,$43.93,"$6,589.50",11.00%,4.00,UK,Walmart,2.67%,Apr 2021,10–15%
4/26/2021,Whey Protein,Protein,153.00,$15.47,"$2,366.91",10.00%,1.00,USA,Amazon,0.65%,Apr 2021,5–10%
4/26/2021,Vitamin C,Vitamin,152.00,$13.92,"$2,115.84",2.00%,3.00,Canada,iHerb,1.97%,Apr 2021,0–5%
4/26/2021,Fish Oil,Omega,139.00,$37.14,"$5,162.46",21.00%,0.00,Canada,Walmart,0.00%,Apr 2021,20–25%
4/26/2021,Multivitamin,Vitamin,134.00,$57.32,"$7,680.88",10.00%,1.00,UK,iHerb,0.75%,Apr 2021,5–10%
4/26/2021,Pre-Workout,Performance,154.00,$51.85,"$7,984.90",25.00%,0.00,UK,Amazon,0.00%,Apr 2021,20–25%
4/26/2021,BCAA,Amino Acid,133.00,$51.03,"$6,786.99",7.00%,0.00,USA,Walmart,0.00%,Apr 2021,5–10%
4/26/2021,Creatine,Performance,161.00,$28.47,"$4,583.67",13.00%,2.00,Canada,Walmart,1.24%,Apr 2021,10–15%
4/26/2021,Zinc,Mineral,158.00,$40.63,"$6,419.54",15.00%,2.00,Canada,Amazon,1.27%,Apr 2021,10–15%
4/26/2021,Collagen Peptides,Protein,155.00,$14.23,"$2,205.65",3.00%,1.00,UK,Amazon,0.65%,Apr 2021,0–5%
4/26/2021,Magnesium,Mineral,150.00,$45.06,"$6,759.00",20.00%,1.00,Canada,iHerb,0.67%,Apr 2021,15–20%
4/26/2021,Ashwagandha,Herbal,147.00,$19.59,"$2,879.73",2.00%,2.00,UK,Walmart,1.36%,Apr 2021,0–5%
4/26/2021,Melatonin,Sleep Aid,141.00,$45.20,"$6,373.20",24.00%,1.00,UK,Amazon,0.71%,Apr 2021,20–25%
4/26/2021,Biotin,Vitamin,156.00,$41.53,"$6,478.68",11.00%,0.00,Canada,Walmart,0.00%,Apr 2021,10–15%
4/26/2021,Green Tea Extract,Fat Burner,150.00,$50.53,"$7,579.50",18.00%,2.00,Canada,Walmart,1.33%,Apr 2021,15–20%
4/26/2021,Iron Supplement,Mineral,133.00,$35.02,"$4,657.66",22.00%,3.00,UK,Walmart,2.26%,Apr 2021,20–25%
4/26/2021,Electrolyte Powder,Hydration,151.00,$47.32,"$7,145.32",0.00%,0.00,UK,iHerb,0.00%,Apr 2021,0–5%
5/3/2021,Whey Protein,Protein,153.00,$55.83,"$8,541.99",18.00%,2.00,UK,Amazon,1.31%,May 2021,15–20%
5/3/2021,Vitamin C,Vitamin,146.00,$16.01,"$2,337.46",13.00%,2.00,UK,Amazon,1.37%,May 2021,10–15%
5/3/2021,Fish Oil,Omega,147.00,$36.09,"$5,305.23",2.00%,0.00,USA,Walmart,0.00%,May 2021,0–5%
5/3/2021,Multivitamin,Vitamin,164.00,$54.74,"$8,977.36",3.00%,5.00,Canada,Amazon,3.05%,May 2021,0–5%
5/3/2021,Pre-Workout,Performance,139.00,$59.87,"$8,321.93",7.00%,2.00,USA,Walmart,1.44%,May 2021,5–10%
5/3/2021,BCAA,Amino Acid,137.00,$55.20,"$7,562.40",8.00%,2.00,UK,iHerb,1.46%,May 2021,5–10%
5/3/2021,Creatine,Performance,138.00,$26.82,"$3,701.16",5.00%,1.00,Canada,Walmart,0.72%,May 2021,0–5%
5/3/2021,Zinc,Mineral,146.00,$32.42,"$4,733.32",8.00%,2.00,USA,iHerb,1.37%,May 2021,5–10%
5/3/2021,Collagen Peptides,Protein,165.00,$17.86,"$2,946.90",17.00%,2.00,UK,Amazon,1.21%,May 2021,15–20%
5/3/2021,Magnesium,Mineral,155.00,$32.02,"$4,963.10",23.00%,2.00,USA,Walmart,1.29%,May 2021,20–25%
5/3/2021,Ashwagandha,Herbal,150.00,$26.28,"$3,942.00",25.00%,2.00,UK,Walmart,1.33%,May 2021,20–25%
5/3/2021,Melatonin,Sleep Aid,120.00,$41.17,"$4,940.40",1.00%,0.00,Canada,Amazon,0.00%,May 2021,0–5%
5/3/2021,Biotin,Vitamin,148.00,$31.91,"$4,722.68",7.00%,0.00,USA,Amazon,0.00%,May 2021,5–10%
5/3/2021,Green Tea Extract,Fat Burner,157.00,$20.01,"$3,141.57",8.00%,2.00,UK,Amazon,1.27%,May 2021,5–10%
5/3/2021,Iron Supplement,Mineral,128.00,$13.66,"$1,748.48",20.00%,2.00,USA,Amazon,1.56%,May 2021,15–20%
5/3/2021,Electrolyte Powder,Hydration,160.00,$43.47,"$6,955.20",12.00%,2.00,USA,Walmart,1.25%,May 2021,10–15%
5/10/2021,Whey Protein,Protein,161.00,$27.88,"$4,488.68",7.00%,2.00,USA,Walmart,1.24%,May 2021,5–10%
5/10/2021,Vitamin C,Vitamin,157.00,$27.12,"$4,257.84",19.00%,2.00,USA,iHerb,1.27%,May 2021,15–20%
5/10/2021,Fish Oil,Omega,167.00,$35.88,"$5,991.96",14.00%,2.00,UK,Amazon,1.20%,May 2021,10–15%
5/10/2021,Multivitamin,Vitamin,184.00,$12.67,"$2,331.28",23.00%,2.00,USA,iHerb,1.09%,May 2021,20–25%
5/10/2021,Pre-Workout,Performance,154.00,$14.68,"$2,260.72",19.00%,2.00,UK,Walmart,1.30%,May 2021,15–20%
5/10/2021,BCAA,Amino Acid,143.00,$51.89,"$7,420.27",2.00%,3.00,USA,iHerb,2.10%,May 2021,0–5%
5/10/2021,Creatine,Performance,141.00,$56.80,"$8,008.80",17.00%,1.00,UK,Amazon,0.71%,May 2021,15–20%
5/10/2021,Zinc,Mineral,157.00,$23.86,"$3,746.02",25.00%,2.00,Canada,Amazon,1.27%,May 2021,20–25%
5/10/2021,Collagen Peptides,Protein,155.00,$12.46,"$1,931.30",1.00%,2.00,Canada,Walmart,1.29%,May 2021,0–5%
5/10/2021,Magnesium,Mineral,160.00,$52.04,"$8,326.40",1.00%,1.00,Canada,Amazon,0.63%,May 2021,0–5%
5/10/2021,Ashwagandha,Herbal,140.00,$13.62,"$1,906.80",24.00%,0.00,UK,iHerb,0.00%,May 2021,20–25%
5/10/2021,Melatonin,Sleep Aid,171.00,$59.28,"$10,136.88",14.00%,4.00,Canada,iHerb,2.34%,May 2021,10–15%
5/10/2021,Biotin,Vitamin,169.00,$14.81,"$2,502.89",11.00%,4.00,USA,Walmart,2.37%,May 2021,10–15%
5/10/2021,Green Tea Extract,Fat Burner,151.00,$17.06,"$2,576.06",0.00%,3.00,Canada,iHerb,1.99%,May 2021,0–5%
5/10/2021,Iron Supplement,Mineral,130.00,$55.73,"$7,244.90",5.00%,2.00,Canada,Walmart,1.54%,May 2021,0–5%
5/10/2021,Electrolyte Powder,Hydration,129.00,$18.20,"$2,347.80",18.00%,1.00,UK,Amazon,0.78%,May 2021,15–20%
5/17/2021,Whey Protein,Protein,149.00,$18.56,"$2,765.44",19.00%,1.00,UK,Walmart,0.67%,May 2021,15–20%
5/17/2021,Vitamin C,Vitamin,156.00,$44.41,"$6,927.96",3.00%,1.00,Canada,Walmart,0.64%,May 2021,0–5%
5/17/2021,Fish Oil,Omega,140.00,$23.10,"$3,234.00",22.00%,3.00,UK,Walmart,2.14%,May 2021,20–25%
5/17/2021,Multivitamin,Vitamin,138.00,$14.39,"$1,985.82",10.00%,2.00,UK,Amazon,1.45%,May 2021,5–10%
5/17/2021,Pre-Workout,Performance,156.00,$24.13,"$3,764.28",9.00%,0.00,UK,iHerb,0.00%,May 2021,5–10%
5/17/2021,BCAA,Amino Acid,158.00,$45.44,"$7,179.52",6.00%,1.00,Canada,Walmart,0.63%,May 2021,5–10%
5/17/2021,Creatine,Performance,144.00,$27.05,"$3,895.20",20.00%,3.00,Canada,iHerb,2.08%,May 2021,15–20%
5/17/2021,Zinc,Mineral,151.00,$11.54,"$1,742.54",22.00%,0.00,UK,iHerb,0.00%,May 2021,20–25%
5/17/2021,Collagen Peptides,Protein,176.00,$27.10,"$4,769.60",23.00%,0.00,UK,Walmart,0.00%,May 2021,20–25%
5/17/2021,Magnesium,Mineral,153.00,$20.97,"$3,208.41",11.00%,2.00,UK,Walmart,1.31%,May 2021,10–15%
5/17/2021,Ashwagandha,Herbal,158.00,$56.84,"$8,980.72",4.00%,1.00,USA,Walmart,0.63%,May 2021,0–5%
5/17/2021,Melatonin,Sleep Aid,141.00,$16.15,"$2,277.15",25.00%,1.00,UK,iHerb,0.71%,May 2021,20–25%
5/17/2021,Biotin,Vitamin,133.00,$45.97,"$6,114.01",21.00%,0.00,Canada,Walmart,0.00%,May 2021,20–25%
5/17/2021,Green Tea Extract,Fat Burner,124.00,$31.58,"$3,915.92",6.00%,1.00,USA,Amazon,0.81%,May 2021,5–10%
5/17/2021,Iron Supplement,Mineral,141.00,$55.30,"$7,797.30",14.00%,1.00,USA,Amazon,0.71%,May 2021,10–15%
5/17/2021,Electrolyte Powder,Hydration,146.00,$46.38,"$6,771.48",11.00%,3.00,Canada,iHerb,2.05%,May 2021,10–15%
5/24/2021,Whey Protein,Protein,176.00,$38.03,"$6,693.28",2.00%,1.00,UK,Walmart,0.57%,May 2021,0–5%
5/24/2021,Vitamin C,Vitamin,147.00,$53.83,"$7,913.01",4.00%,1.00,USA,Amazon,0.68%,May 2021,0–5%
5/24/2021,Fish Oil,Omega,154.00,$29.15,"$4,489.10",22.00%,2.00,Canada,iHerb,1.30%,May 2021,20–25%
5/24/2021,Multivitamin,Vitamin,148.00,$33.23,"$4,918.04",21.00%,2.00,UK,Amazon,1.35%,May 2021,20–25%
5/24/2021,Pre-Workout,Performance,163.00,$15.92,"$2,594.96",0.00%,1.00,Canada,Walmart,0.61%,May 2021,0–5%
5/24/2021,BCAA,Amino Acid,157.00,$24.79,"$3,892.03",12.00%,1.00,USA,Amazon,0.64%,May 2021,10–15%
5/24/2021,Creatine,Performance,147.00,$16.82,"$2,472.54",5.00%,0.00,USA,Walmart,0.00%,May 2021,0–5%
5/24/2021,Zinc,Mineral,138.00,$41.36,"$5,707.68",8.00%,4.00,USA,iHerb,2.90%,May 2021,5–10%
5/24/2021,Collagen Peptides,Protein,138.00,$27.89,"$3,848.82",0.00%,3.00,USA,Amazon,2.17%,May 2021,0–5%
5/24/2021,Magnesium,Mineral,168.00,$37.18,"$6,246.24",16.00%,1.00,Canada,Walmart,0.60%,May 2021,15–20%
5/24/2021,Ashwagandha,Herbal,155.00,$12.70,"$1,968.50",11.00%,2.00,UK,iHerb,1.29%,May 2021,10–15%
5/24/2021,Melatonin,Sleep Aid,167.00,$51.13,"$8,538.71",5.00%,1.00,Canada,iHerb,0.60%,May 2021,0–5%
5/24/2021,Biotin,Vitamin,143.00,$17.52,"$2,505.36",13.00%,2.00,UK,iHerb,1.40%,May 2021,10–15%
5/24/2021,Green Tea Extract,Fat Burner,148.00,$52.44,"$7,761.12",18.00%,1.00,USA,iHerb,0.68%,May 2021,15–20%
5/24/2021,Iron Supplement,Mineral,141.00,$38.85,"$5,477.85",6.00%,1.00,Canada,Amazon,0.71%,May 2021,5–10%
5/24/2021,Electrolyte Powder,Hydration,162.00,$59.60,"$9,655.20",3.00%,3.00,UK,iHerb,1.85%,May 2021,0–5%
5/31/2021,Whey Protein,Protein,146.00,$54.03,"$7,888.38",10.00%,1.00,UK,iHerb,0.68%,May 2021,5–10%
5/31/2021,Vitamin C,Vitamin,122.00,$22.24,"$2,713.28",17.00%,0.00,Canada,iHerb,0.00%,May 2021,15–20%
5/31/2021,Fish Oil,Omega,133.00,$42.39,"$5,637.87",18.00%,0.00,USA,Walmart,0.00%,May 2021,15–20%
5/31/2021,Multivitamin,Vitamin,129.00,$23.03,"$2,970.87",21.00%,3.00,USA,Walmart,2.33%,May 2021,20–25%
5/31/2021,Pre-Workout,Performance,160.00,$51.09,"$8,174.40",19.00%,2.00,USA,Amazon,1.25%,May 2021,15–20%
5/31/2021,BCAA,Amino Acid,144.00,$16.09,"$2,316.96",13.00%,2.00,USA,iHerb,1.39%,May 2021,10–15%
5/31/2021,Creatine,Performance,145.00,$28.18,"$4,086.10",16.00%,3.00,USA,Amazon,2.07%,May 2021,15–20%
5/31/2021,Zinc,Mineral,136.00,$17.04,"$2,317.44",16.00%,2.00,UK,Walmart,1.47%,May 2021,15–20%
5/31/2021,Collagen Peptides,Protein,173.00,$57.51,"$9,949.23",2.00%,2.00,Canada,Amazon,1.16%,May 2021,0–5%
5/31/2021,Magnesium,Mineral,151.00,$51.58,"$7,788.58",4.00%,0.00,UK,Walmart,0.00%,May 2021,0–5%
5/31/2021,Ashwagandha,Herbal,167.00,$16.45,"$2,747.15",12.00%,2.00,UK,iHerb,1.20%,May 2021,10–15%
5/31/2021,Melatonin,Sleep Aid,155.00,$55.29,"$8,569.95",13.00%,0.00,UK,Amazon,0.00%,May 2021,10–15%
5/31/2021,Biotin,Vitamin,171.00,$46.59,"$7,966.89",18.00%,1.00,USA,Amazon,0.58%,May 2021,15–20%
5/31/2021,Green Tea Extract,Fat Burner,139.00,$20.99,"$2,917.61",11.00%,2.00,UK,iHerb,1.44%,May 2021,10–15%
5/31/2021,Iron Supplement,Mineral,161.00,$49.61,"$7,987.21",21.00%,2.00,Canada,iHerb,1.24%,May 2021,20–25%
5/31/2021,Electrolyte Powder,Hydration,140.00,$25.74,"$3,603.60",3.00%,1.00,USA,Amazon,0.71%,May 2021,0–5%
6/7/2021,Whey Protein,Protein,139.00,$55.42,"$7,703.38",3.00%,2.00,UK,iHerb,1.44%,Jun 2021,0–5%
6/7/2021,Vitamin C,Vitamin,157.00,$56.13,"$8,812.41",14.00%,1.00,UK,Walmart,0.64%,Jun 2021,10–15%
6/7/2021,Fish Oil,Omega,160.00,$44.68,"$7,148.80",1.00%,3.00,UK,iHerb,1.88%,Jun 2021,0–5%
6/7/2021,Multivitamin,Vitamin,148.00,$21.06,"$3,116.88",17.00%,2.00,UK,Walmart,1.35%,Jun 2021,15–20%
6/7/2021,Pre-Workout,Performance,149.00,$32.82,"$4,890.18",22.00%,1.00,Canada,Amazon,0.67%,Jun 2021,20–25%
6/7/2021,BCAA,Amino Acid,164.00,$30.53,"$5,006.92",6.00%,1.00,UK,Walmart,0.61%,Jun 2021,5–10%
6/7/2021,Creatine,Performance,163.00,$36.22,"$5,903.86",20.00%,1.00,USA,iHerb,0.61%,Jun 2021,15–20%
6/7/2021,Zinc,Mineral,155.00,$15.46,"$2,396.30",20.00%,0.00,UK,Amazon,0.00%,Jun 2021,15–20%
6/7/2021,Collagen Peptides,Protein,141.00,$27.32,"$3,852.12",24.00%,4.00,UK,Walmart,2.84%,Jun 2021,20–25%
6/7/2021,Magnesium,Mineral,141.00,$45.25,"$6,380.25",11.00%,0.00,UK,Walmart,0.00%,Jun 2021,10–15%
6/7/2021,Ashwagandha,Herbal,158.00,$53.51,"$8,454.58",3.00%,0.00,USA,iHerb,0.00%,Jun 2021,0–5%
6/7/2021,Melatonin,Sleep Aid,157.00,$29.88,"$4,691.16",8.00%,1.00,Canada,iHerb,0.64%,Jun 2021,5–10%
6/7/2021,Biotin,Vitamin,149.00,$41.59,"$6,196.91",6.00%,4.00,Canada,Walmart,2.68%,Jun 2021,5–10%
6/7/2021,Green Tea Extract,Fat Burner,144.00,$38.53,"$5,548.32",11.00%,1.00,UK,Walmart,0.69%,Jun 2021,10–15%
6/7/2021,Iron Supplement,Mineral,159.00,$51.66,"$8,213.94",6.00%,2.00,UK,iHerb,1.26%,Jun 2021,5–10%
6/7/2021,Electrolyte Powder,Hydration,153.00,$34.30,"$5,247.90",8.00%,0.00,UK,iHerb,0.00%,Jun 2021,5–10%
6/14/2021,Whey Protein,Protein,139.00,$44.15,"$6,136.85",17.00%,4.00,USA,Amazon,2.88%,Jun 2021,15–20%
6/14/2021,Vitamin C,Vitamin,159.00,$54.21,"$8,619.39",22.00%,1.00,Canada,iHerb,0.63%,Jun 2021,20–25%
6/14/2021,Fish Oil,Omega,151.00,$14.15,"$2,136.65",5.00%,1.00,Canada,iHerb,0.66%,Jun 2021,0–5%
6/14/2021,Multivitamin,Vitamin,153.00,$59.41,"$9,089.73",10.00%,0.00,USA,Amazon,0.00%,Jun 2021,5–10%
6/14/2021,Pre-Workout,Performance,162.00,$19.93,"$3,228.66",12.00%,2.00,UK,Walmart,1.23%,Jun 2021,10–15%
6/14/2021,BCAA,Amino Acid,160.00,$25.26,"$4,041.60",24.00%,2.00,UK,Walmart,1.25%,Jun 2021,20–25%
6/14/2021,Creatine,Performance,147.00,$46.56,"$6,844.32",6.00%,0.00,Canada,iHerb,0.00%,Jun 2021,5–10%
6/14/2021,Zinc,Mineral,151.00,$41.45,"$6,258.95",3.00%,2.00,USA,iHerb,1.32%,Jun 2021,0–5%
6/14/2021,Collagen Peptides,Protein,142.00,$16.35,"$2,321.70",23.00%,3.00,USA,Walmart,2.11%,Jun 2021,20–25%
6/14/2021,Magnesium,Mineral,140.00,$40.43,"$5,660.20",24.00%,1.00,UK,Walmart,0.71%,Jun 2021,20–25%
6/14/2021,Ashwagandha,Herbal,157.00,$29.81,"$4,680.17",24.00%,2.00,Canada,Walmart,1.27%,Jun 2021,20–25%
6/14/2021,Melatonin,Sleep Aid,142.00,$45.18,"$6,415.56",16.00%,1.00,UK,Walmart,0.70%,Jun 2021,15–20%
6/14/2021,Biotin,Vitamin,178.00,$25.19,"$4,483.82",23.00%,1.00,USA,iHerb,0.56%,Jun 2021,20–25%
6/14/2021,Green Tea Extract,Fat Burner,141.00,$51.19,"$7,217.79",3.00%,3.00,UK,Amazon,2.13%,Jun 2021,0–5%
6/14/2021,Iron Supplement,Mineral,161.00,$45.60,"$7,341.60",10.00%,1.00,Canada,iHerb,0.62%,Jun 2021,5–10%
6/14/2021,Electrolyte Powder,Hydration,134.00,$34.05,"$4,562.70",9.00%,1.00,USA,Amazon,0.75%,Jun 2021,5–10%
6/21/2021,Whey Protein,Protein,123.00,$31.81,"$3,912.63",5.00%,2.00,Canada,Walmart,1.63%,Jun 2021,0–5%
6/21/2021,Vitamin C,Vitamin,162.00,$24.92,"$4,037.04",16.00%,1.00,UK,Walmart,0.62%,Jun 2021,15–20%
6/21/2021,Fish Oil,Omega,140.00,$12.02,"$1,682.80",2.00%,0.00,Canada,Amazon,0.00%,Jun 2021,0–5%
6/21/2021,Multivitamin,Vitamin,136.00,$59.79,"$8,131.44",7.00%,0.00,USA,Walmart,0.00%,Jun 2021,5–10%
6/21/2021,Pre-Workout,Performance,151.00,$53.67,"$8,104.17",10.00%,1.00,UK,Amazon,0.66%,Jun 2021,5–10%
6/21/2021,BCAA,Amino Acid,139.00,$25.83,"$3,590.37",17.00%,1.00,UK,Walmart,0.72%,Jun 2021,15–20%
6/21/2021,Creatine,Performance,153.00,$19.56,"$2,992.68",10.00%,4.00,USA,iHerb,2.61%,Jun 2021,5–10%
6/21/2021,Zinc,Mineral,146.00,$22.75,"$3,321.50",3.00%,0.00,Canada,Amazon,0.00%,Jun 2021,0–5%
6/21/2021,Collagen Peptides,Protein,143.00,$18.70,"$2,674.10",19.00%,0.00,Canada,Amazon,0.00%,Jun 2021,15–20%
6/21/2021,Magnesium,Mineral,152.00,$35.33,"$5,370.16",14.00%,1.00,Canada,Walmart,0.66%,Jun 2021,10–15%
6/21/2021,Ashwagandha,Herbal,142.00,$53.56,"$7,605.52",5.00%,0.00,UK,Amazon,0.00%,Jun 2021,0–5%
6/21/2021,Melatonin,Sleep Aid,168.00,$37.57,"$6,311.76",9.00%,0.00,USA,iHerb,0.00%,Jun 2021,5–10%
6/21/2021,Biotin,Vitamin,153.00,$20.15,"$3,082.95",11.00%,2.00,USA,Amazon,1.31%,Jun 2021,10–15%
6/21/2021,Green Tea Extract,Fat Burner,153.00,$37.40,"$5,722.20",18.00%,2.00,UK,iHerb,1.31%,Jun 2021,15–20%
6/21/2021,Iron Supplement,Mineral,155.00,$45.51,"$7,054.05",17.00%,0.00,UK,Walmart,0.00%,Jun 2021,15–20%
6/21/2021,Electrolyte Powder,Hydration,147.00,$43.47,"$6,390.09",5.00%,2.00,USA,iHerb,1.36%,Jun 2021,0–5%
6/28/2021,Whey Protein,Protein,170.00,$56.07,"$9,531.90",24.00%,0.00,UK,Walmart,0.00%,Jun 2021,20–25%
6/28/2021,Vitamin C,Vitamin,154.00,$52.99,"$8,160.46",6.00%,5.00,UK,Amazon,3.25%,Jun 2021,5–10%
6/28/2021,Fish Oil,Omega,154.00,$14.28,"$2,199.12",5.00%,2.00,USA,Walmart,1.30%,Jun 2021,0–5%
6/28/2021,Multivitamin,Vitamin,145.00,$44.80,"$6,496.00",9.00%,0.00,UK,Walmart,0.00%,Jun 2021,5–10%
6/28/2021,Pre-Workout,Performance,127.00,$36.03,"$4,575.81",19.00%,1.00,USA,Amazon,0.79%,Jun 2021,15–20%
6/28/2021,BCAA,Amino Acid,147.00,$11.32,"$1,664.04",8.00%,4.00,UK,iHerb,2.72%,Jun 2021,5–10%
6/28/2021,Creatine,Performance,166.00,$39.39,"$6,538.74",21.00%,1.00,USA,Walmart,0.60%,Jun 2021,20–25%
6/28/2021,Zinc,Mineral,150.00,$44.66,"$6,699.00",2.00%,0.00,Canada,iHerb,0.00%,Jun 2021,0–5%
6/28/2021,Collagen Peptides,Protein,160.00,$40.88,"$6,540.80",16.00%,0.00,USA,Walmart,0.00%,Jun 2021,15–20%
6/28/2021,Magnesium,Mineral,163.00,$22.95,"$3,740.85",18.00%,1.00,Canada,iHerb,0.61%,Jun 2021,15–20%
6/28/2021,Ashwagandha,Herbal,119.00,$18.93,"$2,252.67",8.00%,1.00,USA,Walmart,0.84%,Jun 2021,5–10%
6/28/2021,Melatonin,Sleep Aid,150.00,$23.53,"$3,529.50",1.00%,2.00,USA,Walmart,1.33%,Jun 2021,0–5%
6/28/2021,Biotin,Vitamin,146.00,$53.35,"$7,789.10",19.00%,3.00,USA,Amazon,2.05%,Jun 2021,15–20%
6/28/2021,Green Tea Extract,Fat Burner,150.00,$44.81,"$6,721.50",5.00%,1.00,Canada,iHerb,0.67%,Jun 2021,0–5%
6/28/2021,Iron Supplement,Mineral,134.00,$53.21,"$7,130.14",12.00%,2.00,Canada,iHerb,1.49%,Jun 2021,10–15%
6/28/2021,Electrolyte Powder,Hydration,154.00,$31.59,"$4,864.86",20.00%,1.00,Canada,Walmart,0.65%,Jun 2021,15–20%
7/5/2021,Whey Protein,Protein,175.00,$33.13,"$5,797.75",20.00%,3.00,UK,iHerb,1.71%,Jul 2021,15–20%
7/5/2021,Vitamin C,Vitamin,152.00,$33.39,"$5,075.28",24.00%,2.00,Canada,Walmart,1.32%,Jul 2021,20–25%
7/5/2021,Fish Oil,Omega,162.00,$33.39,"$5,409.18",16.00%,3.00,UK,Amazon,1.85%,Jul 2021,15–20%
7/5/2021,Multivitamin,Vitamin,152.00,$25.86,"$3,930.72",7.00%,1.00,USA,Amazon,0.66%,Jul 2021,5–10%
7/5/2021,Pre-Workout,Performance,123.00,$50.63,"$6,227.49",3.00%,0.00,UK,Amazon,0.00%,Jul 2021,0–5%
7/5/2021,BCAA,Amino Acid,148.00,$48.18,"$7,130.64",11.00%,2.00,USA,Amazon,1.35%,Jul 2021,10–15%
7/5/2021,Creatine,Performance,154.00,$17.82,"$2,744.28",11.00%,1.00,Canada,iHerb,0.65%,Jul 2021,10–15%
7/5/2021,Zinc,Mineral,159.00,$29.41,"$4,676.19",4.00%,1.00,UK,iHerb,0.63%,Jul 2021,0–5%
7/5/2021,Collagen Peptides,Protein,153.00,$35.75,"$5,469.75",4.00%,2.00,Canada,Amazon,1.31%,Jul 2021,0–5%
7/5/2021,Magnesium,Mineral,165.00,$34.58,"$5,705.70",24.00%,1.00,USA,Amazon,0.61%,Jul 2021,20–25%
7/5/2021,Ashwagandha,Herbal,153.00,$40.30,"$6,165.90",2.00%,4.00,Canada,Walmart,2.61%,Jul 2021,0–5%
7/5/2021,Melatonin,Sleep Aid,158.00,$45.21,"$7,143.18",15.00%,1.00,USA,Walmart,0.63%,Jul 2021,10–15%
7/5/2021,Biotin,Vitamin,150.00,$39.17,"$5,875.50",13.00%,1.00,Canada,Amazon,0.67%,Jul 2021,10–15%
7/5/2021,Green Tea Extract,Fat Burner,139.00,$22.08,"$3,069.12",13.00%,1.00,USA,Walmart,0.72%,Jul 2021,10–15%
7/5/2021,Iron Supplement,Mineral,148.00,$27.51,"$4,071.48",11.00%,0.00,Canada,Amazon,0.00%,Jul 2021,10–15%
7/5/2021,Electrolyte Powder,Hydration,152.00,$17.49,"$2,658.48",14.00%,1.00,USA,iHerb,0.66%,Jul 2021,10–15%
7/12/2021,Whey Protein,Protein,140.00,$16.52,"$2,312.80",8.00%,0.00,Canada,iHerb,0.00%,Jul 2021,5–10%
7/12/2021,Vitamin C,Vitamin,134.00,$39.39,"$5,278.26",2.00%,3.00,UK,Walmart,2.24%,Jul 2021,0–5%
7/12/2021,Fish Oil,Omega,182.00,$32.50,"$5,915.00",1.00%,2.00,Canada,Amazon,1.10%,Jul 2021,0–5%
7/12/2021,Multivitamin,Vitamin,147.00,$20.34,"$2,989.98",16.00%,1.00,Canada,Walmart,0.68%,Jul 2021,15–20%
7/12/2021,Pre-Workout,Performance,137.00,$38.25,"$5,240.25",21.00%,0.00,USA,iHerb,0.00%,Jul 2021,20–25%
7/12/2021,BCAA,Amino Acid,161.00,$15.75,"$2,535.75",17.00%,1.00,USA,Amazon,0.62%,Jul 2021,15–20%
7/12/2021,Creatine,Performance,176.00,$42.14,"$7,416.64",10.00%,4.00,UK,Walmart,2.27%,Jul 2021,5–10%
7/12/2021,Zinc,Mineral,144.00,$55.07,"$7,930.08",7.00%,2.00,USA,iHerb,1.39%,Jul 2021,5–10%
7/12/2021,Collagen Peptides,Protein,148.00,$24.75,"$3,663.00",0.00%,0.00,UK,Walmart,0.00%,Jul 2021,0–5%
7/12/2021,Magnesium,Mineral,142.00,$18.56,"$2,635.52",22.00%,2.00,Canada,iHerb,1.41%,Jul 2021,20–25%
7/12/2021,Ashwagandha,Herbal,130.00,$42.68,"$5,548.40",24.00%,0.00,Canada,Walmart,0.00%,Jul 2021,20–25%
7/12/2021,Melatonin,Sleep Aid,173.00,$48.29,"$8,354.17",2.00%,2.00,UK,Walmart,1.16%,Jul 2021,0–5%
7/12/2021,Biotin,Vitamin,140.00,$50.52,"$7,072.80",3.00%,1.00,USA,iHerb,0.71%,Jul 2021,0–5%
7/12/2021,Green Tea Extract,Fat Burner,174.00,$58.90,"$10,248.60",25.00%,2.00,Canada,Walmart,1.15%,Jul 2021,20–25%
7/12/2021,Iron Supplement,Mineral,137.00,$31.22,"$4,277.14",8.00%,1.00,Canada,iHerb,0.73%,Jul 2021,5–10%
7/12/2021,Electrolyte Powder,Hydration,190.00,$46.67,"$8,867.30",0.00%,2.00,UK,Walmart,1.05%,Jul 2021,0–5%
7/19/2021,Whey Protein,Protein,170.00,$19.28,"$3,277.60",16.00%,2.00,UK,Walmart,1.18%,Jul 2021,15–20%
7/19/2021,Vitamin C,Vitamin,157.00,$22.61,"$3,549.77",24.00%,3.00,UK,iHerb,1.91%,Jul 2021,20–25%
7/19/2021,Fish Oil,Omega,148.00,$32.62,"$4,827.76",11.00%,0.00,Canada,Amazon,0.00%,Jul 2021,10–15%
7/19/2021,Multivitamin,Vitamin,147.00,$11.13,"$1,636.11",11.00%,2.00,USA,Walmart,1.36%,Jul 2021,10–15%
7/19/2021,Pre-Workout,Performance,157.00,$55.48,"$8,710.36",0.00%,2.00,USA,iHerb,1.27%,Jul 2021,0–5%
7/19/2021,BCAA,Amino Acid,161.00,$26.19,"$4,216.59",3.00%,3.00,UK,Walmart,1.86%,Jul 2021,0–5%
7/19/2021,Creatine,Performance,149.00,$39.29,"$5,854.21",17.00%,2.00,UK,Amazon,1.34%,Jul 2021,15–20%
7/19/2021,Zinc,Mineral,156.00,$35.68,"$5,566.08",20.00%,1.00,Canada,Walmart,0.64%,Jul 2021,15–20%
7/19/2021,Collagen Peptides,Protein,146.00,$55.73,"$8,136.58",2.00%,2.00,USA,iHerb,1.37%,Jul 2021,0–5%
7/19/2021,Magnesium,Mineral,147.00,$43.98,"$6,465.06",2.00%,2.00,USA,Walmart,1.36%,Jul 2021,0–5%
7/19/2021,Ashwagandha,Herbal,160.00,$18.53,"$2,964.80",22.00%,2.00,Canada,Amazon,1.25%,Jul 2021,20–25%
7/19/2021,Melatonin,Sleep Aid,167.00,$37.10,"$6,195.70",23.00%,3.00,Canada,iHerb,1.80%,Jul 2021,20–25%
7/19/2021,Biotin,Vitamin,148.00,$29.66,"$4,389.68",10.00%,1.00,UK,iHerb,0.68%,Jul 2021,5–10%
7/19/2021,Green Tea Extract,Fat Burner,141.00,$13.49,"$1,902.09",17.00%,0.00,USA,Walmart,0.00%,Jul 2021,15–20%
7/19/2021,Iron Supplement,Mineral,144.00,$23.50,"$3,384.00",19.00%,3.00,USA,iHerb,2.08%,Jul 2021,15–20%
7/19/2021,Electrolyte Powder,Hydration,139.00,$33.52,"$4,659.28",22.00%,2.00,USA,iHerb,1.44%,Jul 2021,20–25%
7/26/2021,Whey Protein,Protein,150.00,$52.37,"$7,855.50",0.00%,1.00,UK,Amazon,0.67%,Jul 2021,0–5%
7/26/2021,Vitamin C,Vitamin,169.00,$37.14,"$6,276.66",13.00%,1.00,Canada,iHerb,0.59%,Jul 2021,10–15%
7/26/2021,Fish Oil,Omega,151.00,$30.92,"$4,668.92",18.00%,3.00,Canada,Amazon,1.99%,Jul 2021,15–20%
7/26/2021,Multivitamin,Vitamin,136.00,$30.40,"$4,134.40",17.00%,0.00,USA,iHerb,0.00%,Jul 2021,15–20%
7/26/2021,Pre-Workout,Performance,155.00,$30.91,"$4,791.05",23.00%,5.00,UK,Amazon,3.23%,Jul 2021,20–25%
7/26/2021,BCAA,Amino Acid,132.00,$57.52,"$7,592.64",24.00%,0.00,USA,Walmart,0.00%,Jul 2021,20–25%
7/26/2021,Creatine,Performance,150.00,$11.02,"$1,653.00",15.00%,1.00,USA,iHerb,0.67%,Jul 2021,10–15%
7/26/2021,Zinc,Mineral,165.00,$44.34,"$7,316.10",17.00%,1.00,UK,Walmart,0.61%,Jul 2021,15–20%
7/26/2021,Collagen Peptides,Protein,142.00,$50.02,"$7,102.84",11.00%,2.00,Canada,iHerb,1.41%,Jul 2021,10–15%
7/26/2021,Magnesium,Mineral,154.00,$31.25,"$4,812.50",7.00%,1.00,Canada,Amazon,0.65%,Jul 2021,5–10%
7/26/2021,Ashwagandha,Herbal,151.00,$32.01,"$4,833.51",2.00%,2.00,UK,Walmart,1.32%,Jul 2021,0–5%
7/26/2021,Melatonin,Sleep Aid,139.00,$30.64,"$4,258.96",6.00%,1.00,UK,Walmart,0.72%,Jul 2021,5–10%
7/26/2021,Biotin,Vitamin,145.00,$36.86,"$5,344.70",5.00%,0.00,UK,Walmart,0.00%,Jul 2021,0–5%
7/26/2021,Green Tea Extract,Fat Burner,167.00,$30.60,"$5,110.20",1.00%,1.00,UK,Amazon,0.60%,Jul 2021,0–5%
7/26/2021,Iron Supplement,Mineral,152.00,$45.35,"$6,893.20",4.00%,1.00,Canada,iHerb,0.66%,Jul 2021,0–5%
7/26/2021,Electrolyte Powder,Hydration,134.00,$20.71,"$2,775.14",2.00%,1.00,UK,iHerb,0.75%,Jul 2021,0–5%
8/2/2021,Whey Protein,Protein,135.00,$36.69,"$4,953.15",4.00%,0.00,Canada,iHerb,0.00%,Aug 2021,0–5%
8/2/2021,Vitamin C,Vitamin,162.00,$40.31,"$6,530.22",8.00%,2.00,USA,Amazon,1.23%,Aug 2021,5–10%
8/2/2021,Fish Oil,Omega,143.00,$21.15,"$3,024.45",5.00%,1.00,USA,iHerb,0.70%,Aug 2021,0–5%
8/2/2021,Multivitamin,Vitamin,156.00,$10.60,"$1,653.60",13.00%,2.00,USA,Amazon,1.28%,Aug 2021,10–15%
8/2/2021,Pre-Workout,Performance,149.00,$56.40,"$8,403.60",21.00%,1.00,UK,iHerb,0.67%,Aug 2021,20–25%
8/2/2021,BCAA,Amino Acid,140.00,$35.22,"$4,930.80",19.00%,1.00,UK,iHerb,0.71%,Aug 2021,15–20%
8/2/2021,Creatine,Performance,127.00,$50.30,"$6,388.10",7.00%,2.00,Canada,Amazon,1.57%,Aug 2021,5–10%
8/2/2021,Zinc,Mineral,147.00,$52.26,"$7,682.22",13.00%,2.00,UK,iHerb,1.36%,Aug 2021,10–15%
8/2/2021,Collagen Peptides,Protein,167.00,$25.66,"$4,285.22",19.00%,1.00,Canada,iHerb,0.60%,Aug 2021,15–20%
8/2/2021,Magnesium,Mineral,146.00,$46.22,"$6,748.12",10.00%,0.00,UK,iHerb,0.00%,Aug 2021,5–10%
8/2/2021,Ashwagandha,Herbal,145.00,$18.80,"$2,726.00",19.00%,1.00,USA,iHerb,0.69%,Aug 2021,15–20%
8/2/2021,Melatonin,Sleep Aid,148.00,$59.10,"$8,746.80",10.00%,0.00,USA,Walmart,0.00%,Aug 2021,5–10%
8/2/2021,Biotin,Vitamin,130.00,$39.97,"$5,196.10",10.00%,1.00,UK,Walmart,0.77%,Aug 2021,5–10%
8/2/2021,Green Tea Extract,Fat Burner,124.00,$35.24,"$4,369.76",4.00%,0.00,UK,iHerb,0.00%,Aug 2021,0–5%
8/2/2021,Iron Supplement,Mineral,133.00,$40.49,"$5,385.17",5.00%,0.00,UK,Amazon,0.00%,Aug 2021,0–5%
8/2/2021,Electrolyte Powder,Hydration,165.00,$26.38,"$4,352.70",5.00%,1.00,UK,Amazon,0.61%,Aug 2021,0–5%
8/9/2021,Whey Protein,Protein,151.00,$18.22,"$2,751.22",20.00%,2.00,UK,Walmart,1.32%,Aug 2021,15–20%
8/9/2021,Vitamin C,Vitamin,134.00,$18.51,"$2,480.34",6.00%,1.00,Canada,iHerb,0.75%,Aug 2021,5–10%
8/9/2021,Fish Oil,Omega,152.00,$57.39,"$8,723.28",3.00%,4.00,Canada,iHerb,2.63%,Aug 2021,0–5%
8/9/2021,Multivitamin,Vitamin,140.00,$26.95,"$3,773.00",4.00%,3.00,UK,iHerb,2.14%,Aug 2021,0–5%
8/9/2021,Pre-Workout,Performance,143.00,$38.32,"$5,479.76",12.00%,1.00,Canada,Walmart,0.70%,Aug 2021,10–15%
8/9/2021,BCAA,Amino Acid,159.00,$43.41,"$6,902.19",22.00%,0.00,USA,iHerb,0.00%,Aug 2021,20–25%
8/9/2021,Creatine,Performance,135.00,$31.86,"$4,301.10",10.00%,0.00,Canada,Walmart,0.00%,Aug 2021,5–10%
8/9/2021,Zinc,Mineral,150.00,$33.83,"$5,074.50",19.00%,1.00,USA,Walmart,0.67%,Aug 2021,15–20%
8/9/2021,Collagen Peptides,Protein,157.00,$30.74,"$4,826.18",19.00%,0.00,Canada,Walmart,0.00%,Aug 2021,15–20%
8/9/2021,Magnesium,Mineral,133.00,$30.10,"$4,003.30",21.00%,1.00,USA,iHerb,0.75%,Aug 2021,20–25%
8/9/2021,Ashwagandha,Herbal,156.00,$39.31,"$6,132.36",9.00%,2.00,Canada,Amazon,1.28%,Aug 2021,5–10%
8/9/2021,Melatonin,Sleep Aid,144.00,$59.64,"$8,588.16",3.00%,0.00,UK,Walmart,0.00%,Aug 2021,0–5%
8/9/2021,Biotin,Vitamin,167.00,$42.51,"$7,099.17",8.00%,1.00,USA,iHerb,0.60%,Aug 2021,5–10%
8/9/2021,Green Tea Extract,Fat Burner,141.00,$30.54,"$4,306.14",18.00%,1.00,UK,iHerb,0.71%,Aug 2021,15–20%
8/9/2021,Iron Supplement,Mineral,176.00,$35.15,"$6,186.40",15.00%,4.00,Canada,iHerb,2.27%,Aug 2021,10–15%
8/9/2021,Electrolyte Powder,Hydration,122.00,$52.68,"$6,426.96",6.00%,3.00,Canada,Amazon,2.46%,Aug 2021,5–10%
8/16/2021,Whey Protein,Protein,173.00,$31.95,"$5,527.35",1.00%,4.00,UK,Walmart,2.31%,Aug 2021,0–5%
8/16/2021,Vitamin C,Vitamin,149.00,$44.49,"$6,629.01",12.00%,0.00,Canada,iHerb,0.00%,Aug 2021,10–15%
8/16/2021,Fish Oil,Omega,139.00,$38.71,"$5,380.69",16.00%,1.00,Canada,iHerb,0.72%,Aug 2021,15–20%
8/16/2021,Multivitamin,Vitamin,154.00,$44.76,"$6,893.04",10.00%,2.00,Canada,Walmart,1.30%,Aug 2021,5–10%
8/16/2021,Pre-Workout,Performance,155.00,$55.85,"$8,656.75",3.00%,2.00,USA,iHerb,1.29%,Aug 2021,0–5%
8/16/2021,BCAA,Amino Acid,133.00,$26.65,"$3,544.45",9.00%,0.00,Canada,iHerb,0.00%,Aug 2021,5–10%
8/16/2021,Creatine,Performance,153.00,$11.71,"$1,791.63",8.00%,3.00,UK,Walmart,1.96%,Aug 2021,5–10%
8/16/2021,Zinc,Mineral,157.00,$44.91,"$7,050.87",8.00%,0.00,UK,Amazon,0.00%,Aug 2021,5–10%
8/16/2021,Collagen Peptides,Protein,141.00,$59.02,"$8,321.82",12.00%,0.00,UK,Walmart,0.00%,Aug 2021,10–15%
8/16/2021,Magnesium,Mineral,135.00,$38.93,"$5,255.55",2.00%,3.00,UK,Amazon,2.22%,Aug 2021,0–5%
8/16/2021,Ashwagandha,Herbal,145.00,$49.03,"$7,109.35",19.00%,2.00,USA,iHerb,1.38%,Aug 2021,15–20%
8/16/2021,Melatonin,Sleep Aid,154.00,$41.44,"$6,381.76",14.00%,5.00,USA,Walmart,3.25%,Aug 2021,10–15%
8/16/2021,Biotin,Vitamin,159.00,$53.62,"$8,525.58",5.00%,0.00,USA,iHerb,0.00%,Aug 2021,0–5%
8/16/2021,Green Tea Extract,Fat Burner,149.00,$51.46,"$7,667.54",11.00%,2.00,Canada,Amazon,1.34%,Aug 2021,10–15%
8/16/2021,Iron Supplement,Mineral,151.00,$40.76,"$6,154.76",21.00%,0.00,USA,Walmart,0.00%,Aug 2021,20–25%
8/16/2021,Electrolyte Powder,Hydration,153.00,$18.21,"$2,786.13",3.00%,4.00,USA,Amazon,2.61%,Aug 2021,0–5%
8/23/2021,Whey Protein,Protein,146.00,$18.57,"$2,711.22",17.00%,2.00,UK,Walmart,1.37%,Aug 2021,15–20%
8/23/2021,Vitamin C,Vitamin,155.00,$54.68,"$8,475.40",10.00%,1.00,Canada,Amazon,0.65%,Aug 2021,5–10%
8/23/2021,Fish Oil,Omega,149.00,$53.18,"$7,923.82",23.00%,1.00,USA,Walmart,0.67%,Aug 2021,20–25%
8/23/2021,Multivitamin,Vitamin,165.00,$56.54,"$9,329.10",6.00%,2.00,USA,iHerb,1.21%,Aug 2021,5–10%
8/23/2021,Pre-Workout,Performance,142.00,$10.27,"$1,458.34",14.00%,1.00,UK,Amazon,0.70%,Aug 2021,10–15%
8/23/2021,BCAA,Amino Acid,143.00,$52.57,"$7,517.51",15.00%,3.00,USA,Walmart,2.10%,Aug 2021,10–15%
8/23/2021,Creatine,Performance,141.00,$32.53,"$4,586.73",0.00%,1.00,Canada,Walmart,0.71%,Aug 2021,0–5%
8/23/2021,Zinc,Mineral,156.00,$46.81,"$7,302.36",14.00%,0.00,USA,Walmart,0.00%,Aug 2021,10–15%
8/23/2021,Collagen Peptides,Protein,133.00,$23.75,"$3,158.75",2.00%,1.00,Canada,Amazon,0.75%,Aug 2021,0–5%
8/23/2021,Magnesium,Mineral,152.00,$46.02,"$6,995.04",16.00%,1.00,USA,iHerb,0.66%,Aug 2021,15–20%
8/23/2021,Ashwagandha,Herbal,160.00,$41.87,"$6,699.20",14.00%,0.00,Canada,Walmart,0.00%,Aug 2021,10–15%
8/23/2021,Melatonin,Sleep Aid,157.00,$57.13,"$8,969.41",20.00%,2.00,USA,Amazon,1.27%,Aug 2021,15–20%
8/23/2021,Biotin,Vitamin,141.00,$27.02,"$3,809.82",12.00%,1.00,UK,Amazon,0.71%,Aug 2021,10–15%
8/23/2021,Green Tea Extract,Fat Burner,150.00,$58.89,"$8,833.50",3.00%,3.00,Canada,iHerb,2.00%,Aug 2021,0–5%
8/23/2021,Iron Supplement,Mineral,170.00,$46.25,"$7,862.50",11.00%,2.00,USA,Amazon,1.18%,Aug 2021,10–15%
8/23/2021,Electrolyte Powder,Hydration,144.00,$38.91,"$5,603.04",12.00%,2.00,Canada,Amazon,1.39%,Aug 2021,10–15%
8/30/2021,Whey Protein,Protein,142.00,$14.19,"$2,014.98",1.00%,1.00,USA,Walmart,0.70%,Aug 2021,0–5%
8/30/2021,Vitamin C,Vitamin,128.00,$50.65,"$6,483.20",1.00%,2.00,UK,Amazon,1.56%,Aug 2021,0–5%
8/30/2021,Fish Oil,Omega,141.00,$34.25,"$4,829.25",8.00%,1.00,Canada,Walmart,0.71%,Aug 2021,5–10%
8/30/2021,Multivitamin,Vitamin,146.00,$15.73,"$2,296.58",25.00%,1.00,Canada,Amazon,0.68%,Aug 2021,20–25%
8/30/2021,Pre-Workout,Performance,144.00,$28.19,"$4,059.36",21.00%,1.00,USA,iHerb,0.69%,Aug 2021,20–25%
8/30/2021,BCAA,Amino Acid,158.00,$52.31,"$8,264.98",18.00%,1.00,UK,Walmart,0.63%,Aug 2021,15–20%
8/30/2021,Creatine,Performance,135.00,$58.80,"$7,938.00",6.00%,1.00,Canada,iHerb,0.74%,Aug 2021,5–10%
8/30/2021,Zinc,Mineral,152.00,$35.84,"$5,447.68",20.00%,1.00,USA,Walmart,0.66%,Aug 2021,15–20%
8/30/2021,Collagen Peptides,Protein,119.00,$38.78,"$4,614.82",24.00%,2.00,Canada,Walmart,1.68%,Aug 2021,20–25%
8/30/2021,Magnesium,Mineral,140.00,$20.06,"$2,808.40",23.00%,3.00,UK,Walmart,2.14%,Aug 2021,20–25%
8/30/2021,Ashwagandha,Herbal,160.00,$35.22,"$5,635.20",12.00%,1.00,Canada,iHerb,0.63%,Aug 2021,10–15%
8/30/2021,Melatonin,Sleep Aid,150.00,$16.59,"$2,488.50",22.00%,2.00,UK,iHerb,1.33%,Aug 2021,20–25%
8/30/2021,Biotin,Vitamin,147.00,$28.50,"$4,189.50",19.00%,2.00,UK,Walmart,1.36%,Aug 2021,15–20%
8/30/2021,Green Tea Extract,Fat Burner,160.00,$20.23,"$3,236.80",8.00%,1.00,UK,iHerb,0.63%,Aug 2021,5–10%
8/30/2021,Iron Supplement,Mineral,144.00,$26.47,"$3,811.68",3.00%,1.00,Canada,iHerb,0.69%,Aug 2021,0–5%
8/30/2021,Electrolyte Powder,Hydration,154.00,$13.55,"$2,086.70",12.00%,2.00,USA,Walmart,1.30%,Aug 2021,10–15%
9/6/2021,Whey Protein,Protein,150.00,$24.45,"$3,667.50",2.00%,4.00,Canada,iHerb,2.67%,Sep 2021,0–5%
9/6/2021,Vitamin C,Vitamin,146.00,$49.60,"$7,241.60",8.00%,2.00,USA,iHerb,1.37%,Sep 2021,5–10%
9/6/2021,Fish Oil,Omega,134.00,$17.24,"$2,310.16",20.00%,0.00,Canada,iHerb,0.00%,Sep 2021,15–20%
9/6/2021,Multivitamin,Vitamin,151.00,$33.05,"$4,990.55",8.00%,1.00,USA,Amazon,0.66%,Sep 2021,5–10%
9/6/2021,Pre-Workout,Performance,174.00,$54.46,"$9,476.04",12.00%,2.00,Canada,Amazon,1.15%,Sep 2021,10–15%
9/6/2021,BCAA,Amino Acid,168.00,$58.09,"$9,759.12",10.00%,2.00,USA,Amazon,1.19%,Sep 2021,5–10%
9/6/2021,Creatine,Performance,140.00,$36.04,"$5,045.60",7.00%,2.00,UK,Amazon,1.43%,Sep 2021,5–10%
9/6/2021,Zinc,Mineral,152.00,$26.15,"$3,974.80",12.00%,2.00,Canada,iHerb,1.32%,Sep 2021,10–15%
9/6/2021,Collagen Peptides,Protein,147.00,$58.08,"$8,537.76",13.00%,2.00,Canada,Amazon,1.36%,Sep 2021,10–15%
9/6/2021,Magnesium,Mineral,147.00,$30.36,"$4,462.92",10.00%,1.00,Canada,Walmart,0.68%,Sep 2021,5–10%
9/6/2021,Ashwagandha,Herbal,151.00,$16.74,"$2,527.74",12.00%,0.00,USA,Amazon,0.00%,Sep 2021,10–15%
9/6/2021,Melatonin,Sleep Aid,134.00,$40.25,"$5,393.50",16.00%,1.00,UK,Amazon,0.75%,Sep 2021,15–20%
9/6/2021,Biotin,Vitamin,170.00,$48.46,"$8,238.20",9.00%,4.00,Canada,iHerb,2.35%,Sep 2021,5–10%
9/6/2021,Green Tea Extract,Fat Burner,137.00,$24.28,"$3,326.36",7.00%,3.00,UK,Walmart,2.19%,Sep 2021,5–10%
9/6/2021,Iron Supplement,Mineral,113.00,$23.70,"$2,678.10",5.00%,0.00,Canada,iHerb,0.00%,Sep 2021,0–5%
9/6/2021,Electrolyte Powder,Hydration,162.00,$10.29,"$1,666.98",11.00%,1.00,Canada,Walmart,0.62%,Sep 2021,10–15%
9/13/2021,Whey Protein,Protein,133.00,$45.10,"$5,998.30",18.00%,2.00,Canada,iHerb,1.50%,Sep 2021,15–20%
9/13/2021,Vitamin C,Vitamin,162.00,$14.66,"$2,374.92",18.00%,4.00,Canada,Amazon,2.47%,Sep 2021,15–20%
9/13/2021,Fish Oil,Omega,156.00,$57.28,"$8,935.68",11.00%,2.00,Canada,Amazon,1.28%,Sep 2021,10–15%
9/13/2021,Multivitamin,Vitamin,149.00,$13.80,"$2,056.20",13.00%,2.00,UK,Walmart,1.34%,Sep 2021,10–15%
9/13/2021,Pre-Workout,Performance,161.00,$55.45,"$8,927.45",24.00%,0.00,Canada,Walmart,0.00%,Sep 2021,20–25%
9/13/2021,BCAA,Amino Acid,146.00,$26.47,"$3,864.62",13.00%,3.00,Canada,Amazon,2.05%,Sep 2021,10–15%
9/13/2021,Creatine,Performance,164.00,$14.65,"$2,402.60",15.00%,2.00,USA,Amazon,1.22%,Sep 2021,10–15%
9/13/2021,Zinc,Mineral,141.00,$56.37,"$7,948.17",10.00%,3.00,UK,Walmart,2.13%,Sep 2021,5–10%
9/13/2021,Collagen Peptides,Protein,146.00,$33.80,"$4,934.80",3.00%,3.00,Canada,Amazon,2.05%,Sep 2021,0–5%
9/13/2021,Magnesium,Mineral,148.00,$28.36,"$4,197.28",0.00%,0.00,Canada,iHerb,0.00%,Sep 2021,0–5%
9/13/2021,Ashwagandha,Herbal,150.00,$26.74,"$4,011.00",17.00%,2.00,Canada,Amazon,1.33%,Sep 2021,15–20%
9/13/2021,Melatonin,Sleep Aid,157.00,$55.74,"$8,751.18",12.00%,1.00,Canada,Walmart,0.64%,Sep 2021,10–15%
9/13/2021,Biotin,Vitamin,138.00,$12.12,"$1,672.56",16.00%,0.00,USA,Amazon,0.00%,Sep 2021,15–20%
9/13/2021,Green Tea Extract,Fat Burner,143.00,$26.36,"$3,769.48",6.00%,0.00,USA,Walmart,0.00%,Sep 2021,5–10%
9/13/2021,Iron Supplement,Mineral,160.00,$32.69,"$5,230.40",13.00%,2.00,USA,iHerb,1.25%,Sep 2021,10–15%
9/13/2021,Electrolyte Powder,Hydration,155.00,$12.24,"$1,897.20",7.00%,1.00,Canada,Amazon,0.65%,Sep 2021,5–10%
9/20/2021,Whey Protein,Protein,135.00,$25.49,"$3,441.15",13.00%,2.00,UK,iHerb,1.48%,Sep 2021,10–15%
9/20/2021,Vitamin C,Vitamin,146.00,$26.81,"$3,914.26",7.00%,1.00,Canada,Amazon,0.68%,Sep 2021,5–10%
9/20/2021,Fish Oil,Omega,147.00,$46.08,"$6,773.76",2.00%,3.00,USA,iHerb,2.04%,Sep 2021,0–5%
9/20/2021,Multivitamin,Vitamin,159.00,$51.01,"$8,110.59",10.00%,1.00,USA,iHerb,0.63%,Sep 2021,5–10%
9/20/2021,Pre-Workout,Performance,150.00,$36.92,"$5,538.00",14.00%,4.00,UK,Walmart,2.67%,Sep 2021,10–15%
9/20/2021,BCAA,Amino Acid,169.00,$50.07,"$8,461.83",24.00%,0.00,USA,iHerb,0.00%,Sep 2021,20–25%
9/20/2021,Creatine,Performance,141.00,$52.33,"$7,378.53",13.00%,2.00,USA,Amazon,1.42%,Sep 2021,10–15%
9/20/2021,Zinc,Mineral,135.00,$46.59,"$6,289.65",4.00%,1.00,Canada,iHerb,0.74%,Sep 2021,0–5%
9/20/2021,Collagen Peptides,Protein,141.00,$45.42,"$6,404.22",9.00%,1.00,Canada,iHerb,0.71%,Sep 2021,5–10%
9/20/2021,Magnesium,Mineral,131.00,$28.49,"$3,732.19",16.00%,2.00,UK,iHerb,1.53%,Sep 2021,15–20%
9/20/2021,Ashwagandha,Herbal,139.00,$40.81,"$5,672.59",11.00%,0.00,Canada,Amazon,0.00%,Sep 2021,10–15%
9/20/2021,Melatonin,Sleep Aid,175.00,$20.40,"$3,570.00",8.00%,3.00,UK,Walmart,1.71%,Sep 2021,5–10%
9/20/2021,Biotin,Vitamin,157.00,$32.06,"$5,033.42",18.00%,1.00,UK,Walmart,0.64%,Sep 2021,15–20%
9/20/2021,Green Tea Extract,Fat Burner,139.00,$58.80,"$8,173.20",8.00%,1.00,Canada,Walmart,0.72%,Sep 2021,5–10%
9/20/2021,Iron Supplement,Mineral,156.00,$52.17,"$8,138.52",19.00%,0.00,Canada,iHerb,0.00%,Sep 2021,15–20%
9/20/2021,Electrolyte Powder,Hydration,165.00,$52.81,"$8,713.65",3.00%,1.00,Canada,Walmart,0.61%,Sep 2021,0–5%
9/27/2021,Whey Protein,Protein,166.00,$13.91,"$2,309.06",20.00%,3.00,Canada,Amazon,1.81%,Sep 2021,15–20%
9/27/2021,Vitamin C,Vitamin,136.00,$44.34,"$6,030.24",13.00%,2.00,UK,Walmart,1.47%,Sep 2021,10–15%
9/27/2021,Fish Oil,Omega,147.00,$24.24,"$3,563.28",13.00%,1.00,UK,Amazon,0.68%,Sep 2021,10–15%
9/27/2021,Multivitamin,Vitamin,162.00,$39.07,"$6,329.34",20.00%,0.00,UK,iHerb,0.00%,Sep 2021,15–20%
9/27/2021,Pre-Workout,Performance,128.00,$44.77,"$5,730.56",10.00%,3.00,USA,Walmart,2.34%,Sep 2021,5–10%
9/27/2021,BCAA,Amino Acid,142.00,$25.03,"$3,554.26",14.00%,1.00,Canada,iHerb,0.70%,Sep 2021,10–15%
9/27/2021,Creatine,Performance,151.00,$55.62,"$8,398.62",7.00%,1.00,USA,iHerb,0.66%,Sep 2021,5–10%
9/27/2021,Zinc,Mineral,152.00,$59.93,"$9,109.36",6.00%,2.00,UK,Amazon,1.32%,Sep 2021,5–10%
9/27/2021,Collagen Peptides,Protein,146.00,$10.46,"$1,527.16",12.00%,1.00,Canada,iHerb,0.68%,Sep 2021,10–15%
9/27/2021,Magnesium,Mineral,142.00,$25.05,"$3,557.10",4.00%,1.00,USA,Walmart,0.70%,Sep 2021,0–5%
9/27/2021,Ashwagandha,Herbal,140.00,$19.94,"$2,791.60",13.00%,0.00,UK,Amazon,0.00%,Sep 2021,10–15%
9/27/2021,Melatonin,Sleep Aid,156.00,$15.52,"$2,421.12",12.00%,0.00,Canada,iHerb,0.00%,Sep 2021,10–15%
9/27/2021,Biotin,Vitamin,153.00,$36.38,"$5,566.14",13.00%,3.00,UK,Walmart,1.96%,Sep 2021,10–15%
9/27/2021,Green Tea Extract,Fat Burner,152.00,$30.08,"$4,572.16",24.00%,2.00,UK,Amazon,1.32%,Sep 2021,20–25%
9/27/2021,Iron Supplement,Mineral,142.00,$31.62,"$4,490.04",21.00%,2.00,USA,Walmart,1.41%,Sep 2021,20–25%
9/27/2021,Electrolyte Powder,Hydration,138.00,$24.53,"$3,385.14",7.00%,1.00,USA,iHerb,0.72%,Sep 2021,5–10%
10/4/2021,Whey Protein,Protein,158.00,$10.05,"$1,587.90",18.00%,0.00,USA,iHerb,0.00%,Oct 2021,15–20%
10/4/2021,Vitamin C,Vitamin,132.00,$29.00,"$3,828.00",12.00%,0.00,UK,Amazon,0.00%,Oct 2021,10–15%
10/4/2021,Fish Oil,Omega,143.00,$32.43,"$4,637.49",16.00%,0.00,Canada,Amazon,0.00%,Oct 2021,15–20%
10/4/2021,Multivitamin,Vitamin,138.00,$22.81,"$3,147.78",10.00%,3.00,UK,iHerb,2.17%,Oct 2021,5–10%
10/4/2021,Pre-Workout,Performance,156.00,$44.18,"$6,892.08",0.00%,2.00,USA,Amazon,1.28%,Oct 2021,0–5%
10/4/2021,BCAA,Amino Acid,149.00,$57.73,"$8,601.77",23.00%,3.00,USA,Amazon,2.01%,Oct 2021,20–25%
10/4/2021,Creatine,Performance,150.00,$33.25,"$4,987.50",17.00%,3.00,Canada,Amazon,2.00%,Oct 2021,15–20%
10/4/2021,Zinc,Mineral,139.00,$50.76,"$7,055.64",24.00%,3.00,UK,iHerb,2.16%,Oct 2021,20–25%
10/4/2021,Collagen Peptides,Protein,142.00,$15.61,"$2,216.62",7.00%,2.00,USA,Amazon,1.41%,Oct 2021,5–10%
10/4/2021,Magnesium,Mineral,154.00,$19.32,"$2,975.28",2.00%,1.00,UK,Amazon,0.65%,Oct 2021,0–5%
10/4/2021,Ashwagandha,Herbal,150.00,$27.42,"$4,113.00",4.00%,2.00,USA,Walmart,1.33%,Oct 2021,0–5%
10/4/2021,Melatonin,Sleep Aid,149.00,$31.38,"$4,675.62",24.00%,0.00,Canada,iHerb,0.00%,Oct 2021,20–25%
10/4/2021,Biotin,Vitamin,151.00,$37.84,"$5,713.84",23.00%,1.00,UK,Walmart,0.66%,Oct 2021,20–25%
10/4/2021,Green Tea Extract,Fat Burner,149.00,$40.45,"$6,027.05",7.00%,0.00,USA,Amazon,0.00%,Oct 2021,5–10%
10/4/2021,Iron Supplement,Mineral,151.00,$13.79,"$2,082.29",17.00%,2.00,USA,Amazon,1.32%,Oct 2021,15–20%
10/4/2021,Electrolyte Powder,Hydration,138.00,$46.02,"$6,350.76",13.00%,1.00,Canada,Walmart,0.72%,Oct 2021,10–15%
10/11/2021,Whey Protein,Protein,143.00,$56.96,"$8,145.28",17.00%,0.00,Canada,Amazon,0.00%,Oct 2021,15–20%
10/11/2021,Vitamin C,Vitamin,149.00,$14.72,"$2,193.28",25.00%,4.00,UK,Walmart,2.68%,Oct 2021,20–25%
10/11/2021,Fish Oil,Omega,129.00,$28.16,"$3,632.64",21.00%,1.00,UK,Amazon,0.78%,Oct 2021,20–25%
10/11/2021,Multivitamin,Vitamin,148.00,$48.72,"$7,210.56",1.00%,2.00,Canada,Amazon,1.35%,Oct 2021,0–5%
10/11/2021,Pre-Workout,Performance,137.00,$27.40,"$3,753.80",12.00%,1.00,USA,Amazon,0.73%,Oct 2021,10–15%
10/11/2021,BCAA,Amino Acid,132.00,$11.67,"$1,540.44",12.00%,3.00,UK,iHerb,2.27%,Oct 2021,10–15%
10/11/2021,Creatine,Performance,159.00,$42.26,"$6,719.34",21.00%,0.00,USA,Amazon,0.00%,Oct 2021,20–25%
10/11/2021,Zinc,Mineral,150.00,$39.34,"$5,901.00",21.00%,0.00,Canada,Amazon,0.00%,Oct 2021,20–25%
10/11/2021,Collagen Peptides,Protein,157.00,$28.96,"$4,546.72",9.00%,2.00,UK,Walmart,1.27%,Oct 2021,5–10%
10/11/2021,Magnesium,Mineral,168.00,$51.24,"$8,608.32",10.00%,0.00,USA,Walmart,0.00%,Oct 2021,5–10%
10/11/2021,Ashwagandha,Herbal,125.00,$29.01,"$3,626.25",8.00%,2.00,USA,Walmart,1.60%,Oct 2021,5–10%
10/11/2021,Melatonin,Sleep Aid,159.00,$21.06,"$3,348.54",7.00%,2.00,USA,Walmart,1.26%,Oct 2021,5–10%
10/11/2021,Biotin,Vitamin,135.00,$57.19,"$7,720.65",20.00%,0.00,Canada,iHerb,0.00%,Oct 2021,15–20%
10/11/2021,Green Tea Extract,Fat Burner,147.00,$49.55,"$7,283.85",13.00%,0.00,USA,iHerb,0.00%,Oct 2021,10–15%
10/11/2021,Iron Supplement,Mineral,159.00,$23.15,"$3,680.85",9.00%,1.00,USA,Walmart,0.63%,Oct 2021,5–10%
10/11/2021,Electrolyte Powder,Hydration,144.00,$29.93,"$4,309.92",0.00%,2.00,Canada,Amazon,1.39%,Oct 2021,0–5%
10/18/2021,Whey Protein,Protein,137.00,$42.68,"$5,847.16",19.00%,2.00,USA,Walmart,1.46%,Oct 2021,15–20%
10/18/2021,Vitamin C,Vitamin,150.00,$46.86,"$7,029.00",17.00%,1.00,UK,iHerb,0.67%,Oct 2021,15–20%
10/18/2021,Fish Oil,Omega,169.00,$59.13,"$9,992.97",22.00%,2.00,UK,iHerb,1.18%,Oct 2021,20–25%
10/18/2021,Multivitamin,Vitamin,174.00,$19.52,"$3,396.48",11.00%,0.00,USA,Walmart,0.00%,Oct 2021,10–15%
10/18/2021,Pre-Workout,Performance,146.00,$29.32,"$4,280.72",8.00%,2.00,USA,iHerb,1.37%,Oct 2021,5–10%
10/18/2021,BCAA,Amino Acid,166.00,$29.27,"$4,858.82",4.00%,2.00,UK,iHerb,1.20%,Oct 2021,0–5%
10/18/2021,Creatine,Performance,132.00,$24.31,"$3,208.92",5.00%,3.00,Canada,Amazon,2.27%,Oct 2021,0–5%
10/18/2021,Zinc,Mineral,150.00,$16.61,"$2,491.50",9.00%,2.00,USA,iHerb,1.33%,Oct 2021,5–10%
10/18/2021,Collagen Peptides,Protein,161.00,$39.49,"$6,357.89",5.00%,1.00,USA,Amazon,0.62%,Oct 2021,0–5%
10/18/2021,Magnesium,Mineral,136.00,$21.24,"$2,888.64",13.00%,1.00,USA,iHerb,0.74%,Oct 2021,10–15%
10/18/2021,Ashwagandha,Herbal,176.00,$42.08,"$7,406.08",20.00%,2.00,Canada,iHerb,1.14%,Oct 2021,15–20%
10/18/2021,Melatonin,Sleep Aid,141.00,$11.96,"$1,686.36",8.00%,2.00,Canada,Walmart,1.42%,Oct 2021,5–10%
10/18/2021,Biotin,Vitamin,122.00,$45.31,"$5,527.82",20.00%,1.00,UK,Amazon,0.82%,Oct 2021,15–20%
10/18/2021,Green Tea Extract,Fat Burner,157.00,$18.00,"$2,826.00",10.00%,2.00,USA,Amazon,1.27%,Oct 2021,5–10%
10/18/2021,Iron Supplement,Mineral,177.00,$35.37,"$6,260.49",8.00%,2.00,USA,iHerb,1.13%,Oct 2021,5–10%
10/18/2021,Electrolyte Powder,Hydration,163.00,$32.53,"$5,302.39",7.00%,1.00,Canada,Walmart,0.61%,Oct 2021,5–10%
10/25/2021,Whey Protein,Protein,146.00,$58.36,"$8,520.56",11.00%,1.00,USA,Walmart,0.68%,Oct 2021,10–15%
10/25/2021,Vitamin C,Vitamin,164.00,$37.60,"$6,166.40",6.00%,2.00,USA,Amazon,1.22%,Oct 2021,5–10%
10/25/2021,Fish Oil,Omega,151.00,$49.04,"$7,405.04",5.00%,2.00,USA,iHerb,1.32%,Oct 2021,0–5%
10/25/2021,Multivitamin,Vitamin,162.00,$18.63,"$3,018.06",0.00%,1.00,Canada,iHerb,0.62%,Oct 2021,0–5%
10/25/2021,Pre-Workout,Performance,145.00,$19.40,"$2,813.00",21.00%,1.00,UK,Walmart,0.69%,Oct 2021,20–25%
10/25/2021,BCAA,Amino Acid,139.00,$34.94,"$4,856.66",5.00%,1.00,Canada,iHerb,0.72%,Oct 2021,0–5%
10/25/2021,Creatine,Performance,137.00,$48.50,"$6,644.50",12.00%,2.00,USA,iHerb,1.46%,Oct 2021,10–15%
10/25/2021,Zinc,Mineral,159.00,$58.31,"$9,271.29",21.00%,1.00,USA,Amazon,0.63%,Oct 2021,20–25%
10/25/2021,Collagen Peptides,Protein,137.00,$16.92,"$2,318.04",19.00%,1.00,USA,Amazon,0.73%,Oct 2021,15–20%
10/25/2021,Magnesium,Mineral,161.00,$40.23,"$6,477.03",17.00%,0.00,UK,Amazon,0.00%,Oct 2021,15–20%
10/25/2021,Ashwagandha,Herbal,143.00,$10.47,"$1,497.21",1.00%,3.00,USA,Amazon,2.10%,Oct 2021,0–5%
10/25/2021,Melatonin,Sleep Aid,157.00,$44.40,"$6,970.80",20.00%,1.00,Canada,Amazon,0.64%,Oct 2021,15–20%
10/25/2021,Biotin,Vitamin,144.00,$34.59,"$4,980.96",19.00%,0.00,UK,iHerb,0.00%,Oct 2021,15–20%
10/25/2021,Green Tea Extract,Fat Burner,141.00,$59.58,"$8,400.78",5.00%,1.00,Canada,Walmart,0.71%,Oct 2021,0–5%
10/25/2021,Iron Supplement,Mineral,172.00,$58.54,"$10,068.88",24.00%,3.00,Canada,Walmart,1.74%,Oct 2021,20–25%
10/25/2021,Electrolyte Powder,Hydration,139.00,$48.04,"$6,677.56",25.00%,0.00,UK,Walmart,0.00%,Oct 2021,20–25%
11/1/2021,Whey Protein,Protein,160.00,$18.78,"$3,004.80",11.00%,3.00,USA,Walmart,1.88%,Nov 2021,10–15%
11/1/2021,Vitamin C,Vitamin,149.00,$59.76,"$8,904.24",10.00%,2.00,USA,iHerb,1.34%,Nov 2021,5–10%
11/1/2021,Fish Oil,Omega,145.00,$44.78,"$6,493.10",23.00%,1.00,UK,Amazon,0.69%,Nov 2021,20–25%
11/1/2021,Multivitamin,Vitamin,160.00,$20.56,"$3,289.60",13.00%,0.00,Canada,Amazon,0.00%,Nov 2021,10–15%
11/1/2021,Pre-Workout,Performance,141.00,$10.75,"$1,515.75",7.00%,1.00,Canada,Walmart,0.71%,Nov 2021,5–10%
11/1/2021,BCAA,Amino Acid,153.00,$42.27,"$6,467.31",10.00%,3.00,UK,Walmart,1.96%,Nov 2021,5–10%
11/1/2021,Creatine,Performance,161.00,$16.54,"$2,662.94",17.00%,2.00,Canada,Walmart,1.24%,Nov 2021,15–20%
11/1/2021,Zinc,Mineral,161.00,$41.26,"$6,642.86",25.00%,2.00,UK,Walmart,1.24%,Nov 2021,20–25%
11/1/2021,Collagen Peptides,Protein,133.00,$22.59,"$3,004.47",19.00%,4.00,Canada,Walmart,3.01%,Nov 2021,15–20%
11/1/2021,Magnesium,Mineral,157.00,$33.02,"$5,184.14",9.00%,1.00,Canada,Amazon,0.64%,Nov 2021,5–10%
11/1/2021,Ashwagandha,Herbal,155.00,$43.93,"$6,809.15",5.00%,1.00,UK,Walmart,0.65%,Nov 2021,0–5%
11/1/2021,Melatonin,Sleep Aid,161.00,$36.83,"$5,929.63",19.00%,2.00,Canada,Walmart,1.24%,Nov 2021,15–20%
11/1/2021,Biotin,Vitamin,147.00,$18.13,"$2,665.11",25.00%,0.00,Canada,iHerb,0.00%,Nov 2021,20–25%
11/1/2021,Green Tea Extract,Fat Burner,140.00,$50.55,"$7,077.00",21.00%,5.00,Canada,iHerb,3.57%,Nov 2021,20–25%
11/1/2021,Iron Supplement,Mineral,142.00,$15.77,"$2,239.34",10.00%,3.00,UK,Amazon,2.11%,Nov 2021,5–10%
11/1/2021,Electrolyte Powder,Hydration,145.00,$35.19,"$5,102.55",16.00%,4.00,USA,Amazon,2.76%,Nov 2021,15–20%
11/8/2021,Whey Protein,Protein,124.00,$53.15,"$6,590.60",12.00%,0.00,USA,Walmart,0.00%,Nov 2021,10–15%
11/8/2021,Vitamin C,Vitamin,152.00,$17.75,"$2,698.00",21.00%,1.00,Canada,iHerb,0.66%,Nov 2021,20–25%
11/8/2021,Fish Oil,Omega,173.00,$44.65,"$7,724.45",0.00%,1.00,USA,iHerb,0.58%,Nov 2021,0–5%
11/8/2021,Multivitamin,Vitamin,137.00,$35.84,"$4,910.08",7.00%,0.00,USA,Walmart,0.00%,Nov 2021,5–10%
11/8/2021,Pre-Workout,Performance,153.00,$12.91,"$1,975.23",9.00%,2.00,UK,Amazon,1.31%,Nov 2021,5–10%
11/8/2021,BCAA,Amino Acid,152.00,$38.29,"$5,820.08",9.00%,4.00,USA,Amazon,2.63%,Nov 2021,5–10%
11/8/2021,Creatine,Performance,124.00,$54.56,"$6,765.44",20.00%,0.00,USA,Walmart,0.00%,Nov 2021,15–20%
11/8/2021,Zinc,Mineral,142.00,$14.21,"$2,017.82",20.00%,2.00,USA,Amazon,1.41%,Nov 2021,15–20%
11/8/2021,Collagen Peptides,Protein,159.00,$45.89,"$7,296.51",17.00%,3.00,Canada,iHerb,1.89%,Nov 2021,15–20%
11/8/2021,Magnesium,Mineral,119.00,$28.65,"$3,409.35",4.00%,1.00,Canada,iHerb,0.84%,Nov 2021,0–5%
11/8/2021,Ashwagandha,Herbal,171.00,$52.25,"$8,934.75",0.00%,0.00,UK,Walmart,0.00%,Nov 2021,0–5%
11/8/2021,Melatonin,Sleep Aid,169.00,$40.32,"$6,814.08",11.00%,4.00,UK,Walmart,2.37%,Nov 2021,10–15%
11/8/2021,Biotin,Vitamin,133.00,$11.48,"$1,526.84",11.00%,1.00,Canada,Walmart,0.75%,Nov 2021,10–15%
11/8/2021,Green Tea Extract,Fat Burner,166.00,$40.70,"$6,756.20",13.00%,0.00,UK,Walmart,0.00%,Nov 2021,10–15%
11/8/2021,Iron Supplement,Mineral,163.00,$21.37,"$3,483.31",0.00%,1.00,Canada,Amazon,0.61%,Nov 2021,0–5%
11/8/2021,Electrolyte Powder,Hydration,132.00,$43.86,"$5,789.52",22.00%,2.00,Canada,iHerb,1.52%,Nov 2021,20–25%
11/15/2021,Whey Protein,Protein,174.00,$10.61,"$1,846.14",17.00%,1.00,UK,Walmart,0.57%,Nov 2021,15–20%
11/15/2021,Vitamin C,Vitamin,141.00,$23.49,"$3,312.09",13.00%,1.00,UK,Walmart,0.71%,Nov 2021,10–15%
11/15/2021,Fish Oil,Omega,150.00,$29.36,"$4,404.00",6.00%,0.00,Canada,Walmart,0.00%,Nov 2021,5–10%
11/15/2021,Multivitamin,Vitamin,144.00,$47.84,"$6,888.96",17.00%,0.00,USA,iHerb,0.00%,Nov 2021,15–20%
11/15/2021,Pre-Workout,Performance,153.00,$34.21,"$5,234.13",14.00%,1.00,USA,Walmart,0.65%,Nov 2021,10–15%
11/15/2021,BCAA,Amino Acid,152.00,$15.48,"$2,352.96",19.00%,0.00,USA,iHerb,0.00%,Nov 2021,15–20%
11/15/2021,Creatine,Performance,180.00,$32.16,"$5,788.80",5.00%,2.00,UK,Walmart,1.11%,Nov 2021,0–5%
11/15/2021,Zinc,Mineral,155.00,$40.17,"$6,226.35",8.00%,3.00,USA,Amazon,1.94%,Nov 2021,5–10%
11/15/2021,Collagen Peptides,Protein,166.00,$26.24,"$4,355.84",7.00%,0.00,UK,Amazon,0.00%,Nov 2021,5–10%
11/15/2021,Magnesium,Mineral,163.00,$26.26,"$4,280.38",12.00%,3.00,USA,iHerb,1.84%,Nov 2021,10–15%
11/15/2021,Ashwagandha,Herbal,134.00,$54.88,"$7,353.92",24.00%,1.00,USA,Amazon,0.75%,Nov 2021,20–25%
11/15/2021,Melatonin,Sleep Aid,139.00,$26.65,"$3,704.35",4.00%,2.00,UK,Walmart,1.44%,Nov 2021,0–5%
11/15/2021,Biotin,Vitamin,149.00,$11.61,"$1,729.89",16.00%,2.00,Canada,Amazon,1.34%,Nov 2021,15–20%
11/15/2021,Green Tea Extract,Fat Burner,144.00,$10.70,"$1,540.80",0.00%,1.00,UK,iHerb,0.69%,Nov 2021,0–5%
11/15/2021,Iron Supplement,Mineral,131.00,$18.85,"$2,469.35",1.00%,3.00,Canada,Amazon,2.29%,Nov 2021,0–5%
11/15/2021,Electrolyte Powder,Hydration,168.00,$43.61,"$7,326.48",0.00%,5.00,USA,iHerb,2.98%,Nov 2021,0–5%
11/22/2021,Whey Protein,Protein,156.00,$54.68,"$8,530.08",7.00%,2.00,Canada,iHerb,1.28%,Nov 2021,5–10%
11/22/2021,Vitamin C,Vitamin,135.00,$37.91,"$5,117.85",19.00%,2.00,UK,Amazon,1.48%,Nov 2021,15–20%
11/22/2021,Fish Oil,Omega,140.00,$47.86,"$6,700.40",25.00%,2.00,USA,Amazon,1.43%,Nov 2021,20–25%
11/22/2021,Multivitamin,Vitamin,149.00,$30.49,"$4,543.01",13.00%,1.00,USA,iHerb,0.67%,Nov 2021,10–15%
11/22/2021,Pre-Workout,Performance,148.00,$36.34,"$5,378.32",8.00%,1.00,Canada,Amazon,0.68%,Nov 2021,5–10%
11/22/2021,BCAA,Amino Acid,140.00,$42.69,"$5,976.60",17.00%,2.00,Canada,Walmart,1.43%,Nov 2021,15–20%
11/22/2021,Creatine,Performance,150.00,$56.82,"$8,523.00",20.00%,2.00,USA,Walmart,1.33%,Nov 2021,15–20%
11/22/2021,Zinc,Mineral,142.00,$32.11,"$4,559.62",1.00%,4.00,USA,iHerb,2.82%,Nov 2021,0–5%
11/22/2021,Collagen Peptides,Protein,153.00,$42.79,"$6,546.87",12.00%,0.00,USA,Walmart,0.00%,Nov 2021,10–15%
11/22/2021,Magnesium,Mineral,154.00,$30.84,"$4,749.36",19.00%,1.00,USA,iHerb,0.65%,Nov 2021,15–20%
11/22/2021,Ashwagandha,Herbal,139.00,$28.60,"$3,975.40",21.00%,2.00,USA,iHerb,1.44%,Nov 2021,20–25%
11/22/2021,Melatonin,Sleep Aid,146.00,$46.04,"$6,721.84",6.00%,0.00,Canada,iHerb,0.00%,Nov 2021,5–10%
11/22/2021,Biotin,Vitamin,157.00,$23.06,"$3,620.42",13.00%,1.00,Canada,Walmart,0.64%,Nov 2021,10–15%
11/22/2021,Green Tea Extract,Fat Burner,136.00,$11.79,"$1,603.44",18.00%,1.00,Canada,iHerb,0.74%,Nov 2021,15–20%
11/22/2021,Iron Supplement,Mineral,131.00,$15.13,"$1,982.03",15.00%,0.00,USA,iHerb,0.00%,Nov 2021,10–15%
11/22/2021,Electrolyte Powder,Hydration,160.00,$22.47,"$3,595.20",22.00%,2.00,Canada,Walmart,1.25%,Nov 2021,20–25%
11/29/2021,Whey Protein,Protein,128.00,$34.65,"$4,435.20",21.00%,1.00,USA,iHerb,0.78%,Nov 2021,20–25%
11/29/2021,Vitamin C,Vitamin,140.00,$33.02,"$4,622.80",1.00%,0.00,Canada,iHerb,0.00%,Nov 2021,0–5%
11/29/2021,Fish Oil,Omega,133.00,$38.36,"$5,101.88",14.00%,0.00,Canada,Amazon,0.00%,Nov 2021,10–15%
11/29/2021,Multivitamin,Vitamin,149.00,$29.88,"$4,452.12",16.00%,2.00,UK,Walmart,1.34%,Nov 2021,15–20%
11/29/2021,Pre-Workout,Performance,161.00,$52.90,"$8,516.90",10.00%,3.00,Canada,Amazon,1.86%,Nov 2021,5–10%
11/29/2021,BCAA,Amino Acid,140.00,$12.66,"$1,772.40",20.00%,1.00,USA,Walmart,0.71%,Nov 2021,15–20%
11/29/2021,Creatine,Performance,140.00,$55.07,"$7,709.80",21.00%,1.00,USA,Walmart,0.71%,Nov 2021,20–25%
11/29/2021,Zinc,Mineral,154.00,$29.58,"$4,555.32",23.00%,0.00,UK,Walmart,0.00%,Nov 2021,20–25%
11/29/2021,Collagen Peptides,Protein,147.00,$34.91,"$5,131.77",11.00%,1.00,UK,iHerb,0.68%,Nov 2021,10–15%
11/29/2021,Magnesium,Mineral,135.00,$22.12,"$2,986.20",5.00%,0.00,Canada,Amazon,0.00%,Nov 2021,0–5%
11/29/2021,Ashwagandha,Herbal,160.00,$41.33,"$6,612.80",18.00%,2.00,USA,Walmart,1.25%,Nov 2021,15–20%
11/29/2021,Melatonin,Sleep Aid,149.00,$28.80,"$4,291.20",16.00%,1.00,UK,Amazon,0.67%,Nov 2021,15–20%
11/29/2021,Biotin,Vitamin,164.00,$18.53,"$3,038.92",3.00%,2.00,USA,Walmart,1.22%,Nov 2021,0–5%
11/29/2021,Green Tea Extract,Fat Burner,143.00,$54.43,"$7,783.49",6.00%,3.00,Canada,iHerb,2.10%,Nov 2021,5–10%
11/29/2021,Iron Supplement,Mineral,158.00,$20.07,"$3,171.06",6.00%,1.00,UK,Amazon,0.63%,Nov 2021,5–10%
11/29/2021,Electrolyte Powder,Hydration,137.00,$26.07,"$3,571.59",4.00%,0.00,Canada,Walmart,0.00%,Nov 2021,0–5%
12/6/2021,Whey Protein,Protein,161.00,$11.42,"$1,838.62",16.00%,4.00,Canada,Amazon,2.48%,Dec 2021,15–20%
12/6/2021,Vitamin C,Vitamin,144.00,$38.52,"$5,546.88",23.00%,2.00,UK,iHerb,1.39%,Dec 2021,20–25%
12/6/2021,Fish Oil,Omega,154.00,$37.09,"$5,711.86",2.00%,2.00,Canada,Amazon,1.30%,Dec 2021,0–5%
12/6/2021,Multivitamin,Vitamin,141.00,$37.28,"$5,256.48",18.00%,2.00,UK,Amazon,1.42%,Dec 2021,15–20%
12/6/2021,Pre-Workout,Performance,138.00,$35.63,"$4,916.94",8.00%,3.00,UK,Walmart,2.17%,Dec 2021,5–10%
12/6/2021,BCAA,Amino Acid,149.00,$39.03,"$5,815.47",19.00%,1.00,UK,iHerb,0.67%,Dec 2021,15–20%
12/6/2021,Creatine,Performance,163.00,$37.30,"$6,079.90",5.00%,1.00,USA,Amazon,0.61%,Dec 2021,0–5%
12/6/2021,Zinc,Mineral,143.00,$58.35,"$8,344.05",4.00%,2.00,UK,Amazon,1.40%,Dec 2021,0–5%
12/6/2021,Collagen Peptides,Protein,157.00,$12.02,"$1,887.14",10.00%,4.00,UK,Amazon,2.55%,Dec 2021,5–10%
12/6/2021,Magnesium,Mineral,150.00,$14.20,"$2,130.00",17.00%,2.00,Canada,Amazon,1.33%,Dec 2021,15–20%
12/6/2021,Ashwagandha,Herbal,163.00,$33.55,"$5,468.65",10.00%,1.00,USA,Walmart,0.61%,Dec 2021,5–10%
12/6/2021,Melatonin,Sleep Aid,148.00,$31.62,"$4,679.76",24.00%,0.00,UK,iHerb,0.00%,Dec 2021,20–25%
12/6/2021,Biotin,Vitamin,171.00,$41.19,"$7,043.49",21.00%,1.00,UK,iHerb,0.58%,Dec 2021,20–25%
12/6/2021,Green Tea Extract,Fat Burner,147.00,$28.74,"$4,224.78",23.00%,3.00,UK,Walmart,2.04%,Dec 2021,20–25%
12/6/2021,Iron Supplement,Mineral,132.00,$31.39,"$4,143.48",2.00%,1.00,USA,iHerb,0.76%,Dec 2021,0–5%
12/6/2021,Electrolyte Powder,Hydration,135.00,$10.36,"$1,398.60",8.00%,2.00,Canada,iHerb,1.48%,Dec 2021,5–10%
12/13/2021,Whey Protein,Protein,149.00,$53.71,"$8,002.79",9.00%,0.00,Canada,Amazon,0.00%,Dec 2021,5–10%
12/13/2021,Vitamin C,Vitamin,163.00,$59.90,"$9,763.70",6.00%,2.00,Canada,Walmart,1.23%,Dec 2021,5–10%
12/13/2021,Fish Oil,Omega,169.00,$55.41,"$9,364.29",8.00%,5.00,UK,Amazon,2.96%,Dec 2021,5–10%
12/13/2021,Multivitamin,Vitamin,151.00,$21.17,"$3,196.67",18.00%,0.00,Canada,Amazon,0.00%,Dec 2021,15–20%
12/13/2021,Pre-Workout,Performance,152.00,$57.78,"$8,782.56",1.00%,0.00,UK,iHerb,0.00%,Dec 2021,0–5%
12/13/2021,BCAA,Amino Acid,140.00,$21.64,"$3,029.60",12.00%,3.00,USA,iHerb,2.14%,Dec 2021,10–15%
12/13/2021,Creatine,Performance,158.00,$14.45,"$2,283.10",17.00%,0.00,USA,Amazon,0.00%,Dec 2021,15–20%
12/13/2021,Zinc,Mineral,161.00,$30.85,"$4,966.85",9.00%,3.00,Canada,Amazon,1.86%,Dec 2021,5–10%
12/13/2021,Collagen Peptides,Protein,134.00,$17.10,"$2,291.40",18.00%,3.00,UK,Walmart,2.24%,Dec 2021,15–20%
12/13/2021,Magnesium,Mineral,148.00,$56.37,"$8,342.76",13.00%,1.00,UK,iHerb,0.68%,Dec 2021,10–15%
12/13/2021,Ashwagandha,Herbal,153.00,$15.34,"$2,347.02",21.00%,1.00,UK,Walmart,0.65%,Dec 2021,20–25%
12/13/2021,Melatonin,Sleep Aid,128.00,$28.85,"$3,692.80",3.00%,2.00,USA,iHerb,1.56%,Dec 2021,0–5%
12/13/2021,Biotin,Vitamin,163.00,$40.08,"$6,533.04",15.00%,1.00,USA,Amazon,0.61%,Dec 2021,10–15%
12/13/2021,Green Tea Extract,Fat Burner,169.00,$33.24,"$5,617.56",25.00%,1.00,Canada,Amazon,0.59%,Dec 2021,20–25%
12/13/2021,Iron Supplement,Mineral,137.00,$50.70,"$6,945.90",19.00%,2.00,Canada,Walmart,1.46%,Dec 2021,15–20%
12/13/2021,Electrolyte Powder,Hydration,158.00,$53.10,"$8,389.80",22.00%,0.00,UK,Walmart,0.00%,Dec 2021,20–25%
12/20/2021,Whey Protein,Protein,167.00,$42.32,"$7,067.44",14.00%,0.00,Canada,Walmart,0.00%,Dec 2021,10–15%
12/20/2021,Vitamin C,Vitamin,159.00,$42.39,"$6,740.01",13.00%,1.00,Canada,iHerb,0.63%,Dec 2021,10–15%
12/20/2021,Fish Oil,Omega,137.00,$17.94,"$2,457.78",5.00%,4.00,UK,Amazon,2.92%,Dec 2021,0–5%
12/20/2021,Multivitamin,Vitamin,136.00,$39.53,"$5,376.08",15.00%,0.00,USA,Walmart,0.00%,Dec 2021,10–15%
12/20/2021,Pre-Workout,Performance,161.00,$21.87,"$3,521.07",7.00%,4.00,USA,Amazon,2.48%,Dec 2021,5–10%
12/20/2021,BCAA,Amino Acid,163.00,$14.11,"$2,299.93",10.00%,2.00,USA,Walmart,1.23%,Dec 2021,5–10%
12/20/2021,Creatine,Performance,138.00,$40.05,"$5,526.90",8.00%,2.00,USA,Amazon,1.45%,Dec 2021,5–10%
12/20/2021,Zinc,Mineral,164.00,$51.93,"$8,516.52",3.00%,3.00,Canada,Walmart,1.83%,Dec 2021,0–5%
12/20/2021,Collagen Peptides,Protein,136.00,$42.09,"$5,724.24",12.00%,3.00,USA,Walmart,2.21%,Dec 2021,10–15%
12/20/2021,Magnesium,Mineral,145.00,$35.04,"$5,080.80",11.00%,1.00,UK,Walmart,0.69%,Dec 2021,10–15%
12/20/2021,Ashwagandha,Herbal,157.00,$52.65,"$8,266.05",24.00%,1.00,Canada,iHerb,0.64%,Dec 2021,20–25%
12/20/2021,Melatonin,Sleep Aid,158.00,$43.85,"$6,928.30",12.00%,5.00,Canada,Walmart,3.16%,Dec 2021,10–15%
12/20/2021,Biotin,Vitamin,162.00,$22.59,"$3,659.58",9.00%,0.00,UK,Amazon,0.00%,Dec 2021,5–10%
12/20/2021,Green Tea Extract,Fat Burner,151.00,$36.26,"$5,475.26",24.00%,3.00,Canada,Amazon,1.99%,Dec 2021,20–25%
12/20/2021,Iron Supplement,Mineral,136.00,$31.20,"$4,243.20",9.00%,2.00,UK,iHerb,1.47%,Dec 2021,5–10%
12/20/2021,Electrolyte Powder,Hydration,151.00,$52.65,"$7,950.15",20.00%,0.00,USA,iHerb,0.00%,Dec 2021,15–20%
12/27/2021,Whey Protein,Protein,158.00,$24.73,"$3,907.34",1.00%,1.00,UK,iHerb,0.63%,Dec 2021,0–5%
12/27/2021,Vitamin C,Vitamin,145.00,$44.73,"$6,485.85",19.00%,1.00,USA,Amazon,0.69%,Dec 2021,15–20%
12/27/2021,Fish Oil,Omega,155.00,$22.32,"$3,459.60",0.00%,1.00,Canada,Walmart,0.65%,Dec 2021,0–5%
12/27/2021,Multivitamin,Vitamin,135.00,$18.33,"$2,474.55",13.00%,1.00,USA,iHerb,0.74%,Dec 2021,10–15%
12/27/2021,Pre-Workout,Performance,142.00,$11.86,"$1,684.12",1.00%,2.00,Canada,Amazon,1.41%,Dec 2021,0–5%
12/27/2021,BCAA,Amino Acid,143.00,$31.59,"$4,517.37",11.00%,1.00,Canada,iHerb,0.70%,Dec 2021,10–15%
12/27/2021,Creatine,Performance,158.00,$16.08,"$2,540.64",14.00%,1.00,Canada,Walmart,0.63%,Dec 2021,10–15%
12/27/2021,Zinc,Mineral,148.00,$34.71,"$5,137.08",16.00%,1.00,USA,Walmart,0.68%,Dec 2021,15–20%
12/27/2021,Collagen Peptides,Protein,159.00,$36.71,"$5,836.89",17.00%,3.00,UK,iHerb,1.89%,Dec 2021,15–20%
12/27/2021,Magnesium,Mineral,148.00,$48.21,"$7,135.08",15.00%,0.00,USA,iHerb,0.00%,Dec 2021,10–15%
12/27/2021,Ashwagandha,Herbal,168.00,$47.42,"$7,966.56",19.00%,4.00,Canada,iHerb,2.38%,Dec 2021,15–20%
12/27/2021,Melatonin,Sleep Aid,124.00,$31.39,"$3,892.36",8.00%,0.00,USA,Walmart,0.00%,Dec 2021,5–10%
12/27/2021,Biotin,Vitamin,152.00,$15.23,"$2,314.96",15.00%,2.00,UK,Amazon,1.32%,Dec 2021,10–15%
12/27/2021,Green Tea Extract,Fat Burner,147.00,$53.27,"$7,830.69",7.00%,0.00,USA,Amazon,0.00%,Dec 2021,5–10%
12/27/2021,Iron Supplement,Mineral,148.00,$38.79,"$5,740.92",15.00%,2.00,Canada,iHerb,1.35%,Dec 2021,10–15%
12/27/2021,Electrolyte Powder,Hydration,150.00,$52.91,"$7,936.50",8.00%,4.00,USA,iHerb,2.67%,Dec 2021,5–10%
1/3/2022,Whey Protein,Protein,130.00,$12.33,"$1,602.90",18.00%,2.00,Canada,iHerb,1.54%,Jan 2022,15–20%
1/3/2022,Vitamin C,Vitamin,148.00,$39.51,"$5,847.48",16.00%,3.00,USA,Walmart,2.03%,Jan 2022,15–20%
1/3/2022,Fish Oil,Omega,142.00,$55.30,"$7,852.60",23.00%,4.00,USA,Amazon,2.82%,Jan 2022,20–25%
1/3/2022,Multivitamin,Vitamin,169.00,$51.19,"$8,651.11",10.00%,5.00,UK,Walmart,2.96%,Jan 2022,5–10%
1/3/2022,Pre-Workout,Performance,149.00,$36.49,"$5,437.01",8.00%,0.00,USA,Walmart,0.00%,Jan 2022,5–10%
1/3/2022,BCAA,Amino Acid,168.00,$16.98,"$2,852.64",19.00%,2.00,UK,Walmart,1.19%,Jan 2022,15–20%
1/3/2022,Creatine,Performance,147.00,$52.99,"$7,789.53",18.00%,1.00,Canada,iHerb,0.68%,Jan 2022,15–20%
1/3/2022,Zinc,Mineral,154.00,$33.70,"$5,189.80",5.00%,0.00,Canada,Amazon,0.00%,Jan 2022,0–5%
1/3/2022,Collagen Peptides,Protein,156.00,$30.19,"$4,709.64",5.00%,2.00,Canada,Walmart,1.28%,Jan 2022,0–5%
1/3/2022,Magnesium,Mineral,166.00,$53.44,"$8,871.04",13.00%,2.00,USA,Amazon,1.20%,Jan 2022,10–15%
1/3/2022,Ashwagandha,Herbal,135.00,$29.48,"$3,979.80",13.00%,3.00,UK,iHerb,2.22%,Jan 2022,10–15%
1/3/2022,Melatonin,Sleep Aid,166.00,$18.64,"$3,094.24",9.00%,1.00,USA,Walmart,0.60%,Jan 2022,5–10%
1/3/2022,Biotin,Vitamin,154.00,$58.11,"$8,948.94",16.00%,3.00,UK,Amazon,1.95%,Jan 2022,15–20%
1/3/2022,Green Tea Extract,Fat Burner,151.00,$36.23,"$5,470.73",14.00%,2.00,UK,Amazon,1.32%,Jan 2022,10–15%
1/3/2022,Iron Supplement,Mineral,139.00,$28.20,"$3,919.80",24.00%,1.00,Canada,iHerb,0.72%,Jan 2022,20–25%
1/3/2022,Electrolyte Powder,Hydration,160.00,$23.28,"$3,724.80",14.00%,3.00,USA,iHerb,1.88%,Jan 2022,10–15%
1/10/2022,Whey Protein,Protein,149.00,$20.72,"$3,087.28",2.00%,3.00,Canada,Amazon,2.01%,Jan 2022,0–5%
1/10/2022,Vitamin C,Vitamin,156.00,$51.35,"$8,010.60",21.00%,2.00,USA,Amazon,1.28%,Jan 2022,20–25%
1/10/2022,Fish Oil,Omega,146.00,$31.61,"$4,615.06",13.00%,1.00,UK,Amazon,0.68%,Jan 2022,10–15%
1/10/2022,Multivitamin,Vitamin,152.00,$12.40,"$1,884.80",22.00%,1.00,Canada,Walmart,0.66%,Jan 2022,20–25%
1/10/2022,Pre-Workout,Performance,153.00,$10.17,"$1,556.01",6.00%,2.00,UK,Amazon,1.31%,Jan 2022,5–10%
1/10/2022,BCAA,Amino Acid,139.00,$19.08,"$2,652.12",0.00%,2.00,USA,Walmart,1.44%,Jan 2022,0–5%
1/10/2022,Creatine,Performance,166.00,$19.41,"$3,222.06",7.00%,1.00,UK,Walmart,0.60%,Jan 2022,5–10%
1/10/2022,Zinc,Mineral,179.00,$46.58,"$8,337.82",11.00%,1.00,Canada,Amazon,0.56%,Jan 2022,10–15%
1/10/2022,Collagen Peptides,Protein,148.00,$49.93,"$7,389.64",6.00%,2.00,UK,Amazon,1.35%,Jan 2022,5–10%
1/10/2022,Magnesium,Mineral,138.00,$50.47,"$6,964.86",24.00%,1.00,USA,Amazon,0.72%,Jan 2022,20–25%
1/10/2022,Ashwagandha,Herbal,158.00,$19.22,"$3,036.76",11.00%,0.00,Canada,iHerb,0.00%,Jan 2022,10–15%
1/10/2022,Melatonin,Sleep Aid,153.00,$36.90,"$5,645.70",17.00%,0.00,USA,Amazon,0.00%,Jan 2022,15–20%
1/10/2022,Biotin,Vitamin,152.00,$57.01,"$8,665.52",19.00%,4.00,USA,Walmart,2.63%,Jan 2022,15–20%
1/10/2022,Green Tea Extract,Fat Burner,117.00,$19.77,"$2,313.09",0.00%,0.00,UK,Amazon,0.00%,Jan 2022,0–5%
1/10/2022,Iron Supplement,Mineral,156.00,$35.45,"$5,530.20",22.00%,2.00,USA,iHerb,1.28%,Jan 2022,20–25%
1/10/2022,Electrolyte Powder,Hydration,146.00,$32.79,"$4,787.34",4.00%,2.00,UK,Walmart,1.37%,Jan 2022,0–5%
1/17/2022,Whey Protein,Protein,145.00,$47.83,"$6,935.35",15.00%,1.00,USA,Amazon,0.69%,Jan 2022,10–15%
1/17/2022,Vitamin C,Vitamin,139.00,$34.32,"$4,770.48",6.00%,0.00,Canada,iHerb,0.00%,Jan 2022,5–10%
1/17/2022,Fish Oil,Omega,136.00,$21.45,"$2,917.20",13.00%,1.00,Canada,Amazon,0.74%,Jan 2022,10–15%
1/17/2022,Multivitamin,Vitamin,153.00,$53.39,"$8,168.67",11.00%,0.00,Canada,Walmart,0.00%,Jan 2022,10–15%
1/17/2022,Pre-Workout,Performance,147.00,$37.89,"$5,569.83",16.00%,0.00,UK,Walmart,0.00%,Jan 2022,15–20%
1/17/2022,BCAA,Amino Acid,155.00,$47.53,"$7,367.15",8.00%,2.00,USA,iHerb,1.29%,Jan 2022,5–10%
1/17/2022,Creatine,Performance,122.00,$45.25,"$5,520.50",6.00%,2.00,USA,Amazon,1.64%,Jan 2022,5–10%
1/17/2022,Zinc,Mineral,155.00,$27.68,"$4,290.40",12.00%,2.00,UK,Walmart,1.29%,Jan 2022,10–15%
1/17/2022,Collagen Peptides,Protein,149.00,$31.68,"$4,720.32",5.00%,0.00,USA,Walmart,0.00%,Jan 2022,0–5%
1/17/2022,Magnesium,Mineral,159.00,$20.12,"$3,199.08",24.00%,1.00,Canada,Walmart,0.63%,Jan 2022,20–25%
1/17/2022,Ashwagandha,Herbal,171.00,$46.12,"$7,886.52",2.00%,1.00,Canada,Walmart,0.58%,Jan 2022,0–5%
1/17/2022,Melatonin,Sleep Aid,144.00,$26.95,"$3,880.80",20.00%,0.00,Canada,Walmart,0.00%,Jan 2022,15–20%
1/17/2022,Biotin,Vitamin,137.00,$30.42,"$4,167.54",9.00%,2.00,USA,iHerb,1.46%,Jan 2022,5–10%
1/17/2022,Green Tea Extract,Fat Burner,131.00,$51.86,"$6,793.66",2.00%,3.00,Canada,Amazon,2.29%,Jan 2022,0–5%
1/17/2022,Iron Supplement,Mineral,142.00,$48.82,"$6,932.44",15.00%,2.00,USA,Amazon,1.41%,Jan 2022,10–15%
1/17/2022,Electrolyte Powder,Hydration,160.00,$51.66,"$8,265.60",18.00%,2.00,USA,iHerb,1.25%,Jan 2022,15–20%
1/24/2022,Whey Protein,Protein,168.00,$20.08,"$3,373.44",11.00%,1.00,Canada,Amazon,0.60%,Jan 2022,10–15%
1/24/2022,Vitamin C,Vitamin,134.00,$35.31,"$4,731.54",1.00%,3.00,UK,Walmart,2.24%,Jan 2022,0–5%
1/24/2022,Fish Oil,Omega,165.00,$21.45,"$3,539.25",3.00%,1.00,UK,iHerb,0.61%,Jan 2022,0–5%
1/24/2022,Multivitamin,Vitamin,141.00,$58.32,"$8,223.12",14.00%,3.00,UK,Walmart,2.13%,Jan 2022,10–15%
1/24/2022,Pre-Workout,Performance,155.00,$52.73,"$8,173.15",12.00%,3.00,Canada,Amazon,1.94%,Jan 2022,10–15%
1/24/2022,BCAA,Amino Acid,142.00,$52.77,"$7,493.34",15.00%,3.00,UK,Amazon,2.11%,Jan 2022,10–15%
1/24/2022,Creatine,Performance,174.00,$35.05,"$6,098.70",9.00%,2.00,Canada,Amazon,1.15%,Jan 2022,5–10%
1/24/2022,Zinc,Mineral,161.00,$37.84,"$6,092.24",18.00%,0.00,Canada,iHerb,0.00%,Jan 2022,15–20%
1/24/2022,Collagen Peptides,Protein,162.00,$57.48,"$9,311.76",8.00%,0.00,Canada,iHerb,0.00%,Jan 2022,5–10%
1/24/2022,Magnesium,Mineral,150.00,$58.48,"$8,772.00",1.00%,2.00,UK,Amazon,1.33%,Jan 2022,0–5%
1/24/2022,Ashwagandha,Herbal,151.00,$13.29,"$2,006.79",16.00%,2.00,UK,Amazon,1.32%,Jan 2022,15–20%
1/24/2022,Melatonin,Sleep Aid,142.00,$25.21,"$3,579.82",11.00%,1.00,UK,Amazon,0.70%,Jan 2022,10–15%
1/24/2022,Biotin,Vitamin,145.00,$29.36,"$4,257.20",15.00%,1.00,USA,iHerb,0.69%,Jan 2022,10–15%
1/24/2022,Green Tea Extract,Fat Burner,157.00,$24.23,"$3,804.11",20.00%,0.00,Canada,Walmart,0.00%,Jan 2022,15–20%
1/24/2022,Iron Supplement,Mineral,165.00,$51.72,"$8,533.80",9.00%,2.00,UK,Walmart,1.21%,Jan 2022,5–10%
1/24/2022,Electrolyte Powder,Hydration,136.00,$20.80,"$2,828.80",3.00%,1.00,Canada,Amazon,0.74%,Jan 2022,0–5%
1/31/2022,Whey Protein,Protein,150.00,$49.49,"$7,423.50",16.00%,2.00,Canada,Walmart,1.33%,Jan 2022,15–20%
1/31/2022,Vitamin C,Vitamin,147.00,$30.73,"$4,517.31",21.00%,1.00,USA,iHerb,0.68%,Jan 2022,20–25%
1/31/2022,Fish Oil,Omega,165.00,$15.32,"$2,527.80",12.00%,2.00,Canada,Amazon,1.21%,Jan 2022,10–15%
1/31/2022,Multivitamin,Vitamin,142.00,$39.75,"$5,644.50",8.00%,0.00,USA,Walmart,0.00%,Jan 2022,5–10%
1/31/2022,Pre-Workout,Performance,159.00,$51.72,"$8,223.48",11.00%,2.00,Canada,Walmart,1.26%,Jan 2022,10–15%
1/31/2022,BCAA,Amino Acid,166.00,$28.58,"$4,744.28",5.00%,3.00,UK,Walmart,1.81%,Jan 2022,0–5%
1/31/2022,Creatine,Performance,148.00,$55.22,"$8,172.56",5.00%,0.00,Canada,iHerb,0.00%,Jan 2022,0–5%
1/31/2022,Zinc,Mineral,156.00,$26.00,"$4,056.00",8.00%,2.00,UK,Walmart,1.28%,Jan 2022,5–10%
1/31/2022,Collagen Peptides,Protein,137.00,$21.17,"$2,900.29",2.00%,3.00,UK,iHerb,2.19%,Jan 2022,0–5%
1/31/2022,Magnesium,Mineral,165.00,$45.12,"$7,444.80",14.00%,3.00,UK,Amazon,1.82%,Jan 2022,10–15%
1/31/2022,Ashwagandha,Herbal,143.00,$34.27,"$4,900.61",9.00%,3.00,Canada,Amazon,2.10%,Jan 2022,5–10%
1/31/2022,Melatonin,Sleep Aid,136.00,$38.85,"$5,283.60",16.00%,0.00,UK,Walmart,0.00%,Jan 2022,15–20%
1/31/2022,Biotin,Vitamin,146.00,$22.33,"$3,260.18",17.00%,2.00,USA,Amazon,1.37%,Jan 2022,15–20%
1/31/2022,Green Tea Extract,Fat Burner,148.00,$46.83,"$6,930.84",11.00%,2.00,Canada,Walmart,1.35%,Jan 2022,10–15%
1/31/2022,Iron Supplement,Mineral,157.00,$53.93,"$8,467.01",9.00%,1.00,UK,Walmart,0.64%,Jan 2022,5–10%
1/31/2022,Electrolyte Powder,Hydration,139.00,$12.15,"$1,688.85",22.00%,2.00,USA,iHerb,1.44%,Jan 2022,20–25%
2/7/2022,Whey Protein,Protein,156.00,$52.46,"$8,183.76",12.00%,3.00,UK,Amazon,1.92%,Feb 2022,10–15%
2/7/2022,Vitamin C,Vitamin,145.00,$44.93,"$6,514.85",6.00%,1.00,Canada,Walmart,0.69%,Feb 2022,5–10%
2/7/2022,Fish Oil,Omega,151.00,$39.56,"$5,973.56",8.00%,0.00,Canada,Walmart,0.00%,Feb 2022,5–10%
2/7/2022,Multivitamin,Vitamin,177.00,$53.85,"$9,531.45",17.00%,1.00,USA,iHerb,0.56%,Feb 2022,15–20%
2/7/2022,Pre-Workout,Performance,150.00,$58.01,"$8,701.50",6.00%,3.00,Canada,Walmart,2.00%,Feb 2022,5–10%
2/7/2022,BCAA,Amino Acid,172.00,$56.56,"$9,728.32",10.00%,4.00,Canada,Walmart,2.33%,Feb 2022,5–10%
2/7/2022,Creatine,Performance,157.00,$55.34,"$8,688.38",12.00%,1.00,USA,Amazon,0.64%,Feb 2022,10–15%
2/7/2022,Zinc,Mineral,152.00,$33.46,"$5,085.92",21.00%,0.00,Canada,Walmart,0.00%,Feb 2022,20–25%
2/7/2022,Collagen Peptides,Protein,141.00,$30.79,"$4,341.39",18.00%,2.00,USA,Walmart,1.42%,Feb 2022,15–20%
2/7/2022,Magnesium,Mineral,176.00,$22.73,"$4,000.48",23.00%,3.00,USA,iHerb,1.70%,Feb 2022,20–25%
2/7/2022,Ashwagandha,Herbal,153.00,$56.22,"$8,601.66",18.00%,1.00,UK,Walmart,0.65%,Feb 2022,15–20%
2/7/2022,Melatonin,Sleep Aid,158.00,$29.32,"$4,632.56",10.00%,0.00,USA,iHerb,0.00%,Feb 2022,5–10%
2/7/2022,Biotin,Vitamin,156.00,$59.41,"$9,267.96",9.00%,2.00,UK,Walmart,1.28%,Feb 2022,5–10%
2/7/2022,Green Tea Extract,Fat Burner,174.00,$45.88,"$7,983.12",19.00%,0.00,UK,Walmart,0.00%,Feb 2022,15–20%
2/7/2022,Iron Supplement,Mineral,165.00,$11.67,"$1,925.55",2.00%,0.00,UK,Amazon,0.00%,Feb 2022,0–5%
2/7/2022,Electrolyte Powder,Hydration,144.00,$36.62,"$5,273.28",7.00%,3.00,Canada,Amazon,2.08%,Feb 2022,5–10%
2/14/2022,Whey Protein,Protein,145.00,$25.01,"$3,626.45",13.00%,1.00,Canada,Walmart,0.69%,Feb 2022,10–15%
2/14/2022,Vitamin C,Vitamin,142.00,$50.96,"$7,236.32",25.00%,1.00,UK,Walmart,0.70%,Feb 2022,20–25%
2/14/2022,Fish Oil,Omega,146.00,$45.92,"$6,704.32",10.00%,3.00,Canada,Walmart,2.05%,Feb 2022,5–10%
2/14/2022,Multivitamin,Vitamin,152.00,$42.33,"$6,434.16",24.00%,2.00,Canada,Walmart,1.32%,Feb 2022,20–25%
2/14/2022,Pre-Workout,Performance,118.00,$33.53,"$3,956.54",8.00%,2.00,UK,Amazon,1.69%,Feb 2022,5–10%
2/14/2022,BCAA,Amino Acid,163.00,$59.47,"$9,693.61",7.00%,3.00,USA,Amazon,1.84%,Feb 2022,5–10%
2/14/2022,Creatine,Performance,160.00,$46.71,"$7,473.60",3.00%,3.00,USA,Walmart,1.88%,Feb 2022,0–5%
2/14/2022,Zinc,Mineral,151.00,$42.79,"$6,461.29",16.00%,0.00,Canada,iHerb,0.00%,Feb 2022,15–20%
2/14/2022,Collagen Peptides,Protein,152.00,$56.41,"$8,574.32",13.00%,2.00,UK,iHerb,1.32%,Feb 2022,10–15%
2/14/2022,Magnesium,Mineral,148.00,$20.24,"$2,995.52",9.00%,2.00,USA,Walmart,1.35%,Feb 2022,5–10%
2/14/2022,Ashwagandha,Herbal,164.00,$32.40,"$5,313.60",21.00%,3.00,Canada,Amazon,1.83%,Feb 2022,20–25%
2/14/2022,Melatonin,Sleep Aid,142.00,$43.94,"$6,239.48",14.00%,0.00,USA,Walmart,0.00%,Feb 2022,10–15%
2/14/2022,Biotin,Vitamin,143.00,$44.41,"$6,350.63",25.00%,2.00,Canada,iHerb,1.40%,Feb 2022,20–25%
2/14/2022,Green Tea Extract,Fat Burner,175.00,$48.57,"$8,499.75",1.00%,2.00,Canada,iHerb,1.14%,Feb 2022,0–5%
2/14/2022,Iron Supplement,Mineral,149.00,$53.12,"$7,914.88",21.00%,0.00,UK,Amazon,0.00%,Feb 2022,20–25%
2/14/2022,Electrolyte Powder,Hydration,154.00,$30.78,"$4,740.12",21.00%,1.00,UK,iHerb,0.65%,Feb 2022,20–25%
2/21/2022,Whey Protein,Protein,175.00,$43.14,"$7,549.50",17.00%,1.00,USA,iHerb,0.57%,Feb 2022,15–20%
2/21/2022,Vitamin C,Vitamin,144.00,$48.09,"$6,924.96",8.00%,1.00,UK,Walmart,0.69%,Feb 2022,5–10%
2/21/2022,Fish Oil,Omega,126.00,$34.29,"$4,320.54",2.00%,2.00,Canada,Amazon,1.59%,Feb 2022,0–5%
2/21/2022,Multivitamin,Vitamin,152.00,$58.85,"$8,945.20",16.00%,0.00,USA,iHerb,0.00%,Feb 2022,15–20%
2/21/2022,Pre-Workout,Performance,158.00,$49.78,"$7,865.24",15.00%,2.00,UK,iHerb,1.27%,Feb 2022,10–15%
2/21/2022,BCAA,Amino Acid,156.00,$42.00,"$6,552.00",15.00%,0.00,Canada,Amazon,0.00%,Feb 2022,10–15%
2/21/2022,Creatine,Performance,138.00,$16.41,"$2,264.58",7.00%,2.00,UK,iHerb,1.45%,Feb 2022,5–10%
2/21/2022,Zinc,Mineral,144.00,$57.06,"$8,216.64",6.00%,1.00,USA,iHerb,0.69%,Feb 2022,5–10%
2/21/2022,Collagen Peptides,Protein,154.00,$55.08,"$8,482.32",23.00%,2.00,UK,Walmart,1.30%,Feb 2022,20–25%
2/21/2022,Magnesium,Mineral,140.00,$29.19,"$4,086.60",4.00%,2.00,USA,iHerb,1.43%,Feb 2022,0–5%
2/21/2022,Ashwagandha,Herbal,156.00,$51.83,"$8,085.48",6.00%,1.00,Canada,Walmart,0.64%,Feb 2022,5–10%
2/21/2022,Melatonin,Sleep Aid,156.00,$32.06,"$5,001.36",2.00%,1.00,Canada,Amazon,0.64%,Feb 2022,0–5%
2/21/2022,Biotin,Vitamin,147.00,$45.13,"$6,634.11",24.00%,1.00,Canada,iHerb,0.68%,Feb 2022,20–25%
2/21/2022,Green Tea Extract,Fat Burner,148.00,$40.48,"$5,991.04",3.00%,2.00,USA,Walmart,1.35%,Feb 2022,0–5%
2/21/2022,Iron Supplement,Mineral,137.00,$36.46,"$4,995.02",22.00%,1.00,USA,iHerb,0.73%,Feb 2022,20–25%
2/21/2022,Electrolyte Powder,Hydration,142.00,$53.71,"$7,626.82",4.00%,1.00,Canada,iHerb,0.70%,Feb 2022,0–5%
2/28/2022,Whey Protein,Protein,137.00,$33.72,"$4,619.64",9.00%,1.00,Canada,Amazon,0.73%,Feb 2022,5–10%
2/28/2022,Vitamin C,Vitamin,165.00,$45.89,"$7,571.85",22.00%,3.00,USA,Amazon,1.82%,Feb 2022,20–25%
2/28/2022,Fish Oil,Omega,144.00,$11.24,"$1,618.56",9.00%,3.00,Canada,Amazon,2.08%,Feb 2022,5–10%
2/28/2022,Multivitamin,Vitamin,142.00,$25.13,"$3,568.46",15.00%,1.00,UK,iHerb,0.70%,Feb 2022,10–15%
2/28/2022,Pre-Workout,Performance,158.00,$43.71,"$6,906.18",5.00%,4.00,Canada,iHerb,2.53%,Feb 2022,0–5%
2/28/2022,BCAA,Amino Acid,141.00,$14.50,"$2,044.50",14.00%,0.00,Canada,Walmart,0.00%,Feb 2022,10–15%
2/28/2022,Creatine,Performance,135.00,$24.08,"$3,250.80",15.00%,2.00,USA,Walmart,1.48%,Feb 2022,10–15%
2/28/2022,Zinc,Mineral,160.00,$22.27,"$3,563.20",24.00%,0.00,USA,iHerb,0.00%,Feb 2022,20–25%
2/28/2022,Collagen Peptides,Protein,167.00,$57.36,"$9,579.12",9.00%,1.00,USA,Amazon,0.60%,Feb 2022,5–10%
2/28/2022,Magnesium,Mineral,158.00,$25.90,"$4,092.20",14.00%,2.00,USA,Amazon,1.27%,Feb 2022,10–15%
2/28/2022,Ashwagandha,Herbal,119.00,$32.90,"$3,915.10",3.00%,1.00,USA,iHerb,0.84%,Feb 2022,0–5%
2/28/2022,Melatonin,Sleep Aid,139.00,$19.88,"$2,763.32",14.00%,0.00,USA,Walmart,0.00%,Feb 2022,10–15%
2/28/2022,Biotin,Vitamin,179.00,$45.42,"$8,130.18",2.00%,0.00,Canada,Walmart,0.00%,Feb 2022,0–5%
2/28/2022,Green Tea Extract,Fat Burner,150.00,$57.58,"$8,637.00",24.00%,2.00,UK,Walmart,1.33%,Feb 2022,20–25%
2/28/2022,Iron Supplement,Mineral,154.00,$27.81,"$4,282.74",24.00%,2.00,UK,Walmart,1.30%,Feb 2022,20–25%
2/28/2022,Electrolyte Powder,Hydration,153.00,$12.33,"$1,886.49",24.00%,1.00,Canada,Walmart,0.65%,Feb 2022,20–25%
3/7/2022,Whey Protein,Protein,148.00,$51.85,"$7,673.80",1.00%,3.00,UK,Amazon,2.03%,Mar 2022,0–5%
3/7/2022,Vitamin C,Vitamin,135.00,$46.49,"$6,276.15",4.00%,1.00,USA,Walmart,0.74%,Mar 2022,0–5%
3/7/2022,Fish Oil,Omega,143.00,$52.96,"$7,573.28",10.00%,1.00,UK,Walmart,0.70%,Mar 2022,5–10%
3/7/2022,Multivitamin,Vitamin,137.00,$53.58,"$7,340.46",9.00%,4.00,UK,Amazon,2.92%,Mar 2022,5–10%
3/7/2022,Pre-Workout,Performance,176.00,$18.87,"$3,321.12",22.00%,1.00,Canada,Walmart,0.57%,Mar 2022,20–25%
3/7/2022,BCAA,Amino Acid,153.00,$16.67,"$2,550.51",3.00%,3.00,UK,Amazon,1.96%,Mar 2022,0–5%
3/7/2022,Creatine,Performance,159.00,$48.46,"$7,705.14",11.00%,2.00,USA,Amazon,1.26%,Mar 2022,10–15%
3/7/2022,Zinc,Mineral,145.00,$46.45,"$6,735.25",10.00%,4.00,UK,iHerb,2.76%,Mar 2022,5–10%
3/7/2022,Collagen Peptides,Protein,144.00,$56.65,"$8,157.60",6.00%,2.00,UK,iHerb,1.39%,Mar 2022,5–10%
3/7/2022,Magnesium,Mineral,148.00,$32.51,"$4,811.48",19.00%,1.00,UK,Amazon,0.68%,Mar 2022,15–20%
3/7/2022,Ashwagandha,Herbal,139.00,$31.27,"$4,346.53",19.00%,2.00,USA,Amazon,1.44%,Mar 2022,15–20%
3/7/2022,Melatonin,Sleep Aid,157.00,$34.07,"$5,348.99",1.00%,3.00,Canada,Amazon,1.91%,Mar 2022,0–5%
3/7/2022,Biotin,Vitamin,155.00,$49.39,"$7,655.45",6.00%,2.00,UK,iHerb,1.29%,Mar 2022,5–10%
3/7/2022,Green Tea Extract,Fat Burner,157.00,$37.27,"$5,851.39",4.00%,1.00,USA,Amazon,0.64%,Mar 2022,0–5%
3/7/2022,Iron Supplement,Mineral,167.00,$51.98,"$8,680.66",15.00%,1.00,UK,iHerb,0.60%,Mar 2022,10–15%
3/7/2022,Electrolyte Powder,Hydration,153.00,$29.93,"$4,579.29",3.00%,1.00,UK,iHerb,0.65%,Mar 2022,0–5%
3/14/2022,Whey Protein,Protein,128.00,$30.80,"$3,942.40",8.00%,3.00,Canada,iHerb,2.34%,Mar 2022,5–10%
3/14/2022,Vitamin C,Vitamin,145.00,$36.51,"$5,293.95",18.00%,1.00,Canada,Amazon,0.69%,Mar 2022,15–20%
3/14/2022,Fish Oil,Omega,175.00,$51.57,"$9,024.75",9.00%,0.00,Canada,iHerb,0.00%,Mar 2022,5–10%
3/14/2022,Multivitamin,Vitamin,156.00,$33.76,"$5,266.56",5.00%,2.00,Canada,Walmart,1.28%,Mar 2022,0–5%
3/14/2022,Pre-Workout,Performance,163.00,$34.79,"$5,670.77",23.00%,3.00,USA,iHerb,1.84%,Mar 2022,20–25%
3/14/2022,BCAA,Amino Acid,161.00,$37.25,"$5,997.25",6.00%,1.00,USA,Amazon,0.62%,Mar 2022,5–10%
3/14/2022,Creatine,Performance,149.00,$54.80,"$8,165.20",10.00%,0.00,Canada,iHerb,0.00%,Mar 2022,5–10%
3/14/2022,Zinc,Mineral,165.00,$41.09,"$6,779.85",1.00%,1.00,UK,Walmart,0.61%,Mar 2022,0–5%
3/14/2022,Collagen Peptides,Protein,147.00,$55.25,"$8,121.75",22.00%,1.00,USA,Amazon,0.68%,Mar 2022,20–25%
3/14/2022,Magnesium,Mineral,129.00,$26.82,"$3,459.78",17.00%,0.00,Canada,Amazon,0.00%,Mar 2022,15–20%
3/14/2022,Ashwagandha,Herbal,134.00,$20.62,"$2,763.08",21.00%,0.00,Canada,iHerb,0.00%,Mar 2022,20–25%
3/14/2022,Melatonin,Sleep Aid,148.00,$19.13,"$2,831.24",15.00%,2.00,UK,iHerb,1.35%,Mar 2022,10–15%
3/14/2022,Biotin,Vitamin,143.00,$40.17,"$5,744.31",10.00%,1.00,Canada,iHerb,0.70%,Mar 2022,5–10%
3/14/2022,Green Tea Extract,Fat Burner,153.00,$30.14,"$4,611.42",9.00%,1.00,USA,Amazon,0.65%,Mar 2022,5–10%
3/14/2022,Iron Supplement,Mineral,160.00,$57.02,"$9,123.20",7.00%,1.00,USA,Walmart,0.63%,Mar 2022,5–10%
3/14/2022,Electrolyte Powder,Hydration,161.00,$37.35,"$6,013.35",1.00%,1.00,UK,iHerb,0.62%,Mar 2022,0–5%
3/21/2022,Whey Protein,Protein,143.00,$43.81,"$6,264.83",9.00%,1.00,UK,iHerb,0.70%,Mar 2022,5–10%
3/21/2022,Vitamin C,Vitamin,136.00,$26.76,"$3,639.36",1.00%,1.00,USA,iHerb,0.74%,Mar 2022,0–5%
3/21/2022,Fish Oil,Omega,165.00,$47.00,"$7,755.00",16.00%,1.00,Canada,iHerb,0.61%,Mar 2022,15–20%
3/21/2022,Multivitamin,Vitamin,135.00,$52.73,"$7,118.55",17.00%,0.00,UK,Amazon,0.00%,Mar 2022,15–20%
3/21/2022,Pre-Workout,Performance,139.00,$38.52,"$5,354.28",19.00%,0.00,UK,Amazon,0.00%,Mar 2022,15–20%
3/21/2022,BCAA,Amino Acid,164.00,$44.50,"$7,298.00",24.00%,0.00,Canada,iHerb,0.00%,Mar 2022,20–25%
3/21/2022,Creatine,Performance,169.00,$29.65,"$5,010.85",21.00%,3.00,USA,iHerb,1.78%,Mar 2022,20–25%
3/21/2022,Zinc,Mineral,150.00,$45.41,"$6,811.50",21.00%,0.00,USA,Walmart,0.00%,Mar 2022,20–25%
3/21/2022,Collagen Peptides,Protein,162.00,$32.53,"$5,269.86",11.00%,1.00,Canada,Amazon,0.62%,Mar 2022,10–15%
3/21/2022,Magnesium,Mineral,176.00,$57.66,"$10,148.16",5.00%,2.00,UK,Walmart,1.14%,Mar 2022,0–5%
3/21/2022,Ashwagandha,Herbal,162.00,$40.35,"$6,536.70",14.00%,3.00,UK,iHerb,1.85%,Mar 2022,10–15%
3/21/2022,Melatonin,Sleep Aid,163.00,$52.43,"$8,546.09",10.00%,1.00,UK,Walmart,0.61%,Mar 2022,5–10%
3/21/2022,Biotin,Vitamin,166.00,$50.42,"$8,369.72",7.00%,0.00,USA,Amazon,0.00%,Mar 2022,5–10%
3/21/2022,Green Tea Extract,Fat Burner,150.00,$47.72,"$7,158.00",7.00%,1.00,UK,Walmart,0.67%,Mar 2022,5–10%
3/21/2022,Iron Supplement,Mineral,130.00,$49.07,"$6,379.10",4.00%,2.00,USA,iHerb,1.54%,Mar 2022,0–5%
3/21/2022,Electrolyte Powder,Hydration,171.00,$50.55,"$8,644.05",3.00%,1.00,UK,iHerb,0.58%,Mar 2022,0–5%
3/28/2022,Whey Protein,Protein,168.00,$41.98,"$7,052.64",17.00%,1.00,UK,iHerb,0.60%,Mar 2022,15–20%
3/28/2022,Vitamin C,Vitamin,156.00,$54.99,"$8,578.44",8.00%,1.00,Canada,Amazon,0.64%,Mar 2022,5–10%
3/28/2022,Fish Oil,Omega,166.00,$35.75,"$5,934.50",3.00%,1.00,USA,iHerb,0.60%,Mar 2022,0–5%
3/28/2022,Multivitamin,Vitamin,156.00,$51.82,"$8,083.92",24.00%,3.00,Canada,iHerb,1.92%,Mar 2022,20–25%
3/28/2022,Pre-Workout,Performance,146.00,$27.57,"$4,025.22",4.00%,0.00,Canada,Amazon,0.00%,Mar 2022,0–5%
3/28/2022,BCAA,Amino Acid,146.00,$21.95,"$3,204.70",5.00%,4.00,UK,Amazon,2.74%,Mar 2022,0–5%
3/28/2022,Creatine,Performance,143.00,$55.89,"$7,992.27",3.00%,1.00,Canada,Amazon,0.70%,Mar 2022,0–5%
3/28/2022,Zinc,Mineral,142.00,$12.50,"$1,775.00",3.00%,0.00,Canada,Amazon,0.00%,Mar 2022,0–5%
3/28/2022,Collagen Peptides,Protein,160.00,$27.14,"$4,342.40",10.00%,4.00,USA,Walmart,2.50%,Mar 2022,5–10%
3/28/2022,Magnesium,Mineral,170.00,$54.23,"$9,219.10",8.00%,1.00,UK,Walmart,0.59%,Mar 2022,5–10%
3/28/2022,Ashwagandha,Herbal,154.00,$34.08,"$5,248.32",10.00%,5.00,UK,Walmart,3.25%,Mar 2022,5–10%
3/28/2022,Melatonin,Sleep Aid,163.00,$46.36,"$7,556.68",7.00%,0.00,Canada,iHerb,0.00%,Mar 2022,5–10%
3/28/2022,Biotin,Vitamin,145.00,$10.83,"$1,570.35",20.00%,1.00,USA,Walmart,0.69%,Mar 2022,15–20%
3/28/2022,Green Tea Extract,Fat Burner,153.00,$18.75,"$2,868.75",22.00%,2.00,Canada,Walmart,1.31%,Mar 2022,20–25%
3/28/2022,Iron Supplement,Mineral,145.00,$52.92,"$7,673.40",25.00%,2.00,Canada,Walmart,1.38%,Mar 2022,20–25%
3/28/2022,Electrolyte Powder,Hydration,161.00,$27.77,"$4,470.97",14.00%,3.00,UK,iHerb,1.86%,Mar 2022,10–15%
4/4/2022,Whey Protein,Protein,157.00,$26.84,"$4,213.88",4.00%,1.00,UK,Walmart,0.64%,Apr 2022,0–5%
4/4/2022,Vitamin C,Vitamin,169.00,$20.99,"$3,547.31",8.00%,2.00,UK,iHerb,1.18%,Apr 2022,5–10%
4/4/2022,Fish Oil,Omega,151.00,$18.21,"$2,749.71",6.00%,1.00,UK,iHerb,0.66%,Apr 2022,5–10%
4/4/2022,Multivitamin,Vitamin,149.00,$46.46,"$6,922.54",8.00%,2.00,UK,iHerb,1.34%,Apr 2022,5–10%
4/4/2022,Pre-Workout,Performance,142.00,$48.61,"$6,902.62",23.00%,1.00,USA,Walmart,0.70%,Apr 2022,20–25%
4/4/2022,BCAA,Amino Acid,144.00,$56.36,"$8,115.84",23.00%,0.00,Canada,Walmart,0.00%,Apr 2022,20–25%
4/4/2022,Creatine,Performance,134.00,$15.33,"$2,054.22",9.00%,0.00,Canada,Walmart,0.00%,Apr 2022,5–10%
4/4/2022,Zinc,Mineral,153.00,$15.87,"$2,428.11",17.00%,1.00,Canada,Walmart,0.65%,Apr 2022,15–20%
4/4/2022,Collagen Peptides,Protein,138.00,$13.80,"$1,904.40",17.00%,1.00,Canada,Amazon,0.72%,Apr 2022,15–20%
4/4/2022,Magnesium,Mineral,143.00,$53.23,"$7,611.89",12.00%,1.00,UK,iHerb,0.70%,Apr 2022,10–15%
4/4/2022,Ashwagandha,Herbal,152.00,$19.63,"$2,983.76",19.00%,0.00,Canada,iHerb,0.00%,Apr 2022,15–20%
4/4/2022,Melatonin,Sleep Aid,132.00,$20.44,"$2,698.08",8.00%,1.00,Canada,Walmart,0.76%,Apr 2022,5–10%
4/4/2022,Biotin,Vitamin,148.00,$41.17,"$6,093.16",16.00%,2.00,Canada,iHerb,1.35%,Apr 2022,15–20%
4/4/2022,Green Tea Extract,Fat Burner,142.00,$31.90,"$4,529.80",8.00%,4.00,USA,iHerb,2.82%,Apr 2022,5–10%
4/4/2022,Iron Supplement,Mineral,162.00,$10.28,"$1,665.36",1.00%,1.00,UK,iHerb,0.62%,Apr 2022,0–5%
4/4/2022,Electrolyte Powder,Hydration,133.00,$52.90,"$7,035.70",18.00%,0.00,UK,iHerb,0.00%,Apr 2022,15–20%
4/11/2022,Whey Protein,Protein,146.00,$50.51,"$7,374.46",21.00%,3.00,USA,Amazon,2.05%,Apr 2022,20–25%
4/11/2022,Vitamin C,Vitamin,150.00,$15.59,"$2,338.50",14.00%,1.00,USA,Amazon,0.67%,Apr 2022,10–15%
4/11/2022,Fish Oil,Omega,148.00,$22.85,"$3,381.80",1.00%,0.00,Canada,iHerb,0.00%,Apr 2022,0–5%
4/11/2022,Multivitamin,Vitamin,103.00,$15.52,"$1,598.56",6.00%,0.00,Canada,Walmart,0.00%,Apr 2022,5–10%
4/11/2022,Pre-Workout,Performance,134.00,$52.90,"$7,088.60",17.00%,1.00,UK,iHerb,0.75%,Apr 2022,15–20%
4/11/2022,BCAA,Amino Acid,152.00,$46.41,"$7,054.32",17.00%,3.00,UK,iHerb,1.97%,Apr 2022,15–20%
4/11/2022,Creatine,Performance,166.00,$31.49,"$5,227.34",16.00%,3.00,Canada,iHerb,1.81%,Apr 2022,15–20%
4/11/2022,Zinc,Mineral,137.00,$53.60,"$7,343.20",6.00%,1.00,Canada,Walmart,0.73%,Apr 2022,5–10%
4/11/2022,Collagen Peptides,Protein,134.00,$18.86,"$2,527.24",9.00%,1.00,UK,Amazon,0.75%,Apr 2022,5–10%
4/11/2022,Magnesium,Mineral,133.00,$12.59,"$1,674.47",1.00%,0.00,UK,iHerb,0.00%,Apr 2022,0–5%
4/11/2022,Ashwagandha,Herbal,138.00,$22.03,"$3,040.14",13.00%,1.00,USA,iHerb,0.72%,Apr 2022,10–15%
4/11/2022,Melatonin,Sleep Aid,139.00,$25.48,"$3,541.72",23.00%,2.00,Canada,Walmart,1.44%,Apr 2022,20–25%
4/11/2022,Biotin,Vitamin,148.00,$50.90,"$7,533.20",7.00%,1.00,USA,Amazon,0.68%,Apr 2022,5–10%
4/11/2022,Green Tea Extract,Fat Burner,174.00,$12.11,"$2,107.14",11.00%,3.00,USA,Walmart,1.72%,Apr 2022,10–15%
4/11/2022,Iron Supplement,Mineral,151.00,$39.43,"$5,953.93",19.00%,0.00,UK,Walmart,0.00%,Apr 2022,15–20%
4/11/2022,Electrolyte Powder,Hydration,137.00,$39.68,"$5,436.16",22.00%,2.00,UK,Walmart,1.46%,Apr 2022,20–25%
4/18/2022,Whey Protein,Protein,169.00,$25.71,"$4,344.99",24.00%,1.00,USA,Amazon,0.59%,Apr 2022,20–25%
4/18/2022,Vitamin C,Vitamin,160.00,$16.00,"$2,560.00",13.00%,1.00,Canada,Walmart,0.63%,Apr 2022,10–15%
4/18/2022,Fish Oil,Omega,161.00,$55.53,"$8,940.33",0.00%,3.00,UK,Walmart,1.86%,Apr 2022,0–5%
4/18/2022,Multivitamin,Vitamin,174.00,$16.51,"$2,872.74",2.00%,0.00,UK,Amazon,0.00%,Apr 2022,0–5%
4/18/2022,Pre-Workout,Performance,155.00,$59.35,"$9,199.25",10.00%,1.00,UK,Walmart,0.65%,Apr 2022,5–10%
4/18/2022,BCAA,Amino Acid,154.00,$56.84,"$8,753.36",20.00%,1.00,UK,Amazon,0.65%,Apr 2022,15–20%
4/18/2022,Creatine,Performance,155.00,$34.53,"$5,352.15",5.00%,0.00,USA,Amazon,0.00%,Apr 2022,0–5%
4/18/2022,Zinc,Mineral,132.00,$24.89,"$3,285.48",14.00%,1.00,UK,Walmart,0.76%,Apr 2022,10–15%
4/18/2022,Collagen Peptides,Protein,156.00,$16.20,"$2,527.20",12.00%,1.00,Canada,iHerb,0.64%,Apr 2022,10–15%
4/18/2022,Magnesium,Mineral,142.00,$54.79,"$7,780.18",17.00%,0.00,Canada,Amazon,0.00%,Apr 2022,15–20%
4/18/2022,Ashwagandha,Herbal,157.00,$45.09,"$7,079.13",19.00%,2.00,USA,Amazon,1.27%,Apr 2022,15–20%
4/18/2022,Melatonin,Sleep Aid,149.00,$10.55,"$1,571.95",23.00%,2.00,Canada,Walmart,1.34%,Apr 2022,20–25%
4/18/2022,Biotin,Vitamin,140.00,$51.15,"$7,161.00",6.00%,0.00,USA,Walmart,0.00%,Apr 2022,5–10%
4/18/2022,Green Tea Extract,Fat Burner,166.00,$11.05,"$1,834.30",12.00%,1.00,UK,Amazon,0.60%,Apr 2022,10–15%
4/18/2022,Iron Supplement,Mineral,157.00,$13.87,"$2,177.59",4.00%,1.00,USA,iHerb,0.64%,Apr 2022,0–5%
4/18/2022,Electrolyte Powder,Hydration,137.00,$30.80,"$4,219.60",2.00%,1.00,UK,iHerb,0.73%,Apr 2022,0–5%
4/25/2022,Whey Protein,Protein,130.00,$21.98,"$2,857.40",21.00%,3.00,Canada,Amazon,2.31%,Apr 2022,20–25%
4/25/2022,Vitamin C,Vitamin,163.00,$23.62,"$3,850.06",14.00%,2.00,Canada,iHerb,1.23%,Apr 2022,10–15%
4/25/2022,Fish Oil,Omega,163.00,$43.92,"$7,158.96",24.00%,1.00,USA,iHerb,0.61%,Apr 2022,20–25%
4/25/2022,Multivitamin,Vitamin,164.00,$19.81,"$3,248.84",14.00%,1.00,USA,Walmart,0.61%,Apr 2022,10–15%
4/25/2022,Pre-Workout,Performance,167.00,$22.89,"$3,822.63",19.00%,0.00,UK,Walmart,0.00%,Apr 2022,15–20%
4/25/2022,BCAA,Amino Acid,143.00,$41.13,"$5,881.59",4.00%,3.00,UK,Amazon,2.10%,Apr 2022,0–5%
4/25/2022,Creatine,Performance,148.00,$33.39,"$4,941.72",7.00%,0.00,Canada,Walmart,0.00%,Apr 2022,5–10%
4/25/2022,Zinc,Mineral,132.00,$39.46,"$5,208.72",7.00%,0.00,UK,Amazon,0.00%,Apr 2022,5–10%
4/25/2022,Collagen Peptides,Protein,131.00,$58.00,"$7,598.00",1.00%,4.00,Canada,Amazon,3.05%,Apr 2022,0–5%
4/25/2022,Magnesium,Mineral,143.00,$25.85,"$3,696.55",16.00%,0.00,USA,iHerb,0.00%,Apr 2022,15–20%
4/25/2022,Ashwagandha,Herbal,140.00,$36.43,"$5,100.20",23.00%,1.00,USA,Amazon,0.71%,Apr 2022,20–25%
4/25/2022,Melatonin,Sleep Aid,166.00,$58.96,"$9,787.36",24.00%,1.00,Canada,iHerb,0.60%,Apr 2022,20–25%
4/25/2022,Biotin,Vitamin,167.00,$20.53,"$3,428.51",16.00%,0.00,Canada,iHerb,0.00%,Apr 2022,15–20%
4/25/2022,Green Tea Extract,Fat Burner,164.00,$13.54,"$2,220.56",10.00%,2.00,USA,iHerb,1.22%,Apr 2022,5–10%
4/25/2022,Iron Supplement,Mineral,148.00,$47.46,"$7,024.08",14.00%,1.00,Canada,Walmart,0.68%,Apr 2022,10–15%
4/25/2022,Electrolyte Powder,Hydration,143.00,$26.93,"$3,850.99",19.00%,1.00,UK,Walmart,0.70%,Apr 2022,15–20%
5/2/2022,Whey Protein,Protein,166.00,$21.91,"$3,637.06",21.00%,2.00,UK,iHerb,1.20%,May 2022,20–25%
5/2/2022,Vitamin C,Vitamin,138.00,$27.89,"$3,848.82",21.00%,1.00,USA,iHerb,0.72%,May 2022,20–25%
5/2/2022,Fish Oil,Omega,158.00,$29.80,"$4,708.40",25.00%,3.00,USA,Amazon,1.90%,May 2022,20–25%
5/2/2022,Multivitamin,Vitamin,136.00,$26.49,"$3,602.64",16.00%,2.00,UK,iHerb,1.47%,May 2022,15–20%
5/2/2022,Pre-Workout,Performance,159.00,$50.54,"$8,035.86",11.00%,0.00,USA,Walmart,0.00%,May 2022,10–15%
5/2/2022,BCAA,Amino Acid,152.00,$49.65,"$7,546.80",14.00%,2.00,Canada,Amazon,1.32%,May 2022,10–15%
5/2/2022,Creatine,Performance,173.00,$26.57,"$4,596.61",24.00%,3.00,Canada,Walmart,1.73%,May 2022,20–25%
5/2/2022,Zinc,Mineral,143.00,$30.75,"$4,397.25",4.00%,4.00,Canada,Amazon,2.80%,May 2022,0–5%
5/2/2022,Collagen Peptides,Protein,147.00,$19.47,"$2,862.09",14.00%,0.00,Canada,Amazon,0.00%,May 2022,10–15%
5/2/2022,Magnesium,Mineral,160.00,$41.28,"$6,604.80",1.00%,1.00,USA,iHerb,0.63%,May 2022,0–5%
5/2/2022,Ashwagandha,Herbal,128.00,$41.37,"$5,295.36",14.00%,1.00,USA,iHerb,0.78%,May 2022,10–15%
5/2/2022,Melatonin,Sleep Aid,152.00,$22.23,"$3,378.96",3.00%,3.00,UK,Walmart,1.97%,May 2022,0–5%
5/2/2022,Biotin,Vitamin,154.00,$18.86,"$2,904.44",22.00%,2.00,UK,Walmart,1.30%,May 2022,20–25%
5/2/2022,Green Tea Extract,Fat Burner,156.00,$23.10,"$3,603.60",24.00%,3.00,Canada,Walmart,1.92%,May 2022,20–25%
5/2/2022,Iron Supplement,Mineral,143.00,$47.95,"$6,856.85",7.00%,1.00,Canada,iHerb,0.70%,May 2022,5–10%
5/2/2022,Electrolyte Powder,Hydration,137.00,$46.14,"$6,321.18",7.00%,2.00,UK,iHerb,1.46%,May 2022,5–10%
5/9/2022,Whey Protein,Protein,149.00,$49.45,"$7,368.05",19.00%,1.00,Canada,Walmart,0.67%,May 2022,15–20%
5/9/2022,Vitamin C,Vitamin,148.00,$58.70,"$8,687.60",8.00%,3.00,USA,iHerb,2.03%,May 2022,5–10%
5/9/2022,Fish Oil,Omega,156.00,$40.67,"$6,344.52",7.00%,1.00,USA,Amazon,0.64%,May 2022,5–10%
5/9/2022,Multivitamin,Vitamin,133.00,$27.38,"$3,641.54",19.00%,1.00,USA,iHerb,0.75%,May 2022,15–20%
5/9/2022,Pre-Workout,Performance,132.00,$40.07,"$5,289.24",24.00%,2.00,Canada,Amazon,1.52%,May 2022,20–25%
5/9/2022,BCAA,Amino Acid,137.00,$42.42,"$5,811.54",1.00%,0.00,UK,Walmart,0.00%,May 2022,0–5%
5/9/2022,Creatine,Performance,134.00,$31.48,"$4,218.32",12.00%,0.00,UK,Walmart,0.00%,May 2022,10–15%
5/9/2022,Zinc,Mineral,156.00,$24.72,"$3,856.32",0.00%,0.00,Canada,iHerb,0.00%,May 2022,0–5%
5/9/2022,Collagen Peptides,Protein,146.00,$28.84,"$4,210.64",16.00%,1.00,UK,Walmart,0.68%,May 2022,15–20%
5/9/2022,Magnesium,Mineral,140.00,$40.70,"$5,698.00",22.00%,2.00,Canada,Amazon,1.43%,May 2022,20–25%
5/9/2022,Ashwagandha,Herbal,152.00,$28.25,"$4,294.00",22.00%,0.00,USA,Walmart,0.00%,May 2022,20–25%
5/9/2022,Melatonin,Sleep Aid,157.00,$40.28,"$6,323.96",12.00%,0.00,UK,Walmart,0.00%,May 2022,10–15%
5/9/2022,Biotin,Vitamin,142.00,$37.50,"$5,325.00",10.00%,0.00,Canada,Walmart,0.00%,May 2022,5–10%
5/9/2022,Green Tea Extract,Fat Burner,158.00,$40.70,"$6,430.60",13.00%,1.00,USA,Walmart,0.63%,May 2022,10–15%
5/9/2022,Iron Supplement,Mineral,153.00,$57.06,"$8,730.18",15.00%,1.00,USA,Walmart,0.65%,May 2022,10–15%
5/9/2022,Electrolyte Powder,Hydration,148.00,$18.08,"$2,675.84",7.00%,2.00,USA,iHerb,1.35%,May 2022,5–10%
5/16/2022,Whey Protein,Protein,143.00,$16.52,"$2,362.36",19.00%,0.00,UK,Walmart,0.00%,May 2022,15–20%
5/16/2022,Vitamin C,Vitamin,153.00,$21.63,"$3,309.39",15.00%,1.00,Canada,Amazon,0.65%,May 2022,10–15%
5/16/2022,Fish Oil,Omega,155.00,$34.56,"$5,356.80",17.00%,0.00,Canada,iHerb,0.00%,May 2022,15–20%
5/16/2022,Multivitamin,Vitamin,144.00,$13.67,"$1,968.48",5.00%,1.00,Canada,Walmart,0.69%,May 2022,0–5%
5/16/2022,Pre-Workout,Performance,161.00,$26.77,"$4,309.97",2.00%,2.00,UK,iHerb,1.24%,May 2022,0–5%
5/16/2022,BCAA,Amino Acid,141.00,$58.86,"$8,299.26",3.00%,0.00,Canada,iHerb,0.00%,May 2022,0–5%
5/16/2022,Creatine,Performance,149.00,$48.59,"$7,239.91",22.00%,1.00,UK,Walmart,0.67%,May 2022,20–25%
5/16/2022,Zinc,Mineral,172.00,$15.67,"$2,695.24",1.00%,0.00,UK,Walmart,0.00%,May 2022,0–5%
5/16/2022,Collagen Peptides,Protein,156.00,$48.81,"$7,614.36",13.00%,3.00,Canada,iHerb,1.92%,May 2022,10–15%
5/16/2022,Magnesium,Mineral,153.00,$38.06,"$5,823.18",13.00%,3.00,UK,Walmart,1.96%,May 2022,10–15%
5/16/2022,Ashwagandha,Herbal,160.00,$48.84,"$7,814.40",9.00%,0.00,UK,Walmart,0.00%,May 2022,5–10%
5/16/2022,Melatonin,Sleep Aid,145.00,$15.96,"$2,314.20",23.00%,0.00,Canada,iHerb,0.00%,May 2022,20–25%
5/16/2022,Biotin,Vitamin,173.00,$26.49,"$4,582.77",10.00%,2.00,Canada,Walmart,1.16%,May 2022,5–10%
5/16/2022,Green Tea Extract,Fat Burner,154.00,$29.46,"$4,536.84",12.00%,5.00,UK,Amazon,3.25%,May 2022,10–15%
5/16/2022,Iron Supplement,Mineral,139.00,$24.59,"$3,418.01",19.00%,2.00,Canada,Amazon,1.44%,May 2022,15–20%
5/16/2022,Electrolyte Powder,Hydration,142.00,$10.57,"$1,500.94",11.00%,1.00,USA,Walmart,0.70%,May 2022,10–15%
5/23/2022,Whey Protein,Protein,141.00,$34.55,"$4,871.55",15.00%,0.00,Canada,iHerb,0.00%,May 2022,10–15%
5/23/2022,Vitamin C,Vitamin,146.00,$39.48,"$5,764.08",9.00%,2.00,UK,Walmart,1.37%,May 2022,5–10%
5/23/2022,Fish Oil,Omega,170.00,$35.26,"$5,994.20",24.00%,0.00,USA,Walmart,0.00%,May 2022,20–25%
5/23/2022,Multivitamin,Vitamin,158.00,$43.98,"$6,948.84",9.00%,1.00,USA,Walmart,0.63%,May 2022,5–10%
5/23/2022,Pre-Workout,Performance,157.00,$30.98,"$4,863.86",5.00%,0.00,USA,Amazon,0.00%,May 2022,0–5%
5/23/2022,BCAA,Amino Acid,187.00,$39.37,"$7,362.19",5.00%,3.00,USA,Walmart,1.60%,May 2022,0–5%
5/23/2022,Creatine,Performance,161.00,$55.60,"$8,951.60",5.00%,2.00,UK,Amazon,1.24%,May 2022,0–5%
5/23/2022,Zinc,Mineral,180.00,$15.28,"$2,750.40",5.00%,2.00,Canada,Amazon,1.11%,May 2022,0–5%
5/23/2022,Collagen Peptides,Protein,161.00,$42.99,"$6,921.39",8.00%,1.00,Canada,iHerb,0.62%,May 2022,5–10%
5/23/2022,Magnesium,Mineral,156.00,$50.60,"$7,893.60",4.00%,2.00,Canada,Amazon,1.28%,May 2022,0–5%
5/23/2022,Ashwagandha,Herbal,126.00,$42.81,"$5,394.06",21.00%,0.00,UK,iHerb,0.00%,May 2022,20–25%
5/23/2022,Melatonin,Sleep Aid,144.00,$20.58,"$2,963.52",20.00%,2.00,USA,Walmart,1.39%,May 2022,15–20%
5/23/2022,Biotin,Vitamin,135.00,$48.74,"$6,579.90",8.00%,2.00,USA,iHerb,1.48%,May 2022,5–10%
5/23/2022,Green Tea Extract,Fat Burner,122.00,$17.63,"$2,150.86",21.00%,1.00,Canada,Amazon,0.82%,May 2022,20–25%
5/23/2022,Iron Supplement,Mineral,142.00,$12.51,"$1,776.42",10.00%,1.00,UK,iHerb,0.70%,May 2022,5–10%
5/23/2022,Electrolyte Powder,Hydration,142.00,$47.55,"$6,752.10",2.00%,2.00,UK,iHerb,1.41%,May 2022,0–5%
5/30/2022,Whey Protein,Protein,151.00,$25.65,"$3,873.15",14.00%,1.00,UK,Amazon,0.66%,May 2022,10–15%
5/30/2022,Vitamin C,Vitamin,150.00,$20.28,"$3,042.00",19.00%,1.00,UK,iHerb,0.67%,May 2022,15–20%
5/30/2022,Fish Oil,Omega,181.00,$44.14,"$7,989.34",24.00%,2.00,USA,Amazon,1.10%,May 2022,20–25%
5/30/2022,Multivitamin,Vitamin,166.00,$28.01,"$4,649.66",15.00%,0.00,UK,iHerb,0.00%,May 2022,10–15%
5/30/2022,Pre-Workout,Performance,151.00,$47.19,"$7,125.69",13.00%,1.00,Canada,iHerb,0.66%,May 2022,10–15%
5/30/2022,BCAA,Amino Acid,127.00,$20.86,"$2,649.22",24.00%,4.00,USA,Amazon,3.15%,May 2022,20–25%
5/30/2022,Creatine,Performance,156.00,$20.70,"$3,229.20",24.00%,0.00,UK,Walmart,0.00%,May 2022,20–25%
5/30/2022,Zinc,Mineral,131.00,$38.66,"$5,064.46",20.00%,1.00,UK,Amazon,0.76%,May 2022,15–20%
5/30/2022,Collagen Peptides,Protein,135.00,$43.95,"$5,933.25",21.00%,1.00,USA,iHerb,0.74%,May 2022,20–25%
5/30/2022,Magnesium,Mineral,153.00,$42.30,"$6,471.90",25.00%,0.00,USA,Amazon,0.00%,May 2022,20–25%
5/30/2022,Ashwagandha,Herbal,167.00,$22.60,"$3,774.20",24.00%,1.00,USA,iHerb,0.60%,May 2022,20–25%
5/30/2022,Melatonin,Sleep Aid,144.00,$22.22,"$3,199.68",21.00%,2.00,USA,iHerb,1.39%,May 2022,20–25%
5/30/2022,Biotin,Vitamin,170.00,$16.06,"$2,730.20",0.00%,2.00,Canada,iHerb,1.18%,May 2022,0–5%
5/30/2022,Green Tea Extract,Fat Burner,143.00,$49.09,"$7,019.87",0.00%,2.00,Canada,Amazon,1.40%,May 2022,0–5%
5/30/2022,Iron Supplement,Mineral,143.00,$21.32,"$3,048.76",12.00%,1.00,USA,iHerb,0.70%,May 2022,10–15%
5/30/2022,Electrolyte Powder,Hydration,142.00,$48.11,"$6,831.62",25.00%,2.00,USA,iHerb,1.41%,May 2022,20–25%
6/6/2022,Whey Protein,Protein,142.00,$20.88,"$2,964.96",3.00%,1.00,USA,iHerb,0.70%,Jun 2022,0–5%
6/6/2022,Vitamin C,Vitamin,154.00,$44.01,"$6,777.54",7.00%,1.00,Canada,iHerb,0.65%,Jun 2022,5–10%
6/6/2022,Fish Oil,Omega,157.00,$20.63,"$3,238.91",9.00%,1.00,USA,iHerb,0.64%,Jun 2022,5–10%
6/6/2022,Multivitamin,Vitamin,130.00,$52.66,"$6,845.80",5.00%,0.00,Canada,Amazon,0.00%,Jun 2022,0–5%
6/6/2022,Pre-Workout,Performance,159.00,$29.67,"$4,717.53",2.00%,1.00,USA,Amazon,0.63%,Jun 2022,0–5%
6/6/2022,BCAA,Amino Acid,161.00,$20.35,"$3,276.35",8.00%,0.00,Canada,iHerb,0.00%,Jun 2022,5–10%
6/6/2022,Creatine,Performance,156.00,$48.27,"$7,530.12",21.00%,3.00,UK,iHerb,1.92%,Jun 2022,20–25%
6/6/2022,Zinc,Mineral,156.00,$59.12,"$9,222.72",17.00%,4.00,Canada,Amazon,2.56%,Jun 2022,15–20%
6/6/2022,Collagen Peptides,Protein,138.00,$26.07,"$3,597.66",25.00%,0.00,USA,Walmart,0.00%,Jun 2022,20–25%
6/6/2022,Magnesium,Mineral,151.00,$31.63,"$4,776.13",12.00%,5.00,UK,Walmart,3.31%,Jun 2022,10–15%
6/6/2022,Ashwagandha,Herbal,147.00,$12.73,"$1,871.31",21.00%,2.00,USA,iHerb,1.36%,Jun 2022,20–25%
6/6/2022,Melatonin,Sleep Aid,147.00,$39.58,"$5,818.26",0.00%,0.00,USA,Amazon,0.00%,Jun 2022,0–5%
6/6/2022,Biotin,Vitamin,154.00,$19.59,"$3,016.86",16.00%,0.00,UK,Walmart,0.00%,Jun 2022,15–20%
6/6/2022,Green Tea Extract,Fat Burner,143.00,$39.01,"$5,578.43",17.00%,2.00,UK,iHerb,1.40%,Jun 2022,15–20%
6/6/2022,Iron Supplement,Mineral,141.00,$13.93,"$1,964.13",11.00%,3.00,UK,iHerb,2.13%,Jun 2022,10–15%
6/6/2022,Electrolyte Powder,Hydration,139.00,$15.04,"$2,090.56",15.00%,2.00,UK,Walmart,1.44%,Jun 2022,10–15%
6/13/2022,Whey Protein,Protein,155.00,$34.32,"$5,319.60",3.00%,1.00,Canada,iHerb,0.65%,Jun 2022,0–5%
6/13/2022,Vitamin C,Vitamin,156.00,$36.55,"$5,701.80",17.00%,2.00,UK,iHerb,1.28%,Jun 2022,15–20%
6/13/2022,Fish Oil,Omega,167.00,$48.93,"$8,171.31",6.00%,2.00,USA,Amazon,1.20%,Jun 2022,5–10%
6/13/2022,Multivitamin,Vitamin,169.00,$48.96,"$8,274.24",18.00%,0.00,Canada,iHerb,0.00%,Jun 2022,15–20%
6/13/2022,Pre-Workout,Performance,153.00,$58.37,"$8,930.61",20.00%,0.00,USA,Amazon,0.00%,Jun 2022,15–20%
6/13/2022,BCAA,Amino Acid,133.00,$27.24,"$3,622.92",1.00%,1.00,Canada,Amazon,0.75%,Jun 2022,0–5%
6/13/2022,Creatine,Performance,146.00,$50.10,"$7,314.60",23.00%,2.00,UK,iHerb,1.37%,Jun 2022,20–25%
6/13/2022,Zinc,Mineral,163.00,$23.18,"$3,778.34",5.00%,2.00,USA,Walmart,1.23%,Jun 2022,0–5%
6/13/2022,Collagen Peptides,Protein,177.00,$54.07,"$9,570.39",16.00%,1.00,USA,Walmart,0.56%,Jun 2022,15–20%
6/13/2022,Magnesium,Mineral,147.00,$11.57,"$1,700.79",17.00%,1.00,Canada,Walmart,0.68%,Jun 2022,15–20%
6/13/2022,Ashwagandha,Herbal,152.00,$23.87,"$3,628.24",12.00%,1.00,UK,Amazon,0.66%,Jun 2022,10–15%
6/13/2022,Melatonin,Sleep Aid,146.00,$32.56,"$4,753.76",15.00%,3.00,UK,iHerb,2.05%,Jun 2022,10–15%
6/13/2022,Biotin,Vitamin,141.00,$23.05,"$3,250.05",7.00%,3.00,UK,Walmart,2.13%,Jun 2022,5–10%
6/13/2022,Green Tea Extract,Fat Burner,155.00,$16.77,"$2,599.35",4.00%,2.00,UK,iHerb,1.29%,Jun 2022,0–5%
6/13/2022,Iron Supplement,Mineral,159.00,$57.03,"$9,067.77",5.00%,1.00,USA,iHerb,0.63%,Jun 2022,0–5%
6/13/2022,Electrolyte Powder,Hydration,140.00,$55.73,"$7,802.20",14.00%,2.00,Canada,Amazon,1.43%,Jun 2022,10–15%
6/20/2022,Whey Protein,Protein,150.00,$13.21,"$1,981.50",13.00%,2.00,Canada,Amazon,1.33%,Jun 2022,10–15%
6/20/2022,Vitamin C,Vitamin,139.00,$50.53,"$7,023.67",10.00%,2.00,USA,Amazon,1.44%,Jun 2022,5–10%
6/20/2022,Fish Oil,Omega,147.00,$48.20,"$7,085.40",25.00%,1.00,USA,Amazon,0.68%,Jun 2022,20–25%
6/20/2022,Multivitamin,Vitamin,147.00,$20.20,"$2,969.40",17.00%,3.00,UK,Amazon,2.04%,Jun 2022,15–20%
6/20/2022,Pre-Workout,Performance,146.00,$24.25,"$3,540.50",11.00%,1.00,UK,Walmart,0.68%,Jun 2022,10–15%
6/20/2022,BCAA,Amino Acid,140.00,$10.39,"$1,454.60",13.00%,2.00,UK,Amazon,1.43%,Jun 2022,10–15%
6/20/2022,Creatine,Performance,141.00,$43.45,"$6,126.45",16.00%,1.00,Canada,Walmart,0.71%,Jun 2022,15–20%
6/20/2022,Zinc,Mineral,144.00,$47.92,"$6,900.48",8.00%,0.00,Canada,Amazon,0.00%,Jun 2022,5–10%
6/20/2022,Collagen Peptides,Protein,128.00,$39.14,"$5,009.92",1.00%,1.00,UK,Walmart,0.78%,Jun 2022,0–5%
6/20/2022,Magnesium,Mineral,160.00,$48.17,"$7,707.20",19.00%,1.00,UK,Walmart,0.63%,Jun 2022,15–20%
6/20/2022,Ashwagandha,Herbal,158.00,$29.87,"$4,719.46",5.00%,1.00,USA,Walmart,0.63%,Jun 2022,0–5%
6/20/2022,Melatonin,Sleep Aid,171.00,$18.65,"$3,189.15",17.00%,1.00,USA,iHerb,0.58%,Jun 2022,15–20%
6/20/2022,Biotin,Vitamin,153.00,$35.75,"$5,469.75",20.00%,2.00,UK,iHerb,1.31%,Jun 2022,15–20%
6/20/2022,Green Tea Extract,Fat Burner,154.00,$51.80,"$7,977.20",23.00%,0.00,Canada,Walmart,0.00%,Jun 2022,20–25%
6/20/2022,Iron Supplement,Mineral,150.00,$47.73,"$7,159.50",18.00%,0.00,Canada,Amazon,0.00%,Jun 2022,15–20%
6/20/2022,Electrolyte Powder,Hydration,166.00,$49.86,"$8,276.76",11.00%,1.00,USA,Amazon,0.60%,Jun 2022,10–15%
6/27/2022,Whey Protein,Protein,136.00,$43.09,"$5,860.24",14.00%,0.00,USA,iHerb,0.00%,Jun 2022,10–15%
6/27/2022,Vitamin C,Vitamin,133.00,$47.19,"$6,276.27",18.00%,0.00,USA,iHerb,0.00%,Jun 2022,15–20%
6/27/2022,Fish Oil,Omega,152.00,$55.19,"$8,388.88",23.00%,2.00,USA,Amazon,1.32%,Jun 2022,20–25%
6/27/2022,Multivitamin,Vitamin,172.00,$51.43,"$8,845.96",14.00%,1.00,USA,iHerb,0.58%,Jun 2022,10–15%
6/27/2022,Pre-Workout,Performance,139.00,$41.42,"$5,757.38",4.00%,1.00,USA,Walmart,0.72%,Jun 2022,0–5%
6/27/2022,BCAA,Amino Acid,149.00,$39.43,"$5,875.07",23.00%,2.00,UK,Walmart,1.34%,Jun 2022,20–25%
6/27/2022,Creatine,Performance,156.00,$34.40,"$5,366.40",5.00%,3.00,USA,Walmart,1.92%,Jun 2022,0–5%
6/27/2022,Zinc,Mineral,140.00,$47.50,"$6,650.00",4.00%,1.00,UK,Walmart,0.71%,Jun 2022,0–5%
6/27/2022,Collagen Peptides,Protein,137.00,$42.83,"$5,867.71",21.00%,1.00,UK,iHerb,0.73%,Jun 2022,20–25%
6/27/2022,Magnesium,Mineral,166.00,$26.27,"$4,360.82",4.00%,2.00,USA,Amazon,1.20%,Jun 2022,0–5%
6/27/2022,Ashwagandha,Herbal,147.00,$48.08,"$7,067.76",14.00%,2.00,Canada,Amazon,1.36%,Jun 2022,10–15%
6/27/2022,Melatonin,Sleep Aid,174.00,$27.96,"$4,865.04",18.00%,2.00,UK,Amazon,1.15%,Jun 2022,15–20%
6/27/2022,Biotin,Vitamin,137.00,$33.39,"$4,574.43",10.00%,0.00,Canada,Walmart,0.00%,Jun 2022,5–10%
6/27/2022,Green Tea Extract,Fat Burner,172.00,$34.07,"$5,860.04",17.00%,3.00,Canada,Amazon,1.74%,Jun 2022,15–20%
6/27/2022,Iron Supplement,Mineral,134.00,$37.14,"$4,976.76",20.00%,0.00,USA,Amazon,0.00%,Jun 2022,15–20%
6/27/2022,Electrolyte Powder,Hydration,145.00,$18.72,"$2,714.40",20.00%,4.00,UK,Walmart,2.76%,Jun 2022,15–20%
7/4/2022,Whey Protein,Protein,147.00,$51.19,"$7,524.93",12.00%,2.00,USA,Amazon,1.36%,Jul 2022,10–15%
7/4/2022,Vitamin C,Vitamin,148.00,$12.90,"$1,909.20",17.00%,0.00,UK,Amazon,0.00%,Jul 2022,15–20%
7/4/2022,Fish Oil,Omega,163.00,$21.85,"$3,561.55",8.00%,1.00,UK,Amazon,0.61%,Jul 2022,5–10%
7/4/2022,Multivitamin,Vitamin,153.00,$39.62,"$6,061.86",7.00%,0.00,USA,iHerb,0.00%,Jul 2022,5–10%
7/4/2022,Pre-Workout,Performance,147.00,$17.34,"$2,548.98",14.00%,0.00,USA,Amazon,0.00%,Jul 2022,10–15%
7/4/2022,BCAA,Amino Acid,154.00,$19.78,"$3,046.12",19.00%,0.00,UK,Walmart,0.00%,Jul 2022,15–20%
7/4/2022,Creatine,Performance,145.00,$27.62,"$4,004.90",4.00%,1.00,Canada,iHerb,0.69%,Jul 2022,0–5%
7/4/2022,Zinc,Mineral,147.00,$42.83,"$6,296.01",23.00%,1.00,USA,Walmart,0.68%,Jul 2022,20–25%
7/4/2022,Collagen Peptides,Protein,138.00,$52.70,"$7,272.60",14.00%,1.00,UK,Amazon,0.72%,Jul 2022,10–15%
7/4/2022,Magnesium,Mineral,135.00,$23.92,"$3,229.20",24.00%,3.00,USA,Amazon,2.22%,Jul 2022,20–25%
7/4/2022,Ashwagandha,Herbal,129.00,$21.25,"$2,741.25",10.00%,3.00,Canada,iHerb,2.33%,Jul 2022,5–10%
7/4/2022,Melatonin,Sleep Aid,151.00,$20.39,"$3,078.89",20.00%,2.00,USA,Amazon,1.32%,Jul 2022,15–20%
7/4/2022,Biotin,Vitamin,149.00,$26.71,"$3,979.79",24.00%,1.00,Canada,Walmart,0.67%,Jul 2022,20–25%
7/4/2022,Green Tea Extract,Fat Burner,146.00,$48.95,"$7,146.70",9.00%,0.00,Canada,iHerb,0.00%,Jul 2022,5–10%
7/4/2022,Iron Supplement,Mineral,153.00,$45.64,"$6,982.92",22.00%,1.00,USA,Amazon,0.65%,Jul 2022,20–25%
7/4/2022,Electrolyte Powder,Hydration,148.00,$43.32,"$6,411.36",14.00%,0.00,USA,Walmart,0.00%,Jul 2022,10–15%
7/11/2022,Whey Protein,Protein,160.00,$37.65,"$6,024.00",12.00%,0.00,Canada,Walmart,0.00%,Jul 2022,10–15%
7/11/2022,Vitamin C,Vitamin,129.00,$25.54,"$3,294.66",24.00%,2.00,USA,Walmart,1.55%,Jul 2022,20–25%
7/11/2022,Fish Oil,Omega,156.00,$18.37,"$2,865.72",24.00%,1.00,USA,Walmart,0.64%,Jul 2022,20–25%
7/11/2022,Multivitamin,Vitamin,132.00,$53.70,"$7,088.40",22.00%,0.00,USA,iHerb,0.00%,Jul 2022,20–25%
7/11/2022,Pre-Workout,Performance,167.00,$11.95,"$1,995.65",21.00%,3.00,Canada,Walmart,1.80%,Jul 2022,20–25%
7/11/2022,BCAA,Amino Acid,153.00,$50.66,"$7,750.98",20.00%,3.00,USA,Walmart,1.96%,Jul 2022,15–20%
7/11/2022,Creatine,Performance,152.00,$59.81,"$9,091.12",3.00%,3.00,Canada,iHerb,1.97%,Jul 2022,0–5%
7/11/2022,Zinc,Mineral,150.00,$40.65,"$6,097.50",1.00%,1.00,Canada,Walmart,0.67%,Jul 2022,0–5%
7/11/2022,Collagen Peptides,Protein,166.00,$31.32,"$5,199.12",23.00%,1.00,UK,Walmart,0.60%,Jul 2022,20–25%
7/11/2022,Magnesium,Mineral,145.00,$35.97,"$5,215.65",16.00%,2.00,Canada,iHerb,1.38%,Jul 2022,15–20%
7/11/2022,Ashwagandha,Herbal,148.00,$36.69,"$5,430.12",8.00%,2.00,Canada,Walmart,1.35%,Jul 2022,5–10%
7/11/2022,Melatonin,Sleep Aid,158.00,$12.83,"$2,027.14",4.00%,1.00,USA,iHerb,0.63%,Jul 2022,0–5%
7/11/2022,Biotin,Vitamin,142.00,$10.92,"$1,550.64",19.00%,1.00,UK,Amazon,0.70%,Jul 2022,15–20%
7/11/2022,Green Tea Extract,Fat Burner,143.00,$20.80,"$2,974.40",22.00%,0.00,USA,Amazon,0.00%,Jul 2022,20–25%
7/11/2022,Iron Supplement,Mineral,148.00,$40.79,"$6,036.92",7.00%,1.00,USA,Amazon,0.68%,Jul 2022,5–10%
7/11/2022,Electrolyte Powder,Hydration,168.00,$59.91,"$10,064.88",0.00%,0.00,Canada,Amazon,0.00%,Jul 2022,0–5%
7/18/2022,Whey Protein,Protein,163.00,$13.04,"$2,125.52",6.00%,1.00,Canada,Walmart,0.61%,Jul 2022,5–10%
7/18/2022,Vitamin C,Vitamin,159.00,$21.88,"$3,478.92",13.00%,4.00,UK,Amazon,2.52%,Jul 2022,10–15%
7/18/2022,Fish Oil,Omega,162.00,$59.11,"$9,575.82",18.00%,0.00,Canada,iHerb,0.00%,Jul 2022,15–20%
7/18/2022,Multivitamin,Vitamin,116.00,$46.39,"$5,381.24",5.00%,1.00,UK,Amazon,0.86%,Jul 2022,0–5%
7/18/2022,Pre-Workout,Performance,131.00,$27.20,"$3,563.20",23.00%,3.00,UK,Amazon,2.29%,Jul 2022,20–25%
7/18/2022,BCAA,Amino Acid,151.00,$15.51,"$2,342.01",10.00%,4.00,Canada,iHerb,2.65%,Jul 2022,5–10%
7/18/2022,Creatine,Performance,157.00,$28.32,"$4,446.24",1.00%,4.00,USA,Amazon,2.55%,Jul 2022,0–5%
7/18/2022,Zinc,Mineral,145.00,$44.46,"$6,446.70",25.00%,4.00,Canada,Walmart,2.76%,Jul 2022,20–25%
7/18/2022,Collagen Peptides,Protein,136.00,$38.28,"$5,206.08",16.00%,2.00,UK,iHerb,1.47%,Jul 2022,15–20%
7/18/2022,Magnesium,Mineral,155.00,$37.00,"$5,735.00",10.00%,4.00,Canada,Walmart,2.58%,Jul 2022,5–10%
7/18/2022,Ashwagandha,Herbal,153.00,$57.66,"$8,821.98",17.00%,2.00,USA,Walmart,1.31%,Jul 2022,15–20%
7/18/2022,Melatonin,Sleep Aid,138.00,$22.74,"$3,138.12",8.00%,1.00,USA,iHerb,0.72%,Jul 2022,5–10%
7/18/2022,Biotin,Vitamin,147.00,$12.12,"$1,781.64",17.00%,1.00,UK,Walmart,0.68%,Jul 2022,15–20%
7/18/2022,Green Tea Extract,Fat Burner,148.00,$51.38,"$7,604.24",11.00%,2.00,UK,iHerb,1.35%,Jul 2022,10–15%
7/18/2022,Iron Supplement,Mineral,147.00,$18.85,"$2,770.95",14.00%,4.00,UK,Amazon,2.72%,Jul 2022,10–15%
7/18/2022,Electrolyte Powder,Hydration,151.00,$30.37,"$4,585.87",25.00%,2.00,UK,iHerb,1.32%,Jul 2022,20–25%
7/25/2022,Whey Protein,Protein,142.00,$51.04,"$7,247.68",7.00%,2.00,UK,Amazon,1.41%,Jul 2022,5–10%
7/25/2022,Vitamin C,Vitamin,142.00,$58.70,"$8,335.40",9.00%,2.00,UK,iHerb,1.41%,Jul 2022,5–10%
7/25/2022,Fish Oil,Omega,154.00,$55.73,"$8,582.42",17.00%,1.00,Canada,Walmart,0.65%,Jul 2022,15–20%
7/25/2022,Multivitamin,Vitamin,165.00,$37.21,"$6,139.65",24.00%,2.00,Canada,Amazon,1.21%,Jul 2022,20–25%
7/25/2022,Pre-Workout,Performance,163.00,$51.97,"$8,471.11",24.00%,1.00,UK,Walmart,0.61%,Jul 2022,20–25%
7/25/2022,BCAA,Amino Acid,137.00,$45.09,"$6,177.33",6.00%,0.00,USA,Walmart,0.00%,Jul 2022,5–10%
7/25/2022,Creatine,Performance,157.00,$19.63,"$3,081.91",9.00%,0.00,Canada,iHerb,0.00%,Jul 2022,5–10%
7/25/2022,Zinc,Mineral,132.00,$59.88,"$7,904.16",4.00%,0.00,USA,iHerb,0.00%,Jul 2022,0–5%
7/25/2022,Collagen Peptides,Protein,144.00,$20.24,"$2,914.56",8.00%,0.00,UK,Amazon,0.00%,Jul 2022,5–10%
7/25/2022,Magnesium,Mineral,160.00,$41.75,"$6,680.00",10.00%,3.00,UK,Walmart,1.88%,Jul 2022,5–10%
7/25/2022,Ashwagandha,Herbal,188.00,$21.15,"$3,976.20",13.00%,0.00,UK,Amazon,0.00%,Jul 2022,10–15%
7/25/2022,Melatonin,Sleep Aid,148.00,$36.10,"$5,342.80",8.00%,1.00,USA,iHerb,0.68%,Jul 2022,5–10%
7/25/2022,Biotin,Vitamin,181.00,$42.74,"$7,735.94",1.00%,0.00,Canada,iHerb,0.00%,Jul 2022,0–5%
7/25/2022,Green Tea Extract,Fat Burner,152.00,$11.12,"$1,690.24",4.00%,2.00,Canada,Walmart,1.32%,Jul 2022,0–5%
7/25/2022,Iron Supplement,Mineral,157.00,$43.41,"$6,815.37",5.00%,2.00,USA,Amazon,1.27%,Jul 2022,0–5%
7/25/2022,Electrolyte Powder,Hydration,147.00,$59.75,"$8,783.25",23.00%,0.00,Canada,Amazon,0.00%,Jul 2022,20–25%
8/1/2022,Whey Protein,Protein,167.00,$57.65,"$9,627.55",7.00%,1.00,UK,Amazon,0.60%,Aug 2022,5–10%
8/1/2022,Vitamin C,Vitamin,130.00,$46.34,"$6,024.20",24.00%,1.00,USA,iHerb,0.77%,Aug 2022,20–25%
8/1/2022,Fish Oil,Omega,158.00,$23.14,"$3,656.12",1.00%,0.00,Canada,iHerb,0.00%,Aug 2022,0–5%
8/1/2022,Multivitamin,Vitamin,145.00,$13.12,"$1,902.40",4.00%,0.00,USA,Walmart,0.00%,Aug 2022,0–5%
8/1/2022,Pre-Workout,Performance,170.00,$36.88,"$6,269.60",15.00%,2.00,USA,Walmart,1.18%,Aug 2022,10–15%
8/1/2022,BCAA,Amino Acid,131.00,$12.56,"$1,645.36",10.00%,0.00,UK,Walmart,0.00%,Aug 2022,5–10%
8/1/2022,Creatine,Performance,152.00,$36.61,"$5,564.72",11.00%,1.00,USA,Amazon,0.66%,Aug 2022,10–15%
8/1/2022,Zinc,Mineral,164.00,$46.71,"$7,660.44",19.00%,1.00,Canada,Walmart,0.61%,Aug 2022,15–20%
8/1/2022,Collagen Peptides,Protein,142.00,$14.66,"$2,081.72",1.00%,0.00,Canada,Amazon,0.00%,Aug 2022,0–5%
8/1/2022,Magnesium,Mineral,137.00,$52.46,"$7,187.02",6.00%,3.00,USA,Walmart,2.19%,Aug 2022,5–10%
8/1/2022,Ashwagandha,Herbal,164.00,$13.63,"$2,235.32",14.00%,2.00,Canada,iHerb,1.22%,Aug 2022,10–15%
8/1/2022,Melatonin,Sleep Aid,150.00,$19.30,"$2,895.00",0.00%,1.00,Canada,Walmart,0.67%,Aug 2022,0–5%
8/1/2022,Biotin,Vitamin,152.00,$35.23,"$5,354.96",23.00%,2.00,UK,iHerb,1.32%,Aug 2022,20–25%
8/1/2022,Green Tea Extract,Fat Burner,164.00,$52.77,"$8,654.28",17.00%,0.00,UK,Walmart,0.00%,Aug 2022,15–20%
8/1/2022,Iron Supplement,Mineral,138.00,$11.61,"$1,602.18",12.00%,1.00,USA,Walmart,0.72%,Aug 2022,10–15%
8/1/2022,Electrolyte Powder,Hydration,156.00,$28.02,"$4,371.12",11.00%,5.00,UK,iHerb,3.21%,Aug 2022,10–15%
8/8/2022,Whey Protein,Protein,148.00,$30.59,"$4,527.32",18.00%,0.00,USA,iHerb,0.00%,Aug 2022,15–20%
8/8/2022,Vitamin C,Vitamin,141.00,$31.62,"$4,458.42",21.00%,0.00,Canada,Walmart,0.00%,Aug 2022,20–25%
8/8/2022,Fish Oil,Omega,156.00,$21.85,"$3,408.60",17.00%,4.00,Canada,Amazon,2.56%,Aug 2022,15–20%
8/8/2022,Multivitamin,Vitamin,183.00,$15.02,"$2,748.66",4.00%,2.00,Canada,Walmart,1.09%,Aug 2022,0–5%
8/8/2022,Pre-Workout,Performance,158.00,$26.80,"$4,234.40",4.00%,2.00,UK,Amazon,1.27%,Aug 2022,0–5%
8/8/2022,BCAA,Amino Acid,149.00,$32.07,"$4,778.43",8.00%,1.00,Canada,Amazon,0.67%,Aug 2022,5–10%
8/8/2022,Creatine,Performance,139.00,$14.74,"$2,048.86",9.00%,0.00,USA,Amazon,0.00%,Aug 2022,5–10%
8/8/2022,Zinc,Mineral,137.00,$26.27,"$3,598.99",17.00%,2.00,UK,Walmart,1.46%,Aug 2022,15–20%
8/8/2022,Collagen Peptides,Protein,153.00,$11.07,"$1,693.71",18.00%,4.00,Canada,Walmart,2.61%,Aug 2022,15–20%
8/8/2022,Magnesium,Mineral,165.00,$26.34,"$4,346.10",4.00%,2.00,USA,Amazon,1.21%,Aug 2022,0–5%
8/8/2022,Ashwagandha,Herbal,158.00,$36.98,"$5,842.84",17.00%,1.00,USA,Amazon,0.63%,Aug 2022,15–20%
8/8/2022,Melatonin,Sleep Aid,165.00,$13.23,"$2,182.95",16.00%,1.00,USA,iHerb,0.61%,Aug 2022,15–20%
8/8/2022,Biotin,Vitamin,152.00,$53.95,"$8,200.40",10.00%,1.00,UK,iHerb,0.66%,Aug 2022,5–10%
8/8/2022,Green Tea Extract,Fat Burner,140.00,$15.71,"$2,199.40",14.00%,0.00,USA,iHerb,0.00%,Aug 2022,10–15%
8/8/2022,Iron Supplement,Mineral,144.00,$58.56,"$8,432.64",18.00%,1.00,Canada,iHerb,0.69%,Aug 2022,15–20%
8/8/2022,Electrolyte Powder,Hydration,131.00,$20.67,"$2,707.77",13.00%,2.00,Canada,Amazon,1.53%,Aug 2022,10–15%
8/15/2022,Whey Protein,Protein,154.00,$37.05,"$5,705.70",23.00%,4.00,Canada,Walmart,2.60%,Aug 2022,20–25%
8/15/2022,Vitamin C,Vitamin,150.00,$32.98,"$4,947.00",5.00%,2.00,USA,iHerb,1.33%,Aug 2022,0–5%
8/15/2022,Fish Oil,Omega,150.00,$19.88,"$2,982.00",12.00%,3.00,USA,Amazon,2.00%,Aug 2022,10–15%
8/15/2022,Multivitamin,Vitamin,152.00,$26.95,"$4,096.40",14.00%,1.00,Canada,Walmart,0.66%,Aug 2022,10–15%
8/15/2022,Pre-Workout,Performance,156.00,$34.67,"$5,408.52",7.00%,1.00,Canada,Amazon,0.64%,Aug 2022,5–10%
8/15/2022,BCAA,Amino Acid,182.00,$25.56,"$4,651.92",13.00%,3.00,UK,Walmart,1.65%,Aug 2022,10–15%
8/15/2022,Creatine,Performance,147.00,$52.82,"$7,764.54",8.00%,1.00,UK,Walmart,0.68%,Aug 2022,5–10%
8/15/2022,Zinc,Mineral,145.00,$12.22,"$1,771.90",8.00%,2.00,UK,Walmart,1.38%,Aug 2022,5–10%
8/15/2022,Collagen Peptides,Protein,152.00,$37.00,"$5,624.00",5.00%,1.00,USA,Amazon,0.66%,Aug 2022,0–5%
8/15/2022,Magnesium,Mineral,150.00,$23.04,"$3,456.00",22.00%,2.00,USA,iHerb,1.33%,Aug 2022,20–25%
8/15/2022,Ashwagandha,Herbal,166.00,$22.87,"$3,796.42",10.00%,1.00,Canada,Walmart,0.60%,Aug 2022,5–10%
8/15/2022,Melatonin,Sleep Aid,145.00,$41.06,"$5,953.70",4.00%,3.00,Canada,Walmart,2.07%,Aug 2022,0–5%
8/15/2022,Biotin,Vitamin,162.00,$52.64,"$8,527.68",6.00%,0.00,USA,Amazon,0.00%,Aug 2022,5–10%
8/15/2022,Green Tea Extract,Fat Burner,154.00,$38.36,"$5,907.44",22.00%,4.00,Canada,Walmart,2.60%,Aug 2022,20–25%
8/15/2022,Iron Supplement,Mineral,155.00,$14.19,"$2,199.45",4.00%,2.00,USA,iHerb,1.29%,Aug 2022,0–5%
8/15/2022,Electrolyte Powder,Hydration,148.00,$25.43,"$3,763.64",15.00%,0.00,USA,iHerb,0.00%,Aug 2022,10–15%
8/22/2022,Whey Protein,Protein,154.00,$13.19,"$2,031.26",8.00%,1.00,USA,iHerb,0.65%,Aug 2022,5–10%
8/22/2022,Vitamin C,Vitamin,167.00,$18.83,"$3,144.61",14.00%,1.00,Canada,Amazon,0.60%,Aug 2022,10–15%
8/22/2022,Fish Oil,Omega,121.00,$59.40,"$7,187.40",16.00%,1.00,Canada,Walmart,0.83%,Aug 2022,15–20%
8/22/2022,Multivitamin,Vitamin,149.00,$27.24,"$4,058.76",16.00%,3.00,UK,Walmart,2.01%,Aug 2022,15–20%
8/22/2022,Pre-Workout,Performance,137.00,$16.08,"$2,202.96",5.00%,0.00,Canada,Amazon,0.00%,Aug 2022,0–5%
8/22/2022,BCAA,Amino Acid,135.00,$32.97,"$4,450.95",2.00%,4.00,USA,Walmart,2.96%,Aug 2022,0–5%
8/22/2022,Creatine,Performance,167.00,$56.67,"$9,463.89",6.00%,3.00,Canada,Walmart,1.80%,Aug 2022,5–10%
8/22/2022,Zinc,Mineral,157.00,$49.85,"$7,826.45",9.00%,2.00,Canada,Amazon,1.27%,Aug 2022,5–10%
8/22/2022,Collagen Peptides,Protein,141.00,$15.40,"$2,171.40",23.00%,1.00,Canada,Walmart,0.71%,Aug 2022,20–25%
8/22/2022,Magnesium,Mineral,151.00,$58.00,"$8,758.00",8.00%,2.00,UK,Walmart,1.32%,Aug 2022,5–10%
8/22/2022,Ashwagandha,Herbal,165.00,$28.91,"$4,770.15",19.00%,3.00,UK,iHerb,1.82%,Aug 2022,15–20%
8/22/2022,Melatonin,Sleep Aid,160.00,$54.42,"$8,707.20",10.00%,2.00,Canada,Walmart,1.25%,Aug 2022,5–10%
8/22/2022,Biotin,Vitamin,163.00,$49.23,"$8,024.49",15.00%,3.00,Canada,Walmart,1.84%,Aug 2022,10–15%
8/22/2022,Green Tea Extract,Fat Burner,137.00,$51.64,"$7,074.68",0.00%,0.00,USA,Walmart,0.00%,Aug 2022,0–5%
8/22/2022,Iron Supplement,Mineral,145.00,$42.89,"$6,219.05",15.00%,1.00,Canada,Walmart,0.69%,Aug 2022,10–15%
8/22/2022,Electrolyte Powder,Hydration,164.00,$32.12,"$5,267.68",4.00%,2.00,Canada,Walmart,1.22%,Aug 2022,0–5%
8/29/2022,Whey Protein,Protein,141.00,$33.56,"$4,731.96",1.00%,0.00,USA,iHerb,0.00%,Aug 2022,0–5%
8/29/2022,Vitamin C,Vitamin,157.00,$53.24,"$8,358.68",17.00%,0.00,UK,iHerb,0.00%,Aug 2022,15–20%
8/29/2022,Fish Oil,Omega,154.00,$49.05,"$7,553.70",25.00%,1.00,Canada,Walmart,0.65%,Aug 2022,20–25%
8/29/2022,Multivitamin,Vitamin,157.00,$31.88,"$5,005.16",21.00%,0.00,Canada,Walmart,0.00%,Aug 2022,20–25%
8/29/2022,Pre-Workout,Performance,141.00,$45.61,"$6,431.01",9.00%,3.00,Canada,Amazon,2.13%,Aug 2022,5–10%
8/29/2022,BCAA,Amino Acid,131.00,$45.45,"$5,953.95",6.00%,2.00,Canada,Walmart,1.53%,Aug 2022,5–10%
8/29/2022,Creatine,Performance,136.00,$16.05,"$2,182.80",23.00%,1.00,Canada,iHerb,0.74%,Aug 2022,20–25%
8/29/2022,Zinc,Mineral,162.00,$39.63,"$6,420.06",12.00%,4.00,USA,Amazon,2.47%,Aug 2022,10–15%
8/29/2022,Collagen Peptides,Protein,159.00,$12.32,"$1,958.88",14.00%,1.00,UK,Walmart,0.63%,Aug 2022,10–15%
8/29/2022,Magnesium,Mineral,172.00,$23.49,"$4,040.28",10.00%,1.00,Canada,Amazon,0.58%,Aug 2022,5–10%
8/29/2022,Ashwagandha,Herbal,134.00,$37.91,"$5,079.94",22.00%,2.00,UK,iHerb,1.49%,Aug 2022,20–25%
8/29/2022,Melatonin,Sleep Aid,142.00,$14.16,"$2,010.72",23.00%,1.00,USA,Amazon,0.70%,Aug 2022,20–25%
8/29/2022,Biotin,Vitamin,146.00,$33.03,"$4,822.38",6.00%,1.00,UK,Amazon,0.68%,Aug 2022,5–10%
8/29/2022,Green Tea Extract,Fat Burner,162.00,$25.21,"$4,084.02",12.00%,3.00,UK,Amazon,1.85%,Aug 2022,10–15%
8/29/2022,Iron Supplement,Mineral,139.00,$39.13,"$5,439.07",14.00%,3.00,Canada,Amazon,2.16%,Aug 2022,10–15%
8/29/2022,Electrolyte Powder,Hydration,131.00,$36.91,"$4,835.21",20.00%,0.00,Canada,Walmart,0.00%,Aug 2022,15–20%
9/5/2022,Whey Protein,Protein,162.00,$19.45,"$3,150.90",19.00%,0.00,UK,iHerb,0.00%,Sep 2022,15–20%
9/5/2022,Vitamin C,Vitamin,150.00,$27.82,"$4,173.00",15.00%,1.00,USA,Walmart,0.67%,Sep 2022,10–15%
9/5/2022,Fish Oil,Omega,147.00,$21.34,"$3,136.98",11.00%,4.00,Canada,iHerb,2.72%,Sep 2022,10–15%
9/5/2022,Multivitamin,Vitamin,165.00,$11.49,"$1,895.85",23.00%,2.00,UK,iHerb,1.21%,Sep 2022,20–25%
9/5/2022,Pre-Workout,Performance,151.00,$25.73,"$3,885.23",12.00%,4.00,USA,Walmart,2.65%,Sep 2022,10–15%
9/5/2022,BCAA,Amino Acid,156.00,$16.66,"$2,598.96",5.00%,2.00,UK,Walmart,1.28%,Sep 2022,0–5%
9/5/2022,Creatine,Performance,142.00,$57.21,"$8,123.82",4.00%,0.00,UK,iHerb,0.00%,Sep 2022,0–5%
9/5/2022,Zinc,Mineral,140.00,$31.10,"$4,354.00",23.00%,3.00,USA,iHerb,2.14%,Sep 2022,20–25%
9/5/2022,Collagen Peptides,Protein,148.00,$37.75,"$5,587.00",6.00%,0.00,UK,Amazon,0.00%,Sep 2022,5–10%
9/5/2022,Magnesium,Mineral,175.00,$19.92,"$3,486.00",12.00%,2.00,UK,Amazon,1.14%,Sep 2022,10–15%
9/5/2022,Ashwagandha,Herbal,146.00,$21.42,"$3,127.32",11.00%,1.00,UK,iHerb,0.68%,Sep 2022,10–15%
9/5/2022,Melatonin,Sleep Aid,167.00,$16.68,"$2,785.56",12.00%,2.00,UK,iHerb,1.20%,Sep 2022,10–15%
9/5/2022,Biotin,Vitamin,132.00,$10.89,"$1,437.48",1.00%,1.00,USA,Walmart,0.76%,Sep 2022,0–5%
9/5/2022,Green Tea Extract,Fat Burner,142.00,$40.11,"$5,695.62",11.00%,1.00,UK,Amazon,0.70%,Sep 2022,10–15%
9/5/2022,Iron Supplement,Mineral,150.00,$54.64,"$8,196.00",25.00%,0.00,Canada,Walmart,0.00%,Sep 2022,20–25%
9/5/2022,Electrolyte Powder,Hydration,133.00,$43.05,"$5,725.65",17.00%,2.00,USA,iHerb,1.50%,Sep 2022,15–20%
9/12/2022,Whey Protein,Protein,159.00,$40.64,"$6,461.76",17.00%,1.00,USA,Walmart,0.63%,Sep 2022,15–20%
9/12/2022,Vitamin C,Vitamin,149.00,$37.87,"$5,642.63",16.00%,2.00,UK,iHerb,1.34%,Sep 2022,15–20%
9/12/2022,Fish Oil,Omega,158.00,$35.99,"$5,686.42",17.00%,1.00,UK,Amazon,0.63%,Sep 2022,15–20%
9/12/2022,Multivitamin,Vitamin,140.00,$38.00,"$5,320.00",15.00%,4.00,USA,iHerb,2.86%,Sep 2022,10–15%
9/12/2022,Pre-Workout,Performance,145.00,$20.09,"$2,913.05",2.00%,2.00,Canada,Amazon,1.38%,Sep 2022,0–5%
9/12/2022,BCAA,Amino Acid,140.00,$44.39,"$6,214.60",12.00%,3.00,UK,Amazon,2.14%,Sep 2022,10–15%
9/12/2022,Creatine,Performance,148.00,$54.80,"$8,110.40",22.00%,0.00,Canada,iHerb,0.00%,Sep 2022,20–25%
9/12/2022,Zinc,Mineral,152.00,$54.44,"$8,274.88",11.00%,1.00,UK,Amazon,0.66%,Sep 2022,10–15%
9/12/2022,Collagen Peptides,Protein,175.00,$52.18,"$9,131.50",13.00%,3.00,UK,Walmart,1.71%,Sep 2022,10–15%
9/12/2022,Magnesium,Mineral,137.00,$59.19,"$8,109.03",7.00%,2.00,UK,Amazon,1.46%,Sep 2022,5–10%
9/12/2022,Ashwagandha,Herbal,150.00,$48.15,"$7,222.50",4.00%,2.00,USA,Amazon,1.33%,Sep 2022,0–5%
9/12/2022,Melatonin,Sleep Aid,130.00,$24.59,"$3,196.70",6.00%,0.00,UK,Walmart,0.00%,Sep 2022,5–10%
9/12/2022,Biotin,Vitamin,176.00,$47.08,"$8,286.08",12.00%,2.00,UK,Walmart,1.14%,Sep 2022,10–15%
9/12/2022,Green Tea Extract,Fat Burner,132.00,$22.35,"$2,950.20",24.00%,2.00,USA,Walmart,1.52%,Sep 2022,20–25%
9/12/2022,Iron Supplement,Mineral,147.00,$49.27,"$7,242.69",3.00%,0.00,UK,iHerb,0.00%,Sep 2022,0–5%
9/12/2022,Electrolyte Powder,Hydration,139.00,$49.35,"$6,859.65",8.00%,0.00,Canada,Amazon,0.00%,Sep 2022,5–10%
9/19/2022,Whey Protein,Protein,149.00,$21.08,"$3,140.92",5.00%,4.00,Canada,Walmart,2.68%,Sep 2022,0–5%
9/19/2022,Vitamin C,Vitamin,162.00,$20.60,"$3,337.20",9.00%,1.00,USA,Amazon,0.62%,Sep 2022,5–10%
9/19/2022,Fish Oil,Omega,158.00,$55.48,"$8,765.84",21.00%,0.00,UK,Amazon,0.00%,Sep 2022,20–25%
9/19/2022,Multivitamin,Vitamin,166.00,$14.04,"$2,330.64",16.00%,2.00,UK,iHerb,1.20%,Sep 2022,15–20%
9/19/2022,Pre-Workout,Performance,131.00,$59.64,"$7,812.84",17.00%,2.00,USA,Amazon,1.53%,Sep 2022,15–20%
9/19/2022,BCAA,Amino Acid,139.00,$23.85,"$3,315.15",6.00%,0.00,Canada,Walmart,0.00%,Sep 2022,5–10%
9/19/2022,Creatine,Performance,138.00,$26.41,"$3,644.58",21.00%,0.00,UK,Walmart,0.00%,Sep 2022,20–25%
9/19/2022,Zinc,Mineral,149.00,$34.08,"$5,077.92",1.00%,4.00,USA,Walmart,2.68%,Sep 2022,0–5%
9/19/2022,Collagen Peptides,Protein,161.00,$14.33,"$2,307.13",15.00%,2.00,USA,Walmart,1.24%,Sep 2022,10–15%
9/19/2022,Magnesium,Mineral,138.00,$50.71,"$6,997.98",19.00%,2.00,USA,Amazon,1.45%,Sep 2022,15–20%
9/19/2022,Ashwagandha,Herbal,147.00,$49.53,"$7,280.91",17.00%,5.00,USA,iHerb,3.40%,Sep 2022,15–20%
9/19/2022,Melatonin,Sleep Aid,142.00,$21.13,"$3,000.46",18.00%,0.00,USA,Walmart,0.00%,Sep 2022,15–20%
9/19/2022,Biotin,Vitamin,159.00,$22.54,"$3,583.86",6.00%,2.00,Canada,Amazon,1.26%,Sep 2022,5–10%
9/19/2022,Green Tea Extract,Fat Burner,160.00,$52.61,"$8,417.60",24.00%,2.00,Canada,Walmart,1.25%,Sep 2022,20–25%
9/19/2022,Iron Supplement,Mineral,170.00,$54.73,"$9,304.10",0.00%,4.00,UK,Amazon,2.35%,Sep 2022,0–5%
9/19/2022,Electrolyte Powder,Hydration,149.00,$16.36,"$2,437.64",10.00%,1.00,UK,Amazon,0.67%,Sep 2022,5–10%
9/26/2022,Whey Protein,Protein,142.00,$50.29,"$7,141.18",0.00%,1.00,Canada,iHerb,0.70%,Sep 2022,0–5%
9/26/2022,Vitamin C,Vitamin,137.00,$22.71,"$3,111.27",6.00%,1.00,UK,iHerb,0.73%,Sep 2022,5–10%
9/26/2022,Fish Oil,Omega,155.00,$18.78,"$2,910.90",6.00%,4.00,USA,iHerb,2.58%,Sep 2022,5–10%
9/26/2022,Multivitamin,Vitamin,146.00,$22.08,"$3,223.68",12.00%,0.00,Canada,Amazon,0.00%,Sep 2022,10–15%
9/26/2022,Pre-Workout,Performance,146.00,$44.38,"$6,479.48",25.00%,1.00,UK,Amazon,0.68%,Sep 2022,20–25%
9/26/2022,BCAA,Amino Acid,154.00,$51.58,"$7,943.32",12.00%,2.00,Canada,Walmart,1.30%,Sep 2022,10–15%
9/26/2022,Creatine,Performance,134.00,$23.95,"$3,209.30",4.00%,1.00,USA,Amazon,0.75%,Sep 2022,0–5%
9/26/2022,Zinc,Mineral,134.00,$32.81,"$4,396.54",13.00%,0.00,Canada,Walmart,0.00%,Sep 2022,10–15%
9/26/2022,Collagen Peptides,Protein,135.00,$59.25,"$7,998.75",2.00%,1.00,UK,iHerb,0.74%,Sep 2022,0–5%
9/26/2022,Magnesium,Mineral,166.00,$53.79,"$8,929.14",13.00%,1.00,Canada,Amazon,0.60%,Sep 2022,10–15%
9/26/2022,Ashwagandha,Herbal,143.00,$25.29,"$3,616.47",22.00%,2.00,UK,Walmart,1.40%,Sep 2022,20–25%
9/26/2022,Melatonin,Sleep Aid,156.00,$22.86,"$3,566.16",15.00%,1.00,Canada,Walmart,0.64%,Sep 2022,10–15%
9/26/2022,Biotin,Vitamin,161.00,$42.16,"$6,787.76",22.00%,1.00,USA,Walmart,0.62%,Sep 2022,20–25%
9/26/2022,Green Tea Extract,Fat Burner,127.00,$27.30,"$3,467.10",17.00%,3.00,USA,Walmart,2.36%,Sep 2022,15–20%
9/26/2022,Iron Supplement,Mineral,149.00,$42.73,"$6,366.77",3.00%,1.00,Canada,iHerb,0.67%,Sep 2022,0–5%
9/26/2022,Electrolyte Powder,Hydration,171.00,$10.67,"$1,824.57",5.00%,2.00,UK,Walmart,1.17%,Sep 2022,0–5%
10/3/2022,Whey Protein,Protein,160.00,$24.61,"$3,937.60",23.00%,2.00,UK,Amazon,1.25%,Oct 2022,20–25%
10/3/2022,Vitamin C,Vitamin,157.00,$16.14,"$2,533.98",24.00%,0.00,Canada,iHerb,0.00%,Oct 2022,20–25%
10/3/2022,Fish Oil,Omega,141.00,$40.93,"$5,771.13",21.00%,1.00,USA,Amazon,0.71%,Oct 2022,20–25%
10/3/2022,Multivitamin,Vitamin,146.00,$11.81,"$1,724.26",21.00%,1.00,USA,Walmart,0.68%,Oct 2022,20–25%
10/3/2022,Pre-Workout,Performance,164.00,$39.01,"$6,397.64",22.00%,1.00,UK,Walmart,0.61%,Oct 2022,20–25%
10/3/2022,BCAA,Amino Acid,159.00,$46.82,"$7,444.38",23.00%,1.00,UK,Amazon,0.63%,Oct 2022,20–25%
10/3/2022,Creatine,Performance,137.00,$22.32,"$3,057.84",4.00%,1.00,Canada,iHerb,0.73%,Oct 2022,0–5%
10/3/2022,Zinc,Mineral,137.00,$11.80,"$1,616.60",21.00%,1.00,Canada,Walmart,0.73%,Oct 2022,20–25%
10/3/2022,Collagen Peptides,Protein,145.00,$13.51,"$1,958.95",25.00%,2.00,UK,Walmart,1.38%,Oct 2022,20–25%
10/3/2022,Magnesium,Mineral,137.00,$48.17,"$6,599.29",11.00%,3.00,Canada,iHerb,2.19%,Oct 2022,10–15%
10/3/2022,Ashwagandha,Herbal,135.00,$14.67,"$1,980.45",5.00%,0.00,USA,Walmart,0.00%,Oct 2022,0–5%
10/3/2022,Melatonin,Sleep Aid,171.00,$31.37,"$5,364.27",13.00%,3.00,UK,Walmart,1.75%,Oct 2022,10–15%
10/3/2022,Biotin,Vitamin,129.00,$42.33,"$5,460.57",9.00%,0.00,USA,Walmart,0.00%,Oct 2022,5–10%
10/3/2022,Green Tea Extract,Fat Burner,153.00,$11.75,"$1,797.75",19.00%,2.00,Canada,iHerb,1.31%,Oct 2022,15–20%
10/3/2022,Iron Supplement,Mineral,160.00,$20.21,"$3,233.60",14.00%,2.00,USA,Amazon,1.25%,Oct 2022,10–15%
10/3/2022,Electrolyte Powder,Hydration,168.00,$19.76,"$3,319.68",15.00%,1.00,UK,Amazon,0.60%,Oct 2022,10–15%
10/10/2022,Whey Protein,Protein,133.00,$22.93,"$3,049.69",7.00%,4.00,Canada,iHerb,3.01%,Oct 2022,5–10%
10/10/2022,Vitamin C,Vitamin,146.00,$24.19,"$3,531.74",3.00%,0.00,USA,iHerb,0.00%,Oct 2022,0–5%
10/10/2022,Fish Oil,Omega,128.00,$19.47,"$2,492.16",9.00%,2.00,UK,Amazon,1.56%,Oct 2022,5–10%
10/10/2022,Multivitamin,Vitamin,147.00,$34.90,"$5,130.30",10.00%,2.00,USA,Amazon,1.36%,Oct 2022,5–10%
10/10/2022,Pre-Workout,Performance,128.00,$42.60,"$5,452.80",12.00%,2.00,UK,Amazon,1.56%,Oct 2022,10–15%
10/10/2022,BCAA,Amino Acid,171.00,$39.82,"$6,809.22",13.00%,5.00,UK,iHerb,2.92%,Oct 2022,10–15%
10/10/2022,Creatine,Performance,141.00,$23.27,"$3,281.07",5.00%,3.00,Canada,iHerb,2.13%,Oct 2022,0–5%
10/10/2022,Zinc,Mineral,135.00,$23.80,"$3,213.00",9.00%,0.00,Canada,Walmart,0.00%,Oct 2022,5–10%
10/10/2022,Collagen Peptides,Protein,153.00,$42.87,"$6,559.11",0.00%,0.00,Canada,Walmart,0.00%,Oct 2022,0–5%
10/10/2022,Magnesium,Mineral,131.00,$50.74,"$6,646.94",22.00%,0.00,Canada,Walmart,0.00%,Oct 2022,20–25%
10/10/2022,Ashwagandha,Herbal,153.00,$24.44,"$3,739.32",10.00%,1.00,USA,iHerb,0.65%,Oct 2022,5–10%
10/10/2022,Melatonin,Sleep Aid,134.00,$17.64,"$2,363.76",16.00%,0.00,UK,iHerb,0.00%,Oct 2022,15–20%
10/10/2022,Biotin,Vitamin,138.00,$13.89,"$1,916.82",5.00%,3.00,UK,Amazon,2.17%,Oct 2022,0–5%
10/10/2022,Green Tea Extract,Fat Burner,146.00,$39.43,"$5,756.78",6.00%,3.00,UK,Amazon,2.05%,Oct 2022,5–10%
10/10/2022,Iron Supplement,Mineral,150.00,$30.30,"$4,545.00",25.00%,2.00,UK,iHerb,1.33%,Oct 2022,20–25%
10/10/2022,Electrolyte Powder,Hydration,149.00,$54.01,"$8,047.49",24.00%,1.00,Canada,Amazon,0.67%,Oct 2022,20–25%
10/17/2022,Whey Protein,Protein,162.00,$37.28,"$6,039.36",4.00%,1.00,USA,Walmart,0.62%,Oct 2022,0–5%
10/17/2022,Vitamin C,Vitamin,173.00,$41.62,"$7,200.26",15.00%,0.00,Canada,iHerb,0.00%,Oct 2022,10–15%
10/17/2022,Fish Oil,Omega,144.00,$19.36,"$2,787.84",20.00%,4.00,USA,Amazon,2.78%,Oct 2022,15–20%
10/17/2022,Multivitamin,Vitamin,139.00,$32.75,"$4,552.25",19.00%,1.00,USA,Walmart,0.72%,Oct 2022,15–20%
10/17/2022,Pre-Workout,Performance,180.00,$31.01,"$5,581.80",24.00%,2.00,USA,iHerb,1.11%,Oct 2022,20–25%
10/17/2022,BCAA,Amino Acid,158.00,$58.73,"$9,279.34",17.00%,3.00,USA,Amazon,1.90%,Oct 2022,15–20%
10/17/2022,Creatine,Performance,157.00,$24.52,"$3,849.64",8.00%,2.00,USA,Amazon,1.27%,Oct 2022,5–10%
10/17/2022,Zinc,Mineral,142.00,$22.47,"$3,190.74",20.00%,0.00,UK,iHerb,0.00%,Oct 2022,15–20%
10/17/2022,Collagen Peptides,Protein,163.00,$19.35,"$3,154.05",14.00%,1.00,USA,Walmart,0.61%,Oct 2022,10–15%
10/17/2022,Magnesium,Mineral,143.00,$13.17,"$1,883.31",25.00%,0.00,USA,Walmart,0.00%,Oct 2022,20–25%
10/17/2022,Ashwagandha,Herbal,156.00,$42.30,"$6,598.80",9.00%,2.00,Canada,Walmart,1.28%,Oct 2022,5–10%
10/17/2022,Melatonin,Sleep Aid,158.00,$15.70,"$2,480.60",16.00%,1.00,Canada,iHerb,0.63%,Oct 2022,15–20%
10/17/2022,Biotin,Vitamin,148.00,$45.24,"$6,695.52",8.00%,1.00,UK,iHerb,0.68%,Oct 2022,5–10%
10/17/2022,Green Tea Extract,Fat Burner,125.00,$38.39,"$4,798.75",9.00%,2.00,Canada,Walmart,1.60%,Oct 2022,5–10%
10/17/2022,Iron Supplement,Mineral,151.00,$35.57,"$5,371.07",16.00%,2.00,USA,Amazon,1.32%,Oct 2022,15–20%
10/17/2022,Electrolyte Powder,Hydration,142.00,$17.83,"$2,531.86",16.00%,3.00,Canada,Amazon,2.11%,Oct 2022,15–20%
10/24/2022,Whey Protein,Protein,147.00,$47.83,"$7,031.01",21.00%,3.00,USA,Amazon,2.04%,Oct 2022,20–25%
10/24/2022,Vitamin C,Vitamin,154.00,$10.77,"$1,658.58",3.00%,0.00,Canada,iHerb,0.00%,Oct 2022,0–5%
10/24/2022,Fish Oil,Omega,158.00,$34.82,"$5,501.56",12.00%,1.00,USA,Walmart,0.63%,Oct 2022,10–15%
10/24/2022,Multivitamin,Vitamin,166.00,$27.62,"$4,584.92",19.00%,0.00,UK,iHerb,0.00%,Oct 2022,15–20%
10/24/2022,Pre-Workout,Performance,156.00,$56.61,"$8,831.16",22.00%,1.00,USA,Walmart,0.64%,Oct 2022,20–25%
10/24/2022,BCAA,Amino Acid,153.00,$22.89,"$3,502.17",2.00%,1.00,USA,Amazon,0.65%,Oct 2022,0–5%
10/24/2022,Creatine,Performance,166.00,$38.09,"$6,322.94",11.00%,1.00,Canada,Walmart,0.60%,Oct 2022,10–15%
10/24/2022,Zinc,Mineral,154.00,$13.06,"$2,011.24",12.00%,3.00,USA,Walmart,1.95%,Oct 2022,10–15%
10/24/2022,Collagen Peptides,Protein,131.00,$17.68,"$2,316.08",19.00%,2.00,UK,Amazon,1.53%,Oct 2022,15–20%
10/24/2022,Magnesium,Mineral,152.00,$54.42,"$8,271.84",19.00%,3.00,Canada,Walmart,1.97%,Oct 2022,15–20%
10/24/2022,Ashwagandha,Herbal,162.00,$32.90,"$5,329.80",22.00%,4.00,USA,iHerb,2.47%,Oct 2022,20–25%
10/24/2022,Melatonin,Sleep Aid,181.00,$53.67,"$9,714.27",10.00%,0.00,USA,Walmart,0.00%,Oct 2022,5–10%
10/24/2022,Biotin,Vitamin,129.00,$22.49,"$2,901.21",12.00%,2.00,UK,Walmart,1.55%,Oct 2022,10–15%
10/24/2022,Green Tea Extract,Fat Burner,151.00,$36.97,"$5,582.47",13.00%,0.00,Canada,iHerb,0.00%,Oct 2022,10–15%
10/24/2022,Iron Supplement,Mineral,131.00,$20.25,"$2,652.75",22.00%,3.00,Canada,Amazon,2.29%,Oct 2022,20–25%
10/24/2022,Electrolyte Powder,Hydration,141.00,$18.77,"$2,646.57",20.00%,3.00,Canada,iHerb,2.13%,Oct 2022,15–20%
10/31/2022,Whey Protein,Protein,165.00,$47.93,"$7,908.45",2.00%,0.00,Canada,Amazon,0.00%,Oct 2022,0–5%
10/31/2022,Vitamin C,Vitamin,160.00,$59.78,"$9,564.80",2.00%,3.00,Canada,Walmart,1.88%,Oct 2022,0–5%
10/31/2022,Fish Oil,Omega,149.00,$50.86,"$7,578.14",23.00%,1.00,Canada,iHerb,0.67%,Oct 2022,20–25%
10/31/2022,Multivitamin,Vitamin,177.00,$14.10,"$2,495.70",11.00%,3.00,USA,Walmart,1.69%,Oct 2022,10–15%
10/31/2022,Pre-Workout,Performance,149.00,$46.48,"$6,925.52",5.00%,4.00,Canada,iHerb,2.68%,Oct 2022,0–5%
10/31/2022,BCAA,Amino Acid,143.00,$31.12,"$4,450.16",4.00%,1.00,USA,Walmart,0.70%,Oct 2022,0–5%
10/31/2022,Creatine,Performance,138.00,$19.35,"$2,670.30",12.00%,2.00,Canada,Amazon,1.45%,Oct 2022,10–15%
10/31/2022,Zinc,Mineral,152.00,$41.83,"$6,358.16",17.00%,2.00,UK,iHerb,1.32%,Oct 2022,15–20%
10/31/2022,Collagen Peptides,Protein,148.00,$13.49,"$1,996.52",21.00%,2.00,USA,Walmart,1.35%,Oct 2022,20–25%
10/31/2022,Magnesium,Mineral,140.00,$10.63,"$1,488.20",5.00%,0.00,Canada,Amazon,0.00%,Oct 2022,0–5%
10/31/2022,Ashwagandha,Herbal,161.00,$50.68,"$8,159.48",0.00%,1.00,USA,Walmart,0.62%,Oct 2022,0–5%
10/31/2022,Melatonin,Sleep Aid,157.00,$42.49,"$6,670.93",2.00%,0.00,Canada,Walmart,0.00%,Oct 2022,0–5%
10/31/2022,Biotin,Vitamin,149.00,$17.29,"$2,576.21",5.00%,0.00,USA,Amazon,0.00%,Oct 2022,0–5%
10/31/2022,Green Tea Extract,Fat Burner,140.00,$29.76,"$4,166.40",16.00%,1.00,Canada,Amazon,0.71%,Oct 2022,15–20%
10/31/2022,Iron Supplement,Mineral,161.00,$16.33,"$2,629.13",1.00%,3.00,Canada,Amazon,1.86%,Oct 2022,0–5%
10/31/2022,Electrolyte Powder,Hydration,129.00,$11.11,"$1,433.19",16.00%,1.00,USA,Walmart,0.78%,Oct 2022,15–20%
11/7/2022,Whey Protein,Protein,147.00,$24.84,"$3,651.48",4.00%,0.00,Canada,iHerb,0.00%,Nov 2022,0–5%
11/7/2022,Vitamin C,Vitamin,134.00,$22.03,"$2,952.02",8.00%,4.00,Canada,Walmart,2.99%,Nov 2022,5–10%
11/7/2022,Fish Oil,Omega,145.00,$26.23,"$3,803.35",5.00%,0.00,Canada,Amazon,0.00%,Nov 2022,0–5%
11/7/2022,Multivitamin,Vitamin,121.00,$31.18,"$3,772.78",5.00%,1.00,UK,Walmart,0.83%,Nov 2022,0–5%
11/7/2022,Pre-Workout,Performance,134.00,$23.58,"$3,159.72",9.00%,0.00,Canada,Amazon,0.00%,Nov 2022,5–10%
11/7/2022,BCAA,Amino Acid,147.00,$26.44,"$3,886.68",22.00%,3.00,Canada,iHerb,2.04%,Nov 2022,20–25%
11/7/2022,Creatine,Performance,156.00,$13.78,"$2,149.68",12.00%,5.00,UK,Amazon,3.21%,Nov 2022,10–15%
11/7/2022,Zinc,Mineral,158.00,$36.16,"$5,713.28",23.00%,3.00,USA,Amazon,1.90%,Nov 2022,20–25%
11/7/2022,Collagen Peptides,Protein,164.00,$25.23,"$4,137.72",1.00%,4.00,UK,iHerb,2.44%,Nov 2022,0–5%
11/7/2022,Magnesium,Mineral,153.00,$17.46,"$2,671.38",21.00%,3.00,UK,iHerb,1.96%,Nov 2022,20–25%
11/7/2022,Ashwagandha,Herbal,162.00,$28.30,"$4,584.60",8.00%,0.00,Canada,iHerb,0.00%,Nov 2022,5–10%
11/7/2022,Melatonin,Sleep Aid,164.00,$41.54,"$6,812.56",13.00%,2.00,Canada,Walmart,1.22%,Nov 2022,10–15%
11/7/2022,Biotin,Vitamin,172.00,$48.67,"$8,371.24",1.00%,0.00,UK,iHerb,0.00%,Nov 2022,0–5%
11/7/2022,Green Tea Extract,Fat Burner,147.00,$49.46,"$7,270.62",13.00%,0.00,USA,Walmart,0.00%,Nov 2022,10–15%
11/7/2022,Iron Supplement,Mineral,162.00,$37.73,"$6,112.26",20.00%,2.00,USA,iHerb,1.23%,Nov 2022,15–20%
11/7/2022,Electrolyte Powder,Hydration,139.00,$41.41,"$5,755.99",18.00%,2.00,UK,Walmart,1.44%,Nov 2022,15–20%
11/14/2022,Whey Protein,Protein,187.00,$57.55,"$10,761.85",13.00%,2.00,USA,Amazon,1.07%,Nov 2022,10–15%
11/14/2022,Vitamin C,Vitamin,131.00,$48.47,"$6,349.57",18.00%,0.00,UK,Walmart,0.00%,Nov 2022,15–20%
11/14/2022,Fish Oil,Omega,152.00,$59.79,"$9,088.08",22.00%,0.00,Canada,Walmart,0.00%,Nov 2022,20–25%
11/14/2022,Multivitamin,Vitamin,145.00,$32.11,"$4,655.95",16.00%,1.00,Canada,Walmart,0.69%,Nov 2022,15–20%
11/14/2022,Pre-Workout,Performance,143.00,$17.28,"$2,471.04",21.00%,1.00,UK,Amazon,0.70%,Nov 2022,20–25%
11/14/2022,BCAA,Amino Acid,146.00,$34.83,"$5,085.18",14.00%,4.00,USA,Amazon,2.74%,Nov 2022,10–15%
11/14/2022,Creatine,Performance,167.00,$33.66,"$5,621.22",24.00%,1.00,USA,iHerb,0.60%,Nov 2022,20–25%
11/14/2022,Zinc,Mineral,145.00,$15.72,"$2,279.40",19.00%,2.00,Canada,iHerb,1.38%,Nov 2022,15–20%
11/14/2022,Collagen Peptides,Protein,140.00,$59.27,"$8,297.80",9.00%,1.00,USA,Amazon,0.71%,Nov 2022,5–10%
11/14/2022,Magnesium,Mineral,169.00,$20.74,"$3,505.06",22.00%,6.00,Canada,Walmart,3.55%,Nov 2022,20–25%
11/14/2022,Ashwagandha,Herbal,130.00,$29.53,"$3,838.90",13.00%,3.00,Canada,iHerb,2.31%,Nov 2022,10–15%
11/14/2022,Melatonin,Sleep Aid,139.00,$38.09,"$5,294.51",0.00%,1.00,USA,iHerb,0.72%,Nov 2022,0–5%
11/14/2022,Biotin,Vitamin,128.00,$12.00,"$1,536.00",21.00%,0.00,Canada,Amazon,0.00%,Nov 2022,20–25%
11/14/2022,Green Tea Extract,Fat Burner,144.00,$47.31,"$6,812.64",5.00%,0.00,Canada,Walmart,0.00%,Nov 2022,0–5%
11/14/2022,Iron Supplement,Mineral,158.00,$48.30,"$7,631.40",11.00%,1.00,USA,iHerb,0.63%,Nov 2022,10–15%
11/14/2022,Electrolyte Powder,Hydration,148.00,$55.11,"$8,156.28",1.00%,1.00,UK,iHerb,0.68%,Nov 2022,0–5%
11/21/2022,Whey Protein,Protein,167.00,$56.62,"$9,455.54",16.00%,4.00,USA,Walmart,2.40%,Nov 2022,15–20%
11/21/2022,Vitamin C,Vitamin,160.00,$21.56,"$3,449.60",10.00%,0.00,Canada,iHerb,0.00%,Nov 2022,5–10%
11/21/2022,Fish Oil,Omega,150.00,$57.81,"$8,671.50",11.00%,2.00,Canada,iHerb,1.33%,Nov 2022,10–15%
11/21/2022,Multivitamin,Vitamin,175.00,$20.43,"$3,575.25",12.00%,1.00,UK,Amazon,0.57%,Nov 2022,10–15%
11/21/2022,Pre-Workout,Performance,146.00,$51.32,"$7,492.72",11.00%,1.00,UK,Walmart,0.68%,Nov 2022,10–15%
11/21/2022,BCAA,Amino Acid,150.00,$17.56,"$2,634.00",15.00%,1.00,UK,Amazon,0.67%,Nov 2022,10–15%
11/21/2022,Creatine,Performance,166.00,$26.45,"$4,390.70",15.00%,0.00,Canada,Walmart,0.00%,Nov 2022,10–15%
11/21/2022,Zinc,Mineral,142.00,$27.68,"$3,930.56",13.00%,2.00,UK,Walmart,1.41%,Nov 2022,10–15%
11/21/2022,Collagen Peptides,Protein,152.00,$25.39,"$3,859.28",3.00%,2.00,Canada,Walmart,1.32%,Nov 2022,0–5%
11/21/2022,Magnesium,Mineral,165.00,$30.35,"$5,007.75",12.00%,2.00,USA,Amazon,1.21%,Nov 2022,10–15%
11/21/2022,Ashwagandha,Herbal,156.00,$46.07,"$7,186.92",2.00%,1.00,USA,Walmart,0.64%,Nov 2022,0–5%
11/21/2022,Melatonin,Sleep Aid,163.00,$17.45,"$2,844.35",25.00%,3.00,UK,iHerb,1.84%,Nov 2022,20–25%
11/21/2022,Biotin,Vitamin,160.00,$19.19,"$3,070.40",24.00%,2.00,Canada,Amazon,1.25%,Nov 2022,20–25%
11/21/2022,Green Tea Extract,Fat Burner,165.00,$26.76,"$4,415.40",25.00%,2.00,USA,iHerb,1.21%,Nov 2022,20–25%
11/21/2022,Iron Supplement,Mineral,135.00,$34.10,"$4,603.50",1.00%,1.00,Canada,Amazon,0.74%,Nov 2022,0–5%
11/21/2022,Electrolyte Powder,Hydration,147.00,$27.75,"$4,079.25",25.00%,0.00,Canada,Walmart,0.00%,Nov 2022,20–25%
11/28/2022,Whey Protein,Protein,153.00,$46.69,"$7,143.57",25.00%,3.00,Canada,Amazon,1.96%,Nov 2022,20–25%
11/28/2022,Vitamin C,Vitamin,152.00,$51.75,"$7,866.00",23.00%,5.00,Canada,Walmart,3.29%,Nov 2022,20–25%
11/28/2022,Fish Oil,Omega,136.00,$14.45,"$1,965.20",7.00%,2.00,USA,Amazon,1.47%,Nov 2022,5–10%
11/28/2022,Multivitamin,Vitamin,165.00,$41.55,"$6,855.75",13.00%,2.00,Canada,Walmart,1.21%,Nov 2022,10–15%
11/28/2022,Pre-Workout,Performance,146.00,$43.86,"$6,403.56",17.00%,1.00,UK,Walmart,0.68%,Nov 2022,15–20%
11/28/2022,BCAA,Amino Acid,167.00,$29.06,"$4,853.02",19.00%,1.00,USA,iHerb,0.60%,Nov 2022,15–20%
11/28/2022,Creatine,Performance,168.00,$28.47,"$4,782.96",22.00%,1.00,Canada,iHerb,0.60%,Nov 2022,20–25%
11/28/2022,Zinc,Mineral,150.00,$23.83,"$3,574.50",16.00%,0.00,Canada,iHerb,0.00%,Nov 2022,15–20%
11/28/2022,Collagen Peptides,Protein,167.00,$19.54,"$3,263.18",17.00%,2.00,USA,Amazon,1.20%,Nov 2022,15–20%
11/28/2022,Magnesium,Mineral,137.00,$30.45,"$4,171.65",17.00%,2.00,Canada,Walmart,1.46%,Nov 2022,15–20%
11/28/2022,Ashwagandha,Herbal,151.00,$47.90,"$7,232.90",15.00%,2.00,Canada,Amazon,1.32%,Nov 2022,10–15%
11/28/2022,Melatonin,Sleep Aid,144.00,$40.75,"$5,868.00",21.00%,1.00,USA,Amazon,0.69%,Nov 2022,20–25%
11/28/2022,Biotin,Vitamin,139.00,$28.56,"$3,969.84",17.00%,1.00,UK,Amazon,0.72%,Nov 2022,15–20%
11/28/2022,Green Tea Extract,Fat Burner,164.00,$44.23,"$7,253.72",5.00%,5.00,USA,Amazon,3.05%,Nov 2022,0–5%
11/28/2022,Iron Supplement,Mineral,164.00,$26.51,"$4,347.64",13.00%,0.00,Canada,Amazon,0.00%,Nov 2022,10–15%
11/28/2022,Electrolyte Powder,Hydration,151.00,$37.65,"$5,685.15",16.00%,1.00,Canada,Walmart,0.66%,Nov 2022,15–20%
12/5/2022,Whey Protein,Protein,150.00,$15.43,"$2,314.50",20.00%,0.00,USA,Amazon,0.00%,Dec 2022,15–20%
12/5/2022,Vitamin C,Vitamin,117.00,$48.25,"$5,645.25",10.00%,2.00,Canada,Walmart,1.71%,Dec 2022,5–10%
12/5/2022,Fish Oil,Omega,151.00,$45.84,"$6,921.84",3.00%,2.00,UK,iHerb,1.32%,Dec 2022,0–5%
12/5/2022,Multivitamin,Vitamin,136.00,$48.06,"$6,536.16",24.00%,1.00,UK,iHerb,0.74%,Dec 2022,20–25%
12/5/2022,Pre-Workout,Performance,163.00,$50.36,"$8,208.68",16.00%,0.00,USA,Walmart,0.00%,Dec 2022,15–20%
12/5/2022,BCAA,Amino Acid,143.00,$29.15,"$4,168.45",5.00%,2.00,Canada,Amazon,1.40%,Dec 2022,0–5%
12/5/2022,Creatine,Performance,151.00,$55.71,"$8,412.21",13.00%,1.00,UK,Amazon,0.66%,Dec 2022,10–15%
12/5/2022,Zinc,Mineral,149.00,$12.80,"$1,907.20",10.00%,0.00,USA,Amazon,0.00%,Dec 2022,5–10%
12/5/2022,Collagen Peptides,Protein,152.00,$36.68,"$5,575.36",3.00%,3.00,UK,iHerb,1.97%,Dec 2022,0–5%
12/5/2022,Magnesium,Mineral,168.00,$27.17,"$4,564.56",15.00%,0.00,UK,Walmart,0.00%,Dec 2022,10–15%
12/5/2022,Ashwagandha,Herbal,145.00,$55.78,"$8,088.10",21.00%,2.00,Canada,Amazon,1.38%,Dec 2022,20–25%
12/5/2022,Melatonin,Sleep Aid,151.00,$56.62,"$8,549.62",24.00%,0.00,Canada,Amazon,0.00%,Dec 2022,20–25%
12/5/2022,Biotin,Vitamin,136.00,$37.07,"$5,041.52",0.00%,0.00,UK,Amazon,0.00%,Dec 2022,0–5%
12/5/2022,Green Tea Extract,Fat Burner,167.00,$27.86,"$4,652.62",22.00%,2.00,USA,iHerb,1.20%,Dec 2022,20–25%
12/5/2022,Iron Supplement,Mineral,162.00,$15.67,"$2,538.54",11.00%,1.00,UK,Amazon,0.62%,Dec 2022,10–15%
12/5/2022,Electrolyte Powder,Hydration,152.00,$59.57,"$9,054.64",6.00%,0.00,UK,Walmart,0.00%,Dec 2022,5–10%
12/12/2022,Whey Protein,Protein,151.00,$31.99,"$4,830.49",19.00%,1.00,UK,Walmart,0.66%,Dec 2022,15–20%
12/12/2022,Vitamin C,Vitamin,154.00,$11.25,"$1,732.50",14.00%,3.00,UK,Walmart,1.95%,Dec 2022,10–15%
12/12/2022,Fish Oil,Omega,172.00,$32.94,"$5,665.68",25.00%,1.00,UK,Amazon,0.58%,Dec 2022,20–25%
12/12/2022,Multivitamin,Vitamin,166.00,$35.71,"$5,927.86",21.00%,2.00,Canada,Amazon,1.20%,Dec 2022,20–25%
12/12/2022,Pre-Workout,Performance,141.00,$33.99,"$4,792.59",21.00%,3.00,UK,Walmart,2.13%,Dec 2022,20–25%
12/12/2022,BCAA,Amino Acid,153.00,$48.74,"$7,457.22",18.00%,1.00,UK,Walmart,0.65%,Dec 2022,15–20%
12/12/2022,Creatine,Performance,130.00,$32.78,"$4,261.40",9.00%,2.00,Canada,Walmart,1.54%,Dec 2022,5–10%
12/12/2022,Zinc,Mineral,156.00,$51.85,"$8,088.60",7.00%,0.00,USA,iHerb,0.00%,Dec 2022,5–10%
12/12/2022,Collagen Peptides,Protein,147.00,$58.27,"$8,565.69",20.00%,4.00,UK,Walmart,2.72%,Dec 2022,15–20%
12/12/2022,Magnesium,Mineral,135.00,$37.89,"$5,115.15",7.00%,2.00,UK,iHerb,1.48%,Dec 2022,5–10%
12/12/2022,Ashwagandha,Herbal,141.00,$35.06,"$4,943.46",6.00%,2.00,Canada,Amazon,1.42%,Dec 2022,5–10%
12/12/2022,Melatonin,Sleep Aid,148.00,$28.14,"$4,164.72",0.00%,1.00,UK,Amazon,0.68%,Dec 2022,0–5%
12/12/2022,Biotin,Vitamin,144.00,$25.40,"$3,657.60",7.00%,1.00,USA,Amazon,0.69%,Dec 2022,5–10%
12/12/2022,Green Tea Extract,Fat Burner,134.00,$44.62,"$5,979.08",16.00%,2.00,Canada,iHerb,1.49%,Dec 2022,15–20%
12/12/2022,Iron Supplement,Mineral,148.00,$50.52,"$7,476.96",11.00%,2.00,USA,Amazon,1.35%,Dec 2022,10–15%
12/12/2022,Electrolyte Powder,Hydration,148.00,$48.01,"$7,105.48",4.00%,1.00,UK,iHerb,0.68%,Dec 2022,0–5%
12/19/2022,Whey Protein,Protein,139.00,$21.52,"$2,991.28",14.00%,2.00,Canada,Walmart,1.44%,Dec 2022,10–15%
12/19/2022,Vitamin C,Vitamin,161.00,$59.44,"$9,569.84",15.00%,1.00,Canada,Walmart,0.62%,Dec 2022,10–15%
12/19/2022,Fish Oil,Omega,164.00,$47.46,"$7,783.44",5.00%,1.00,UK,iHerb,0.61%,Dec 2022,0–5%
12/19/2022,Multivitamin,Vitamin,165.00,$44.17,"$7,288.05",15.00%,3.00,UK,iHerb,1.82%,Dec 2022,10–15%
12/19/2022,Pre-Workout,Performance,142.00,$16.16,"$2,294.72",17.00%,2.00,UK,Amazon,1.41%,Dec 2022,15–20%
12/19/2022,BCAA,Amino Acid,147.00,$31.00,"$4,557.00",5.00%,1.00,USA,iHerb,0.68%,Dec 2022,0–5%
12/19/2022,Creatine,Performance,146.00,$48.71,"$7,111.66",15.00%,0.00,Canada,iHerb,0.00%,Dec 2022,10–15%
12/19/2022,Zinc,Mineral,173.00,$11.71,"$2,025.83",20.00%,1.00,UK,Walmart,0.58%,Dec 2022,15–20%
12/19/2022,Collagen Peptides,Protein,153.00,$30.99,"$4,741.47",22.00%,1.00,UK,Amazon,0.65%,Dec 2022,20–25%
12/19/2022,Magnesium,Mineral,171.00,$33.39,"$5,709.69",2.00%,3.00,UK,iHerb,1.75%,Dec 2022,0–5%
12/19/2022,Ashwagandha,Herbal,128.00,$36.87,"$4,719.36",4.00%,0.00,UK,Amazon,0.00%,Dec 2022,0–5%
12/19/2022,Melatonin,Sleep Aid,147.00,$18.03,"$2,650.41",2.00%,0.00,USA,Amazon,0.00%,Dec 2022,0–5%
12/19/2022,Biotin,Vitamin,158.00,$32.63,"$5,155.54",13.00%,0.00,USA,iHerb,0.00%,Dec 2022,10–15%
12/19/2022,Green Tea Extract,Fat Burner,127.00,$37.19,"$4,723.13",18.00%,1.00,USA,Walmart,0.79%,Dec 2022,15–20%
12/19/2022,Iron Supplement,Mineral,146.00,$49.04,"$7,159.84",9.00%,2.00,UK,Amazon,1.37%,Dec 2022,5–10%
12/19/2022,Electrolyte Powder,Hydration,150.00,$55.36,"$8,304.00",23.00%,1.00,USA,Amazon,0.67%,Dec 2022,20–25%
12/26/2022,Whey Protein,Protein,150.00,$56.79,"$8,518.50",11.00%,0.00,USA,Walmart,0.00%,Dec 2022,10–15%
12/26/2022,Vitamin C,Vitamin,148.00,$35.13,"$5,199.24",14.00%,1.00,UK,Amazon,0.68%,Dec 2022,10–15%
12/26/2022,Fish Oil,Omega,160.00,$28.34,"$4,534.40",19.00%,1.00,USA,Walmart,0.63%,Dec 2022,15–20%
12/26/2022,Multivitamin,Vitamin,138.00,$27.25,"$3,760.50",3.00%,6.00,USA,Walmart,4.35%,Dec 2022,0–5%
12/26/2022,Pre-Workout,Performance,122.00,$32.60,"$3,977.20",8.00%,1.00,UK,Amazon,0.82%,Dec 2022,5–10%
12/26/2022,BCAA,Amino Acid,135.00,$26.62,"$3,593.70",15.00%,2.00,Canada,Walmart,1.48%,Dec 2022,10–15%
12/26/2022,Creatine,Performance,167.00,$40.42,"$6,750.14",10.00%,2.00,Canada,Amazon,1.20%,Dec 2022,5–10%
12/26/2022,Zinc,Mineral,160.00,$15.19,"$2,430.40",10.00%,2.00,Canada,Walmart,1.25%,Dec 2022,5–10%
12/26/2022,Collagen Peptides,Protein,148.00,$30.57,"$4,524.36",15.00%,7.00,Canada,iHerb,4.73%,Dec 2022,10–15%
12/26/2022,Magnesium,Mineral,150.00,$18.14,"$2,721.00",1.00%,2.00,UK,Walmart,1.33%,Dec 2022,0–5%
12/26/2022,Ashwagandha,Herbal,151.00,$44.77,"$6,760.27",19.00%,1.00,USA,iHerb,0.66%,Dec 2022,15–20%
12/26/2022,Melatonin,Sleep Aid,145.00,$32.64,"$4,732.80",20.00%,2.00,USA,Walmart,1.38%,Dec 2022,15–20%
12/26/2022,Biotin,Vitamin,156.00,$56.96,"$8,885.76",14.00%,1.00,USA,Walmart,0.64%,Dec 2022,10–15%
12/26/2022,Green Tea Extract,Fat Burner,146.00,$42.54,"$6,210.84",4.00%,0.00,UK,Amazon,0.00%,Dec 2022,0–5%
12/26/2022,Iron Supplement,Mineral,157.00,$34.98,"$5,491.86",19.00%,2.00,Canada,Walmart,1.27%,Dec 2022,15–20%
12/26/2022,Electrolyte Powder,Hydration,129.00,$20.97,"$2,705.13",6.00%,1.00,Canada,iHerb,0.78%,Dec 2022,5–10%
1/2/2023,Whey Protein,Protein,150.00,$13.38,"$2,007.00",4.00%,5.00,UK,Walmart,3.33%,Jan 2023,0–5%
1/2/2023,Vitamin C,Vitamin,149.00,$52.44,"$7,813.56",13.00%,2.00,Canada,iHerb,1.34%,Jan 2023,10–15%
1/2/2023,Fish Oil,Omega,138.00,$23.62,"$3,259.56",21.00%,0.00,Canada,iHerb,0.00%,Jan 2023,20–25%
1/2/2023,Multivitamin,Vitamin,160.00,$54.06,"$8,649.60",8.00%,2.00,UK,iHerb,1.25%,Jan 2023,5–10%
1/2/2023,Pre-Workout,Performance,149.00,$42.27,"$6,298.23",24.00%,0.00,Canada,Walmart,0.00%,Jan 2023,20–25%
1/2/2023,BCAA,Amino Acid,171.00,$50.37,"$8,613.27",10.00%,1.00,Canada,Walmart,0.58%,Jan 2023,5–10%
1/2/2023,Creatine,Performance,166.00,$36.73,"$6,097.18",1.00%,0.00,UK,Walmart,0.00%,Jan 2023,0–5%
1/2/2023,Zinc,Mineral,155.00,$39.13,"$6,065.15",4.00%,1.00,UK,iHerb,0.65%,Jan 2023,0–5%
1/2/2023,Collagen Peptides,Protein,145.00,$53.52,"$7,760.40",19.00%,0.00,UK,Amazon,0.00%,Jan 2023,15–20%
1/2/2023,Magnesium,Mineral,168.00,$47.19,"$7,927.92",4.00%,2.00,Canada,Amazon,1.19%,Jan 2023,0–5%
1/2/2023,Ashwagandha,Herbal,140.00,$10.84,"$1,517.60",4.00%,0.00,Canada,Walmart,0.00%,Jan 2023,0–5%
1/2/2023,Melatonin,Sleep Aid,140.00,$44.60,"$6,244.00",1.00%,2.00,UK,Amazon,1.43%,Jan 2023,0–5%
1/2/2023,Biotin,Vitamin,173.00,$40.72,"$7,044.56",1.00%,4.00,USA,Walmart,2.31%,Jan 2023,0–5%
1/2/2023,Green Tea Extract,Fat Burner,151.00,$27.12,"$4,095.12",2.00%,1.00,UK,Amazon,0.66%,Jan 2023,0–5%
1/2/2023,Iron Supplement,Mineral,156.00,$29.19,"$4,553.64",3.00%,1.00,USA,iHerb,0.64%,Jan 2023,0–5%
1/2/2023,Electrolyte Powder,Hydration,131.00,$16.76,"$2,195.56",15.00%,1.00,UK,iHerb,0.76%,Jan 2023,10–15%
1/9/2023,Whey Protein,Protein,139.00,$32.85,"$4,566.15",10.00%,1.00,USA,Amazon,0.72%,Jan 2023,5–10%
1/9/2023,Vitamin C,Vitamin,150.00,$37.95,"$5,692.50",17.00%,0.00,USA,Walmart,0.00%,Jan 2023,15–20%
1/9/2023,Fish Oil,Omega,149.00,$19.32,"$2,878.68",14.00%,3.00,Canada,iHerb,2.01%,Jan 2023,10–15%
1/9/2023,Multivitamin,Vitamin,167.00,$30.96,"$5,170.32",15.00%,0.00,UK,Walmart,0.00%,Jan 2023,10–15%
1/9/2023,Pre-Workout,Performance,160.00,$55.17,"$8,827.20",0.00%,1.00,USA,Walmart,0.63%,Jan 2023,0–5%
1/9/2023,BCAA,Amino Acid,163.00,$54.72,"$8,919.36",1.00%,2.00,USA,Amazon,1.23%,Jan 2023,0–5%
1/9/2023,Creatine,Performance,152.00,$35.68,"$5,423.36",15.00%,0.00,UK,Amazon,0.00%,Jan 2023,10–15%
1/9/2023,Zinc,Mineral,141.00,$33.42,"$4,712.22",21.00%,1.00,Canada,Walmart,0.71%,Jan 2023,20–25%
1/9/2023,Collagen Peptides,Protein,170.00,$48.54,"$8,251.80",3.00%,0.00,USA,Walmart,0.00%,Jan 2023,0–5%
1/9/2023,Magnesium,Mineral,141.00,$50.97,"$7,186.77",18.00%,4.00,UK,iHerb,2.84%,Jan 2023,15–20%
1/9/2023,Ashwagandha,Herbal,158.00,$44.95,"$7,102.10",25.00%,2.00,USA,Amazon,1.27%,Jan 2023,20–25%
1/9/2023,Melatonin,Sleep Aid,133.00,$52.54,"$6,987.82",24.00%,0.00,UK,iHerb,0.00%,Jan 2023,20–25%
1/9/2023,Biotin,Vitamin,150.00,$22.37,"$3,355.50",15.00%,1.00,USA,Amazon,0.67%,Jan 2023,10–15%
1/9/2023,Green Tea Extract,Fat Burner,144.00,$36.46,"$5,250.24",11.00%,1.00,Canada,iHerb,0.69%,Jan 2023,10–15%
1/9/2023,Iron Supplement,Mineral,143.00,$12.37,"$1,768.91",5.00%,2.00,UK,Walmart,1.40%,Jan 2023,0–5%
1/9/2023,Electrolyte Powder,Hydration,161.00,$15.43,"$2,484.23",19.00%,1.00,UK,iHerb,0.62%,Jan 2023,15–20%
1/16/2023,Whey Protein,Protein,178.00,$26.34,"$4,688.52",7.00%,2.00,USA,Walmart,1.12%,Jan 2023,5–10%
1/16/2023,Vitamin C,Vitamin,129.00,$18.79,"$2,423.91",19.00%,1.00,USA,iHerb,0.78%,Jan 2023,15–20%
1/16/2023,Fish Oil,Omega,147.00,$20.71,"$3,044.37",14.00%,4.00,USA,iHerb,2.72%,Jan 2023,10–15%
1/16/2023,Multivitamin,Vitamin,128.00,$22.15,"$2,835.20",6.00%,1.00,UK,Amazon,0.78%,Jan 2023,5–10%
1/16/2023,Pre-Workout,Performance,138.00,$41.84,"$5,773.92",13.00%,1.00,USA,Walmart,0.72%,Jan 2023,10–15%
1/16/2023,BCAA,Amino Acid,138.00,$30.06,"$4,148.28",20.00%,2.00,UK,Amazon,1.45%,Jan 2023,15–20%
1/16/2023,Creatine,Performance,134.00,$55.41,"$7,424.94",13.00%,3.00,Canada,Amazon,2.24%,Jan 2023,10–15%
1/16/2023,Zinc,Mineral,125.00,$36.97,"$4,621.25",22.00%,0.00,UK,Walmart,0.00%,Jan 2023,20–25%
1/16/2023,Collagen Peptides,Protein,140.00,$53.29,"$7,460.60",23.00%,5.00,UK,iHerb,3.57%,Jan 2023,20–25%
1/16/2023,Magnesium,Mineral,181.00,$12.39,"$2,242.59",4.00%,1.00,UK,Walmart,0.55%,Jan 2023,0–5%
1/16/2023,Ashwagandha,Herbal,137.00,$55.87,"$7,654.19",12.00%,0.00,USA,Walmart,0.00%,Jan 2023,10–15%
1/16/2023,Melatonin,Sleep Aid,148.00,$38.88,"$5,754.24",11.00%,0.00,UK,iHerb,0.00%,Jan 2023,10–15%
1/16/2023,Biotin,Vitamin,149.00,$17.79,"$2,650.71",5.00%,2.00,USA,iHerb,1.34%,Jan 2023,0–5%
1/16/2023,Green Tea Extract,Fat Burner,141.00,$23.58,"$3,324.78",1.00%,1.00,Canada,iHerb,0.71%,Jan 2023,0–5%
1/16/2023,Iron Supplement,Mineral,138.00,$42.06,"$5,804.28",23.00%,2.00,USA,Walmart,1.45%,Jan 2023,20–25%
1/16/2023,Electrolyte Powder,Hydration,137.00,$42.09,"$5,766.33",17.00%,2.00,UK,Amazon,1.46%,Jan 2023,15–20%
1/23/2023,Whey Protein,Protein,153.00,$41.83,"$6,399.99",7.00%,0.00,USA,iHerb,0.00%,Jan 2023,5–10%
1/23/2023,Vitamin C,Vitamin,154.00,$14.00,"$2,156.00",0.00%,2.00,Canada,Walmart,1.30%,Jan 2023,0–5%
1/23/2023,Fish Oil,Omega,145.00,$28.76,"$4,170.20",12.00%,1.00,UK,iHerb,0.69%,Jan 2023,10–15%
1/23/2023,Multivitamin,Vitamin,155.00,$58.19,"$9,019.45",23.00%,3.00,Canada,iHerb,1.94%,Jan 2023,20–25%
1/23/2023,Pre-Workout,Performance,171.00,$36.82,"$6,296.22",19.00%,2.00,UK,iHerb,1.17%,Jan 2023,15–20%
1/23/2023,BCAA,Amino Acid,168.00,$59.89,"$10,061.52",9.00%,3.00,Canada,Amazon,1.79%,Jan 2023,5–10%
1/23/2023,Creatine,Performance,157.00,$26.29,"$4,127.53",20.00%,3.00,UK,Walmart,1.91%,Jan 2023,15–20%
1/23/2023,Zinc,Mineral,139.00,$29.61,"$4,115.79",25.00%,1.00,USA,Amazon,0.72%,Jan 2023,20–25%
1/23/2023,Collagen Peptides,Protein,140.00,$42.69,"$5,976.60",2.00%,2.00,UK,Walmart,1.43%,Jan 2023,0–5%
1/23/2023,Magnesium,Mineral,173.00,$13.38,"$2,314.74",25.00%,2.00,UK,iHerb,1.16%,Jan 2023,20–25%
1/23/2023,Ashwagandha,Herbal,136.00,$18.56,"$2,524.16",21.00%,0.00,UK,iHerb,0.00%,Jan 2023,20–25%
1/23/2023,Melatonin,Sleep Aid,140.00,$39.31,"$5,503.40",20.00%,2.00,USA,iHerb,1.43%,Jan 2023,15–20%
1/23/2023,Biotin,Vitamin,139.00,$42.21,"$5,867.19",4.00%,4.00,UK,iHerb,2.88%,Jan 2023,0–5%
1/23/2023,Green Tea Extract,Fat Burner,150.00,$56.86,"$8,529.00",15.00%,2.00,Canada,Amazon,1.33%,Jan 2023,10–15%
1/23/2023,Iron Supplement,Mineral,151.00,$11.66,"$1,760.66",7.00%,1.00,UK,iHerb,0.66%,Jan 2023,5–10%
1/23/2023,Electrolyte Powder,Hydration,128.00,$29.68,"$3,799.04",7.00%,0.00,Canada,iHerb,0.00%,Jan 2023,5–10%
1/30/2023,Whey Protein,Protein,158.00,$29.75,"$4,700.50",14.00%,1.00,UK,Amazon,0.63%,Jan 2023,10–15%
1/30/2023,Vitamin C,Vitamin,154.00,$34.43,"$5,302.22",16.00%,3.00,Canada,iHerb,1.95%,Jan 2023,15–20%
1/30/2023,Fish Oil,Omega,146.00,$39.88,"$5,822.48",23.00%,1.00,USA,Walmart,0.68%,Jan 2023,20–25%
1/30/2023,Multivitamin,Vitamin,143.00,$12.46,"$1,781.78",3.00%,0.00,UK,iHerb,0.00%,Jan 2023,0–5%
1/30/2023,Pre-Workout,Performance,164.00,$53.08,"$8,705.12",11.00%,0.00,USA,iHerb,0.00%,Jan 2023,10–15%
1/30/2023,BCAA,Amino Acid,146.00,$41.22,"$6,018.12",17.00%,1.00,UK,Amazon,0.68%,Jan 2023,15–20%
1/30/2023,Creatine,Performance,164.00,$51.50,"$8,446.00",5.00%,3.00,USA,iHerb,1.83%,Jan 2023,0–5%
1/30/2023,Zinc,Mineral,143.00,$52.17,"$7,460.31",24.00%,2.00,Canada,Walmart,1.40%,Jan 2023,20–25%
1/30/2023,Collagen Peptides,Protein,140.00,$33.33,"$4,666.20",22.00%,0.00,USA,Amazon,0.00%,Jan 2023,20–25%
1/30/2023,Magnesium,Mineral,163.00,$50.43,"$8,220.09",23.00%,1.00,Canada,Amazon,0.61%,Jan 2023,20–25%
1/30/2023,Ashwagandha,Herbal,145.00,$36.47,"$5,288.15",17.00%,2.00,UK,iHerb,1.38%,Jan 2023,15–20%
1/30/2023,Melatonin,Sleep Aid,136.00,$19.79,"$2,691.44",23.00%,0.00,UK,Walmart,0.00%,Jan 2023,20–25%
1/30/2023,Biotin,Vitamin,159.00,$25.89,"$4,116.51",8.00%,2.00,Canada,iHerb,1.26%,Jan 2023,5–10%
1/30/2023,Green Tea Extract,Fat Burner,152.00,$25.37,"$3,856.24",17.00%,2.00,Canada,iHerb,1.32%,Jan 2023,15–20%
1/30/2023,Iron Supplement,Mineral,135.00,$34.14,"$4,608.90",9.00%,1.00,Canada,Walmart,0.74%,Jan 2023,5–10%
1/30/2023,Electrolyte Powder,Hydration,157.00,$45.47,"$7,138.79",23.00%,2.00,UK,Walmart,1.27%,Jan 2023,20–25%
2/6/2023,Whey Protein,Protein,154.00,$53.22,"$8,195.88",7.00%,2.00,UK,iHerb,1.30%,Feb 2023,5–10%
2/6/2023,Vitamin C,Vitamin,158.00,$13.02,"$2,057.16",20.00%,0.00,USA,iHerb,0.00%,Feb 2023,15–20%
2/6/2023,Fish Oil,Omega,157.00,$53.12,"$8,339.84",4.00%,1.00,UK,Walmart,0.64%,Feb 2023,0–5%
2/6/2023,Multivitamin,Vitamin,153.00,$27.04,"$4,137.12",12.00%,1.00,UK,iHerb,0.65%,Feb 2023,10–15%
2/6/2023,Pre-Workout,Performance,148.00,$38.31,"$5,669.88",6.00%,5.00,Canada,iHerb,3.38%,Feb 2023,5–10%
2/6/2023,BCAA,Amino Acid,150.00,$33.85,"$5,077.50",22.00%,0.00,UK,Walmart,0.00%,Feb 2023,20–25%
2/6/2023,Creatine,Performance,156.00,$18.48,"$2,882.88",20.00%,1.00,USA,Amazon,0.64%,Feb 2023,15–20%
2/6/2023,Zinc,Mineral,142.00,$41.93,"$5,954.06",22.00%,2.00,UK,Walmart,1.41%,Feb 2023,20–25%
2/6/2023,Collagen Peptides,Protein,159.00,$12.74,"$2,025.66",19.00%,2.00,USA,Amazon,1.26%,Feb 2023,15–20%
2/6/2023,Magnesium,Mineral,127.00,$14.12,"$1,793.24",18.00%,1.00,Canada,Walmart,0.79%,Feb 2023,15–20%
2/6/2023,Ashwagandha,Herbal,179.00,$40.30,"$7,213.70",5.00%,2.00,USA,Amazon,1.12%,Feb 2023,0–5%
2/6/2023,Melatonin,Sleep Aid,158.00,$50.75,"$8,018.50",21.00%,0.00,Canada,Walmart,0.00%,Feb 2023,20–25%
2/6/2023,Biotin,Vitamin,144.00,$34.93,"$5,029.92",5.00%,1.00,UK,Amazon,0.69%,Feb 2023,0–5%
2/6/2023,Green Tea Extract,Fat Burner,147.00,$50.49,"$7,422.03",10.00%,0.00,UK,Amazon,0.00%,Feb 2023,5–10%
2/6/2023,Iron Supplement,Mineral,145.00,$43.14,"$6,255.30",21.00%,2.00,UK,Walmart,1.38%,Feb 2023,20–25%
2/6/2023,Electrolyte Powder,Hydration,146.00,$19.31,"$2,819.26",7.00%,2.00,Canada,Walmart,1.37%,Feb 2023,5–10%
2/13/2023,Whey Protein,Protein,168.00,$33.26,"$5,587.68",2.00%,0.00,Canada,Amazon,0.00%,Feb 2023,0–5%
2/13/2023,Vitamin C,Vitamin,145.00,$40.46,"$5,866.70",0.00%,5.00,USA,iHerb,3.45%,Feb 2023,0–5%
2/13/2023,Fish Oil,Omega,145.00,$36.75,"$5,328.75",3.00%,2.00,UK,iHerb,1.38%,Feb 2023,0–5%
2/13/2023,Multivitamin,Vitamin,158.00,$35.73,"$5,645.34",2.00%,2.00,UK,Walmart,1.27%,Feb 2023,0–5%
2/13/2023,Pre-Workout,Performance,170.00,$23.18,"$3,940.60",23.00%,1.00,Canada,Walmart,0.59%,Feb 2023,20–25%
2/13/2023,BCAA,Amino Acid,155.00,$39.82,"$6,172.10",10.00%,1.00,UK,iHerb,0.65%,Feb 2023,5–10%
2/13/2023,Creatine,Performance,159.00,$42.18,"$6,706.62",6.00%,0.00,Canada,Walmart,0.00%,Feb 2023,5–10%
2/13/2023,Zinc,Mineral,162.00,$25.34,"$4,105.08",3.00%,0.00,Canada,Walmart,0.00%,Feb 2023,0–5%
2/13/2023,Collagen Peptides,Protein,144.00,$55.94,"$8,055.36",22.00%,3.00,UK,Walmart,2.08%,Feb 2023,20–25%
2/13/2023,Magnesium,Mineral,169.00,$20.97,"$3,543.93",20.00%,1.00,Canada,Amazon,0.59%,Feb 2023,15–20%
2/13/2023,Ashwagandha,Herbal,141.00,$35.75,"$5,040.75",8.00%,0.00,UK,Walmart,0.00%,Feb 2023,5–10%
2/13/2023,Melatonin,Sleep Aid,148.00,$38.53,"$5,702.44",22.00%,0.00,Canada,Amazon,0.00%,Feb 2023,20–25%
2/13/2023,Biotin,Vitamin,136.00,$33.17,"$4,511.12",17.00%,2.00,Canada,Walmart,1.47%,Feb 2023,15–20%
2/13/2023,Green Tea Extract,Fat Burner,146.00,$37.55,"$5,482.30",3.00%,1.00,UK,iHerb,0.68%,Feb 2023,0–5%
2/13/2023,Iron Supplement,Mineral,139.00,$15.56,"$2,162.84",1.00%,2.00,UK,Amazon,1.44%,Feb 2023,0–5%
2/13/2023,Electrolyte Powder,Hydration,154.00,$43.02,"$6,625.08",3.00%,1.00,USA,iHerb,0.65%,Feb 2023,0–5%
2/20/2023,Whey Protein,Protein,134.00,$47.35,"$6,344.90",5.00%,1.00,UK,iHerb,0.75%,Feb 2023,0–5%
2/20/2023,Vitamin C,Vitamin,162.00,$20.50,"$3,321.00",20.00%,2.00,Canada,iHerb,1.23%,Feb 2023,15–20%
2/20/2023,Fish Oil,Omega,157.00,$38.18,"$5,994.26",18.00%,1.00,USA,Amazon,0.64%,Feb 2023,15–20%
2/20/2023,Multivitamin,Vitamin,145.00,$25.44,"$3,688.80",14.00%,2.00,UK,iHerb,1.38%,Feb 2023,10–15%
2/20/2023,Pre-Workout,Performance,147.00,$50.28,"$7,391.16",18.00%,1.00,UK,Walmart,0.68%,Feb 2023,15–20%
2/20/2023,BCAA,Amino Acid,144.00,$53.81,"$7,748.64",22.00%,0.00,USA,iHerb,0.00%,Feb 2023,20–25%
2/20/2023,Creatine,Performance,147.00,$58.88,"$8,655.36",17.00%,1.00,Canada,Amazon,0.68%,Feb 2023,15–20%
2/20/2023,Zinc,Mineral,131.00,$47.63,"$6,239.53",12.00%,1.00,USA,Walmart,0.76%,Feb 2023,10–15%
2/20/2023,Collagen Peptides,Protein,168.00,$22.45,"$3,771.60",23.00%,3.00,Canada,Amazon,1.79%,Feb 2023,20–25%
2/20/2023,Magnesium,Mineral,163.00,$17.16,"$2,797.08",1.00%,1.00,USA,iHerb,0.61%,Feb 2023,0–5%
2/20/2023,Ashwagandha,Herbal,160.00,$46.46,"$7,433.60",6.00%,1.00,USA,Walmart,0.63%,Feb 2023,5–10%
2/20/2023,Melatonin,Sleep Aid,146.00,$15.48,"$2,260.08",12.00%,1.00,UK,Walmart,0.68%,Feb 2023,10–15%
2/20/2023,Biotin,Vitamin,157.00,$37.21,"$5,841.97",1.00%,2.00,UK,Amazon,1.27%,Feb 2023,0–5%
2/20/2023,Green Tea Extract,Fat Burner,124.00,$44.25,"$5,487.00",5.00%,2.00,Canada,iHerb,1.61%,Feb 2023,0–5%
2/20/2023,Iron Supplement,Mineral,170.00,$25.26,"$4,294.20",15.00%,4.00,UK,Walmart,2.35%,Feb 2023,10–15%
2/20/2023,Electrolyte Powder,Hydration,143.00,$10.47,"$1,497.21",0.00%,2.00,USA,Walmart,1.40%,Feb 2023,0–5%
2/27/2023,Whey Protein,Protein,160.00,$56.50,"$9,040.00",3.00%,1.00,USA,Walmart,0.63%,Feb 2023,0–5%
2/27/2023,Vitamin C,Vitamin,169.00,$44.11,"$7,454.59",13.00%,0.00,UK,iHerb,0.00%,Feb 2023,10–15%
2/27/2023,Fish Oil,Omega,142.00,$52.62,"$7,472.04",18.00%,2.00,UK,Amazon,1.41%,Feb 2023,15–20%
2/27/2023,Multivitamin,Vitamin,150.00,$15.96,"$2,394.00",10.00%,0.00,Canada,Amazon,0.00%,Feb 2023,5–10%
2/27/2023,Pre-Workout,Performance,139.00,$30.93,"$4,299.27",1.00%,1.00,Canada,iHerb,0.72%,Feb 2023,0–5%
2/27/2023,BCAA,Amino Acid,152.00,$57.16,"$8,688.32",2.00%,3.00,USA,Walmart,1.97%,Feb 2023,0–5%
2/27/2023,Creatine,Performance,145.00,$30.09,"$4,363.05",2.00%,2.00,UK,Amazon,1.38%,Feb 2023,0–5%
2/27/2023,Zinc,Mineral,123.00,$46.15,"$5,676.45",10.00%,0.00,USA,iHerb,0.00%,Feb 2023,5–10%
2/27/2023,Collagen Peptides,Protein,160.00,$56.13,"$8,980.80",9.00%,1.00,USA,iHerb,0.63%,Feb 2023,5–10%
2/27/2023,Magnesium,Mineral,145.00,$47.55,"$6,894.75",8.00%,1.00,UK,iHerb,0.69%,Feb 2023,5–10%
2/27/2023,Ashwagandha,Herbal,147.00,$55.89,"$8,215.83",17.00%,1.00,Canada,Walmart,0.68%,Feb 2023,15–20%
2/27/2023,Melatonin,Sleep Aid,161.00,$13.03,"$2,097.83",2.00%,0.00,UK,Amazon,0.00%,Feb 2023,0–5%
2/27/2023,Biotin,Vitamin,148.00,$25.65,"$3,796.20",10.00%,3.00,Canada,Walmart,2.03%,Feb 2023,5–10%
2/27/2023,Green Tea Extract,Fat Burner,164.00,$23.34,"$3,827.76",3.00%,0.00,Canada,Walmart,0.00%,Feb 2023,0–5%
2/27/2023,Iron Supplement,Mineral,132.00,$37.59,"$4,961.88",2.00%,0.00,Canada,Amazon,0.00%,Feb 2023,0–5%
2/27/2023,Electrolyte Powder,Hydration,137.00,$40.79,"$5,588.23",14.00%,0.00,USA,Walmart,0.00%,Feb 2023,10–15%
3/6/2023,Whey Protein,Protein,145.00,$21.32,"$3,091.40",22.00%,4.00,UK,iHerb,2.76%,Mar 2023,20–25%
3/6/2023,Vitamin C,Vitamin,155.00,$42.14,"$6,531.70",1.00%,6.00,USA,iHerb,3.87%,Mar 2023,0–5%
3/6/2023,Fish Oil,Omega,131.00,$22.64,"$2,965.84",10.00%,2.00,USA,iHerb,1.53%,Mar 2023,5–10%
3/6/2023,Multivitamin,Vitamin,148.00,$26.72,"$3,954.56",9.00%,4.00,USA,Amazon,2.70%,Mar 2023,5–10%
3/6/2023,Pre-Workout,Performance,162.00,$19.99,"$3,238.38",20.00%,0.00,USA,Walmart,0.00%,Mar 2023,15–20%
3/6/2023,BCAA,Amino Acid,139.00,$54.02,"$7,508.78",3.00%,0.00,USA,Walmart,0.00%,Mar 2023,0–5%
3/6/2023,Creatine,Performance,150.00,$38.44,"$5,766.00",11.00%,1.00,UK,Walmart,0.67%,Mar 2023,10–15%
3/6/2023,Zinc,Mineral,132.00,$51.05,"$6,738.60",22.00%,0.00,Canada,Walmart,0.00%,Mar 2023,20–25%
3/6/2023,Collagen Peptides,Protein,133.00,$40.41,"$5,374.53",18.00%,1.00,UK,iHerb,0.75%,Mar 2023,15–20%
3/6/2023,Magnesium,Mineral,156.00,$56.77,"$8,856.12",2.00%,0.00,UK,Walmart,0.00%,Mar 2023,0–5%
3/6/2023,Ashwagandha,Herbal,127.00,$49.63,"$6,303.01",14.00%,0.00,USA,Amazon,0.00%,Mar 2023,10–15%
3/6/2023,Melatonin,Sleep Aid,141.00,$38.04,"$5,363.64",6.00%,0.00,USA,Walmart,0.00%,Mar 2023,5–10%
3/6/2023,Biotin,Vitamin,159.00,$32.62,"$5,186.58",3.00%,3.00,Canada,iHerb,1.89%,Mar 2023,0–5%
3/6/2023,Green Tea Extract,Fat Burner,152.00,$34.77,"$5,285.04",24.00%,3.00,Canada,Walmart,1.97%,Mar 2023,20–25%
3/6/2023,Iron Supplement,Mineral,153.00,$26.15,"$4,000.95",9.00%,0.00,UK,Amazon,0.00%,Mar 2023,5–10%
3/6/2023,Electrolyte Powder,Hydration,153.00,$48.68,"$7,448.04",4.00%,1.00,Canada,Walmart,0.65%,Mar 2023,0–5%
3/13/2023,Whey Protein,Protein,137.00,$17.90,"$2,452.30",23.00%,0.00,USA,Amazon,0.00%,Mar 2023,20–25%
3/13/2023,Vitamin C,Vitamin,142.00,$32.92,"$4,674.64",1.00%,1.00,UK,Walmart,0.70%,Mar 2023,0–5%
3/13/2023,Fish Oil,Omega,153.00,$38.19,"$5,843.07",2.00%,2.00,UK,Amazon,1.31%,Mar 2023,0–5%
3/13/2023,Multivitamin,Vitamin,172.00,$27.09,"$4,659.48",8.00%,0.00,USA,Amazon,0.00%,Mar 2023,5–10%
3/13/2023,Pre-Workout,Performance,155.00,$32.97,"$5,110.35",23.00%,0.00,USA,Amazon,0.00%,Mar 2023,20–25%
3/13/2023,BCAA,Amino Acid,139.00,$35.14,"$4,884.46",8.00%,0.00,UK,iHerb,0.00%,Mar 2023,5–10%
3/13/2023,Creatine,Performance,159.00,$44.38,"$7,056.42",9.00%,1.00,Canada,Walmart,0.63%,Mar 2023,5–10%
3/13/2023,Zinc,Mineral,173.00,$35.01,"$6,056.73",21.00%,2.00,Canada,Walmart,1.16%,Mar 2023,20–25%
3/13/2023,Collagen Peptides,Protein,142.00,$44.01,"$6,249.42",22.00%,0.00,Canada,Walmart,0.00%,Mar 2023,20–25%
3/13/2023,Magnesium,Mineral,127.00,$21.64,"$2,748.28",7.00%,0.00,Canada,iHerb,0.00%,Mar 2023,5–10%
3/13/2023,Ashwagandha,Herbal,138.00,$56.70,"$7,824.60",4.00%,0.00,Canada,Walmart,0.00%,Mar 2023,0–5%
3/13/2023,Melatonin,Sleep Aid,160.00,$15.24,"$2,438.40",21.00%,1.00,Canada,Walmart,0.63%,Mar 2023,20–25%
3/13/2023,Biotin,Vitamin,141.00,$51.11,"$7,206.51",19.00%,3.00,UK,iHerb,2.13%,Mar 2023,15–20%
3/13/2023,Green Tea Extract,Fat Burner,172.00,$31.19,"$5,364.68",0.00%,3.00,USA,Amazon,1.74%,Mar 2023,0–5%
3/13/2023,Iron Supplement,Mineral,136.00,$26.47,"$3,599.92",9.00%,0.00,Canada,iHerb,0.00%,Mar 2023,5–10%
3/13/2023,Electrolyte Powder,Hydration,144.00,$11.28,"$1,624.32",10.00%,0.00,UK,Walmart,0.00%,Mar 2023,5–10%
3/20/2023,Whey Protein,Protein,145.00,$22.61,"$3,278.45",22.00%,1.00,Canada,Amazon,0.69%,Mar 2023,20–25%
3/20/2023,Vitamin C,Vitamin,141.00,$17.11,"$2,412.51",6.00%,1.00,UK,Walmart,0.71%,Mar 2023,5–10%
3/20/2023,Fish Oil,Omega,140.00,$34.57,"$4,839.80",19.00%,4.00,USA,Walmart,2.86%,Mar 2023,15–20%
3/20/2023,Multivitamin,Vitamin,133.00,$25.98,"$3,455.34",4.00%,2.00,USA,Walmart,1.50%,Mar 2023,0–5%
3/20/2023,Pre-Workout,Performance,160.00,$36.89,"$5,902.40",1.00%,2.00,USA,Walmart,1.25%,Mar 2023,0–5%
3/20/2023,BCAA,Amino Acid,161.00,$23.27,"$3,746.47",17.00%,1.00,Canada,iHerb,0.62%,Mar 2023,15–20%
3/20/2023,Creatine,Performance,152.00,$29.06,"$4,417.12",18.00%,3.00,UK,iHerb,1.97%,Mar 2023,15–20%
3/20/2023,Zinc,Mineral,150.00,$52.78,"$7,917.00",12.00%,3.00,USA,iHerb,2.00%,Mar 2023,10–15%
3/20/2023,Collagen Peptides,Protein,137.00,$42.87,"$5,873.19",22.00%,3.00,Canada,Walmart,2.19%,Mar 2023,20–25%
3/20/2023,Magnesium,Mineral,155.00,$26.57,"$4,118.35",25.00%,1.00,UK,Amazon,0.65%,Mar 2023,20–25%
3/20/2023,Ashwagandha,Herbal,159.00,$40.43,"$6,428.37",10.00%,4.00,USA,Walmart,2.52%,Mar 2023,5–10%
3/20/2023,Melatonin,Sleep Aid,152.00,$10.38,"$1,577.76",14.00%,2.00,UK,Amazon,1.32%,Mar 2023,10–15%
3/20/2023,Biotin,Vitamin,149.00,$58.73,"$8,750.77",6.00%,1.00,UK,Amazon,0.67%,Mar 2023,5–10%
3/20/2023,Green Tea Extract,Fat Burner,125.00,$29.00,"$3,625.00",1.00%,1.00,UK,Amazon,0.80%,Mar 2023,0–5%
3/20/2023,Iron Supplement,Mineral,139.00,$59.37,"$8,252.43",20.00%,5.00,Canada,Walmart,3.60%,Mar 2023,15–20%
3/20/2023,Electrolyte Powder,Hydration,157.00,$32.06,"$5,033.42",20.00%,1.00,USA,Amazon,0.64%,Mar 2023,15–20%
3/27/2023,Whey Protein,Protein,157.00,$22.67,"$3,559.19",22.00%,1.00,UK,Walmart,0.64%,Mar 2023,20–25%
3/27/2023,Vitamin C,Vitamin,139.00,$30.89,"$4,293.71",19.00%,1.00,Canada,iHerb,0.72%,Mar 2023,15–20%
3/27/2023,Fish Oil,Omega,146.00,$39.22,"$5,726.12",10.00%,0.00,Canada,iHerb,0.00%,Mar 2023,5–10%
3/27/2023,Multivitamin,Vitamin,168.00,$53.16,"$8,930.88",9.00%,2.00,UK,iHerb,1.19%,Mar 2023,5–10%
3/27/2023,Pre-Workout,Performance,171.00,$38.35,"$6,557.85",19.00%,3.00,USA,iHerb,1.75%,Mar 2023,15–20%
3/27/2023,BCAA,Amino Acid,151.00,$47.88,"$7,229.88",21.00%,2.00,USA,iHerb,1.32%,Mar 2023,20–25%
3/27/2023,Creatine,Performance,148.00,$28.13,"$4,163.24",3.00%,0.00,USA,Walmart,0.00%,Mar 2023,0–5%
3/27/2023,Zinc,Mineral,142.00,$44.43,"$6,309.06",2.00%,0.00,USA,Amazon,0.00%,Mar 2023,0–5%
3/27/2023,Collagen Peptides,Protein,131.00,$23.39,"$3,064.09",14.00%,4.00,USA,Walmart,3.05%,Mar 2023,10–15%
3/27/2023,Magnesium,Mineral,166.00,$18.80,"$3,120.80",7.00%,0.00,UK,Amazon,0.00%,Mar 2023,5–10%
3/27/2023,Ashwagandha,Herbal,161.00,$37.83,"$6,090.63",6.00%,1.00,UK,iHerb,0.62%,Mar 2023,5–10%
3/27/2023,Melatonin,Sleep Aid,164.00,$53.55,"$8,782.20",16.00%,4.00,UK,Walmart,2.44%,Mar 2023,15–20%
3/27/2023,Biotin,Vitamin,142.00,$44.51,"$6,320.42",10.00%,3.00,USA,iHerb,2.11%,Mar 2023,5–10%
3/27/2023,Green Tea Extract,Fat Burner,146.00,$52.64,"$7,685.44",16.00%,0.00,USA,iHerb,0.00%,Mar 2023,15–20%
3/27/2023,Iron Supplement,Mineral,151.00,$48.93,"$7,388.43",8.00%,1.00,UK,iHerb,0.66%,Mar 2023,5–10%
3/27/2023,Electrolyte Powder,Hydration,162.00,$17.93,"$2,904.66",10.00%,1.00,UK,iHerb,0.62%,Mar 2023,5–10%
4/3/2023,Whey Protein,Protein,174.00,$24.85,"$4,323.90",6.00%,3.00,Canada,Walmart,1.72%,Apr 2023,5–10%
4/3/2023,Vitamin C,Vitamin,156.00,$28.85,"$4,500.60",13.00%,1.00,UK,Walmart,0.64%,Apr 2023,10–15%
4/3/2023,Fish Oil,Omega,167.00,$55.43,"$9,256.81",11.00%,2.00,USA,Amazon,1.20%,Apr 2023,10–15%
4/3/2023,Multivitamin,Vitamin,124.00,$33.85,"$4,197.40",11.00%,1.00,Canada,Amazon,0.81%,Apr 2023,10–15%
4/3/2023,Pre-Workout,Performance,176.00,$32.59,"$5,735.84",5.00%,3.00,Canada,Amazon,1.70%,Apr 2023,0–5%
4/3/2023,BCAA,Amino Acid,132.00,$44.86,"$5,921.52",9.00%,3.00,Canada,Amazon,2.27%,Apr 2023,5–10%
4/3/2023,Creatine,Performance,152.00,$39.23,"$5,962.96",11.00%,1.00,USA,Amazon,0.66%,Apr 2023,10–15%
4/3/2023,Zinc,Mineral,127.00,$19.89,"$2,526.03",14.00%,1.00,Canada,Walmart,0.79%,Apr 2023,10–15%
4/3/2023,Collagen Peptides,Protein,154.00,$31.06,"$4,783.24",21.00%,1.00,USA,Amazon,0.65%,Apr 2023,20–25%
4/3/2023,Magnesium,Mineral,155.00,$42.67,"$6,613.85",21.00%,4.00,Canada,iHerb,2.58%,Apr 2023,20–25%
4/3/2023,Ashwagandha,Herbal,153.00,$38.19,"$5,843.07",4.00%,3.00,USA,iHerb,1.96%,Apr 2023,0–5%
4/3/2023,Melatonin,Sleep Aid,170.00,$24.02,"$4,083.40",4.00%,2.00,Canada,iHerb,1.18%,Apr 2023,0–5%
4/3/2023,Biotin,Vitamin,143.00,$43.55,"$6,227.65",16.00%,1.00,Canada,Amazon,0.70%,Apr 2023,15–20%
4/3/2023,Green Tea Extract,Fat Burner,151.00,$12.81,"$1,934.31",16.00%,2.00,Canada,iHerb,1.32%,Apr 2023,15–20%
4/3/2023,Iron Supplement,Mineral,161.00,$21.31,"$3,430.91",24.00%,6.00,USA,Walmart,3.73%,Apr 2023,20–25%
4/3/2023,Electrolyte Powder,Hydration,142.00,$26.91,"$3,821.22",24.00%,0.00,UK,iHerb,0.00%,Apr 2023,20–25%
4/10/2023,Whey Protein,Protein,150.00,$26.30,"$3,945.00",16.00%,0.00,Canada,Walmart,0.00%,Apr 2023,15–20%
4/10/2023,Vitamin C,Vitamin,162.00,$27.98,"$4,532.76",8.00%,1.00,USA,iHerb,0.62%,Apr 2023,5–10%
4/10/2023,Fish Oil,Omega,135.00,$14.18,"$1,914.30",21.00%,0.00,UK,Walmart,0.00%,Apr 2023,20–25%
4/10/2023,Multivitamin,Vitamin,142.00,$37.75,"$5,360.50",3.00%,3.00,USA,Amazon,2.11%,Apr 2023,0–5%
4/10/2023,Pre-Workout,Performance,148.00,$35.05,"$5,187.40",15.00%,1.00,Canada,Amazon,0.68%,Apr 2023,10–15%
4/10/2023,BCAA,Amino Acid,138.00,$32.01,"$4,417.38",10.00%,2.00,USA,Walmart,1.45%,Apr 2023,5–10%
4/10/2023,Creatine,Performance,157.00,$26.94,"$4,229.58",10.00%,0.00,USA,Amazon,0.00%,Apr 2023,5–10%
4/10/2023,Zinc,Mineral,140.00,$59.81,"$8,373.40",18.00%,0.00,UK,Amazon,0.00%,Apr 2023,15–20%
4/10/2023,Collagen Peptides,Protein,148.00,$56.17,"$8,313.16",15.00%,0.00,USA,iHerb,0.00%,Apr 2023,10–15%
4/10/2023,Magnesium,Mineral,153.00,$26.87,"$4,111.11",10.00%,2.00,UK,iHerb,1.31%,Apr 2023,5–10%
4/10/2023,Ashwagandha,Herbal,172.00,$49.49,"$8,512.28",4.00%,1.00,USA,Amazon,0.58%,Apr 2023,0–5%
4/10/2023,Melatonin,Sleep Aid,151.00,$41.75,"$6,304.25",7.00%,2.00,Canada,Walmart,1.32%,Apr 2023,5–10%
4/10/2023,Biotin,Vitamin,162.00,$19.04,"$3,084.48",16.00%,5.00,UK,Amazon,3.09%,Apr 2023,15–20%
4/10/2023,Green Tea Extract,Fat Burner,154.00,$10.86,"$1,672.44",8.00%,0.00,USA,Amazon,0.00%,Apr 2023,5–10%
4/10/2023,Iron Supplement,Mineral,162.00,$22.93,"$3,714.66",8.00%,1.00,UK,iHerb,0.62%,Apr 2023,5–10%
4/10/2023,Electrolyte Powder,Hydration,170.00,$42.81,"$7,277.70",10.00%,2.00,Canada,Amazon,1.18%,Apr 2023,5–10%
4/17/2023,Whey Protein,Protein,146.00,$41.72,"$6,091.12",15.00%,1.00,UK,Amazon,0.68%,Apr 2023,10–15%
4/17/2023,Vitamin C,Vitamin,135.00,$30.76,"$4,152.60",16.00%,3.00,UK,Amazon,2.22%,Apr 2023,15–20%
4/17/2023,Fish Oil,Omega,116.00,$19.69,"$2,284.04",13.00%,1.00,Canada,Amazon,0.86%,Apr 2023,10–15%
4/17/2023,Multivitamin,Vitamin,158.00,$39.72,"$6,275.76",22.00%,3.00,UK,iHerb,1.90%,Apr 2023,20–25%
4/17/2023,Pre-Workout,Performance,169.00,$19.88,"$3,359.72",0.00%,2.00,Canada,Walmart,1.18%,Apr 2023,0–5%
4/17/2023,BCAA,Amino Acid,174.00,$41.85,"$7,281.90",19.00%,4.00,UK,Walmart,2.30%,Apr 2023,15–20%
4/17/2023,Creatine,Performance,144.00,$37.15,"$5,349.60",10.00%,0.00,USA,iHerb,0.00%,Apr 2023,5–10%
4/17/2023,Zinc,Mineral,159.00,$47.35,"$7,528.65",9.00%,1.00,UK,Walmart,0.63%,Apr 2023,5–10%
4/17/2023,Collagen Peptides,Protein,145.00,$38.12,"$5,527.40",3.00%,0.00,USA,Amazon,0.00%,Apr 2023,0–5%
4/17/2023,Magnesium,Mineral,160.00,$57.95,"$9,272.00",13.00%,5.00,UK,iHerb,3.13%,Apr 2023,10–15%
4/17/2023,Ashwagandha,Herbal,125.00,$27.47,"$3,433.75",21.00%,1.00,Canada,Walmart,0.80%,Apr 2023,20–25%
4/17/2023,Melatonin,Sleep Aid,141.00,$28.73,"$4,050.93",0.00%,1.00,USA,iHerb,0.71%,Apr 2023,0–5%
4/17/2023,Biotin,Vitamin,156.00,$31.60,"$4,929.60",1.00%,2.00,USA,Amazon,1.28%,Apr 2023,0–5%
4/17/2023,Green Tea Extract,Fat Burner,160.00,$31.01,"$4,961.60",2.00%,1.00,Canada,iHerb,0.63%,Apr 2023,0–5%
4/17/2023,Iron Supplement,Mineral,136.00,$36.46,"$4,958.56",24.00%,0.00,Canada,iHerb,0.00%,Apr 2023,20–25%
4/17/2023,Electrolyte Powder,Hydration,153.00,$35.81,"$5,478.93",22.00%,0.00,Canada,Amazon,0.00%,Apr 2023,20–25%
4/24/2023,Whey Protein,Protein,144.00,$22.57,"$3,250.08",8.00%,2.00,USA,Walmart,1.39%,Apr 2023,5–10%
4/24/2023,Vitamin C,Vitamin,137.00,$34.12,"$4,674.44",11.00%,4.00,USA,Amazon,2.92%,Apr 2023,10–15%
4/24/2023,Fish Oil,Omega,153.00,$31.52,"$4,822.56",11.00%,3.00,UK,Walmart,1.96%,Apr 2023,10–15%
4/24/2023,Multivitamin,Vitamin,168.00,$19.96,"$3,353.28",12.00%,3.00,UK,Walmart,1.79%,Apr 2023,10–15%
4/24/2023,Pre-Workout,Performance,143.00,$45.41,"$6,493.63",19.00%,1.00,UK,iHerb,0.70%,Apr 2023,15–20%
4/24/2023,BCAA,Amino Acid,146.00,$40.57,"$5,923.22",18.00%,1.00,UK,Amazon,0.68%,Apr 2023,15–20%
4/24/2023,Creatine,Performance,156.00,$22.25,"$3,471.00",18.00%,1.00,Canada,iHerb,0.64%,Apr 2023,15–20%
4/24/2023,Zinc,Mineral,157.00,$39.94,"$6,270.58",11.00%,2.00,USA,Walmart,1.27%,Apr 2023,10–15%
4/24/2023,Collagen Peptides,Protein,142.00,$50.30,"$7,142.60",6.00%,1.00,Canada,Amazon,0.70%,Apr 2023,5–10%
4/24/2023,Magnesium,Mineral,156.00,$45.20,"$7,051.20",17.00%,1.00,Canada,iHerb,0.64%,Apr 2023,15–20%
4/24/2023,Ashwagandha,Herbal,146.00,$17.84,"$2,604.64",17.00%,0.00,USA,Amazon,0.00%,Apr 2023,15–20%
4/24/2023,Melatonin,Sleep Aid,174.00,$52.88,"$9,201.12",23.00%,1.00,Canada,iHerb,0.57%,Apr 2023,20–25%
4/24/2023,Biotin,Vitamin,164.00,$11.08,"$1,817.12",20.00%,0.00,USA,Walmart,0.00%,Apr 2023,15–20%
4/24/2023,Green Tea Extract,Fat Burner,160.00,$43.69,"$6,990.40",1.00%,3.00,USA,Walmart,1.88%,Apr 2023,0–5%
4/24/2023,Iron Supplement,Mineral,137.00,$21.22,"$2,907.14",2.00%,1.00,Canada,Walmart,0.73%,Apr 2023,0–5%
4/24/2023,Electrolyte Powder,Hydration,137.00,$21.88,"$2,997.56",9.00%,1.00,USA,Walmart,0.73%,Apr 2023,5–10%
5/1/2023,Whey Protein,Protein,142.00,$50.78,"$7,210.76",4.00%,0.00,USA,iHerb,0.00%,May 2023,0–5%
5/1/2023,Vitamin C,Vitamin,144.00,$37.13,"$5,346.72",9.00%,2.00,UK,iHerb,1.39%,May 2023,5–10%
5/1/2023,Fish Oil,Omega,146.00,$58.31,"$8,513.26",13.00%,5.00,UK,Amazon,3.42%,May 2023,10–15%
5/1/2023,Multivitamin,Vitamin,143.00,$18.28,"$2,614.04",10.00%,1.00,UK,Walmart,0.70%,May 2023,5–10%
5/1/2023,Pre-Workout,Performance,131.00,$26.91,"$3,525.21",3.00%,1.00,Canada,Amazon,0.76%,May 2023,0–5%
5/1/2023,BCAA,Amino Acid,167.00,$45.70,"$7,631.90",15.00%,1.00,UK,Amazon,0.60%,May 2023,10–15%
5/1/2023,Creatine,Performance,140.00,$39.61,"$5,545.40",9.00%,0.00,Canada,Walmart,0.00%,May 2023,5–10%
5/1/2023,Zinc,Mineral,133.00,$32.02,"$4,258.66",16.00%,1.00,Canada,Amazon,0.75%,May 2023,15–20%
5/1/2023,Collagen Peptides,Protein,166.00,$34.04,"$5,650.64",23.00%,2.00,USA,Amazon,1.20%,May 2023,20–25%
5/1/2023,Magnesium,Mineral,132.00,$49.36,"$6,515.52",21.00%,1.00,UK,Amazon,0.76%,May 2023,20–25%
5/1/2023,Ashwagandha,Herbal,152.00,$31.96,"$4,857.92",17.00%,0.00,UK,Amazon,0.00%,May 2023,15–20%
5/1/2023,Melatonin,Sleep Aid,155.00,$18.05,"$2,797.75",10.00%,2.00,Canada,Walmart,1.29%,May 2023,5–10%
5/1/2023,Biotin,Vitamin,155.00,$40.66,"$6,302.30",20.00%,0.00,USA,Walmart,0.00%,May 2023,15–20%
5/1/2023,Green Tea Extract,Fat Burner,148.00,$37.31,"$5,521.88",16.00%,1.00,UK,iHerb,0.68%,May 2023,15–20%
5/1/2023,Iron Supplement,Mineral,150.00,$17.99,"$2,698.50",10.00%,0.00,USA,iHerb,0.00%,May 2023,5–10%
5/1/2023,Electrolyte Powder,Hydration,144.00,$36.69,"$5,283.36",20.00%,2.00,USA,Walmart,1.39%,May 2023,15–20%
5/8/2023,Whey Protein,Protein,159.00,$55.15,"$8,768.85",23.00%,1.00,UK,Amazon,0.63%,May 2023,20–25%
5/8/2023,Vitamin C,Vitamin,143.00,$19.14,"$2,737.02",22.00%,2.00,USA,Amazon,1.40%,May 2023,20–25%
5/8/2023,Fish Oil,Omega,159.00,$12.41,"$1,973.19",13.00%,2.00,Canada,Walmart,1.26%,May 2023,10–15%
5/8/2023,Multivitamin,Vitamin,151.00,$50.89,"$7,684.39",9.00%,3.00,Canada,iHerb,1.99%,May 2023,5–10%
5/8/2023,Pre-Workout,Performance,136.00,$12.17,"$1,655.12",9.00%,1.00,Canada,iHerb,0.74%,May 2023,5–10%
5/8/2023,BCAA,Amino Acid,162.00,$31.84,"$5,158.08",16.00%,0.00,Canada,iHerb,0.00%,May 2023,15–20%
5/8/2023,Creatine,Performance,137.00,$42.07,"$5,763.59",19.00%,1.00,UK,Amazon,0.73%,May 2023,15–20%
5/8/2023,Zinc,Mineral,158.00,$58.17,"$9,190.86",5.00%,2.00,USA,Walmart,1.27%,May 2023,0–5%
5/8/2023,Collagen Peptides,Protein,138.00,$27.31,"$3,768.78",13.00%,0.00,Canada,Walmart,0.00%,May 2023,10–15%
5/8/2023,Magnesium,Mineral,122.00,$26.79,"$3,268.38",5.00%,1.00,Canada,Walmart,0.82%,May 2023,0–5%
5/8/2023,Ashwagandha,Herbal,153.00,$31.16,"$4,767.48",23.00%,1.00,Canada,iHerb,0.65%,May 2023,20–25%
5/8/2023,Melatonin,Sleep Aid,153.00,$46.66,"$7,138.98",14.00%,1.00,UK,Walmart,0.65%,May 2023,10–15%
5/8/2023,Biotin,Vitamin,135.00,$34.46,"$4,652.10",2.00%,1.00,USA,Walmart,0.74%,May 2023,0–5%
5/8/2023,Green Tea Extract,Fat Burner,150.00,$13.81,"$2,071.50",9.00%,3.00,Canada,Amazon,2.00%,May 2023,5–10%
5/8/2023,Iron Supplement,Mineral,155.00,$52.27,"$8,101.85",12.00%,1.00,USA,Walmart,0.65%,May 2023,10–15%
5/8/2023,Electrolyte Powder,Hydration,145.00,$26.28,"$3,810.60",1.00%,0.00,USA,Amazon,0.00%,May 2023,0–5%
5/15/2023,Whey Protein,Protein,146.00,$53.57,"$7,821.22",13.00%,1.00,Canada,Walmart,0.68%,May 2023,10–15%
5/15/2023,Vitamin C,Vitamin,135.00,$42.17,"$5,692.95",6.00%,0.00,USA,iHerb,0.00%,May 2023,5–10%
5/15/2023,Fish Oil,Omega,155.00,$45.92,"$7,117.60",9.00%,2.00,UK,Amazon,1.29%,May 2023,5–10%
5/15/2023,Multivitamin,Vitamin,159.00,$31.16,"$4,954.44",15.00%,1.00,USA,Walmart,0.63%,May 2023,10–15%
5/15/2023,Pre-Workout,Performance,173.00,$14.20,"$2,456.60",22.00%,1.00,USA,iHerb,0.58%,May 2023,20–25%
5/15/2023,BCAA,Amino Acid,140.00,$38.86,"$5,440.40",14.00%,1.00,Canada,iHerb,0.71%,May 2023,10–15%
5/15/2023,Creatine,Performance,158.00,$49.10,"$7,757.80",4.00%,2.00,Canada,Amazon,1.27%,May 2023,0–5%
5/15/2023,Zinc,Mineral,156.00,$34.08,"$5,316.48",17.00%,0.00,UK,Amazon,0.00%,May 2023,15–20%
5/15/2023,Collagen Peptides,Protein,165.00,$17.44,"$2,877.60",14.00%,2.00,UK,Amazon,1.21%,May 2023,10–15%
5/15/2023,Magnesium,Mineral,149.00,$26.42,"$3,936.58",12.00%,3.00,UK,Amazon,2.01%,May 2023,10–15%
5/15/2023,Ashwagandha,Herbal,141.00,$24.88,"$3,508.08",11.00%,1.00,USA,iHerb,0.71%,May 2023,10–15%
5/15/2023,Melatonin,Sleep Aid,145.00,$48.13,"$6,978.85",18.00%,2.00,USA,Amazon,1.38%,May 2023,15–20%
5/15/2023,Biotin,Vitamin,114.00,$49.47,"$5,639.58",13.00%,1.00,USA,iHerb,0.88%,May 2023,10–15%
5/15/2023,Green Tea Extract,Fat Burner,123.00,$41.92,"$5,156.16",21.00%,3.00,Canada,iHerb,2.44%,May 2023,20–25%
5/15/2023,Iron Supplement,Mineral,150.00,$51.65,"$7,747.50",13.00%,1.00,UK,iHerb,0.67%,May 2023,10–15%
5/15/2023,Electrolyte Powder,Hydration,169.00,$55.45,"$9,371.05",5.00%,2.00,UK,Amazon,1.18%,May 2023,0–5%
5/22/2023,Whey Protein,Protein,164.00,$49.73,"$8,155.72",5.00%,3.00,USA,Walmart,1.83%,May 2023,0–5%
5/22/2023,Vitamin C,Vitamin,154.00,$33.67,"$5,185.18",17.00%,2.00,USA,Amazon,1.30%,May 2023,15–20%
5/22/2023,Fish Oil,Omega,147.00,$35.96,"$5,286.12",13.00%,0.00,UK,Amazon,0.00%,May 2023,10–15%
5/22/2023,Multivitamin,Vitamin,171.00,$36.42,"$6,227.82",20.00%,1.00,UK,Amazon,0.58%,May 2023,15–20%
5/22/2023,Pre-Workout,Performance,151.00,$47.98,"$7,244.98",14.00%,3.00,Canada,Amazon,1.99%,May 2023,10–15%
5/22/2023,BCAA,Amino Acid,168.00,$46.27,"$7,773.36",14.00%,1.00,UK,Walmart,0.60%,May 2023,10–15%
5/22/2023,Creatine,Performance,155.00,$30.83,"$4,778.65",8.00%,1.00,Canada,Amazon,0.65%,May 2023,5–10%
5/22/2023,Zinc,Mineral,148.00,$34.92,"$5,168.16",12.00%,2.00,UK,iHerb,1.35%,May 2023,10–15%
5/22/2023,Collagen Peptides,Protein,145.00,$53.91,"$7,816.95",24.00%,2.00,USA,Walmart,1.38%,May 2023,20–25%
5/22/2023,Magnesium,Mineral,158.00,$17.36,"$2,742.88",4.00%,0.00,USA,Walmart,0.00%,May 2023,0–5%
5/22/2023,Ashwagandha,Herbal,151.00,$51.41,"$7,762.91",20.00%,3.00,USA,iHerb,1.99%,May 2023,15–20%
5/22/2023,Melatonin,Sleep Aid,127.00,$44.34,"$5,631.18",23.00%,1.00,UK,Amazon,0.79%,May 2023,20–25%
5/22/2023,Biotin,Vitamin,153.00,$26.60,"$4,069.80",2.00%,1.00,USA,Amazon,0.65%,May 2023,0–5%
5/22/2023,Green Tea Extract,Fat Burner,163.00,$36.37,"$5,928.31",5.00%,0.00,UK,Walmart,0.00%,May 2023,0–5%
5/22/2023,Iron Supplement,Mineral,150.00,$39.37,"$5,905.50",1.00%,0.00,UK,Walmart,0.00%,May 2023,0–5%
5/22/2023,Electrolyte Powder,Hydration,152.00,$11.45,"$1,740.40",14.00%,3.00,Canada,Walmart,1.97%,May 2023,10–15%
5/29/2023,Whey Protein,Protein,158.00,$39.62,"$6,259.96",17.00%,0.00,USA,iHerb,0.00%,May 2023,15–20%
5/29/2023,Vitamin C,Vitamin,165.00,$47.25,"$7,796.25",16.00%,2.00,USA,iHerb,1.21%,May 2023,15–20%
5/29/2023,Fish Oil,Omega,162.00,$26.39,"$4,275.18",9.00%,3.00,UK,iHerb,1.85%,May 2023,5–10%
5/29/2023,Multivitamin,Vitamin,179.00,$59.70,"$10,686.30",17.00%,0.00,UK,iHerb,0.00%,May 2023,15–20%
5/29/2023,Pre-Workout,Performance,163.00,$32.30,"$5,264.90",8.00%,1.00,Canada,Walmart,0.61%,May 2023,5–10%
5/29/2023,BCAA,Amino Acid,148.00,$41.67,"$6,167.16",20.00%,1.00,USA,iHerb,0.68%,May 2023,15–20%
5/29/2023,Creatine,Performance,139.00,$43.52,"$6,049.28",23.00%,0.00,Canada,Walmart,0.00%,May 2023,20–25%
5/29/2023,Zinc,Mineral,165.00,$41.07,"$6,776.55",2.00%,1.00,Canada,iHerb,0.61%,May 2023,0–5%
5/29/2023,Collagen Peptides,Protein,139.00,$35.20,"$4,892.80",20.00%,2.00,USA,Amazon,1.44%,May 2023,15–20%
5/29/2023,Magnesium,Mineral,153.00,$31.37,"$4,799.61",24.00%,2.00,Canada,Amazon,1.31%,May 2023,20–25%
5/29/2023,Ashwagandha,Herbal,141.00,$40.57,"$5,720.37",13.00%,0.00,UK,Amazon,0.00%,May 2023,10–15%
5/29/2023,Melatonin,Sleep Aid,163.00,$43.09,"$7,023.67",2.00%,1.00,Canada,Walmart,0.61%,May 2023,0–5%
5/29/2023,Biotin,Vitamin,174.00,$24.28,"$4,224.72",4.00%,1.00,USA,iHerb,0.57%,May 2023,0–5%
5/29/2023,Green Tea Extract,Fat Burner,145.00,$58.32,"$8,456.40",9.00%,0.00,UK,iHerb,0.00%,May 2023,5–10%
5/29/2023,Iron Supplement,Mineral,168.00,$57.64,"$9,683.52",17.00%,4.00,USA,Amazon,2.38%,May 2023,15–20%
5/29/2023,Electrolyte Powder,Hydration,138.00,$34.41,"$4,748.58",11.00%,1.00,Canada,iHerb,0.72%,May 2023,10–15%
6/5/2023,Whey Protein,Protein,156.00,$46.72,"$7,288.32",18.00%,1.00,Canada,Amazon,0.64%,Jun 2023,15–20%
6/5/2023,Vitamin C,Vitamin,172.00,$23.37,"$4,019.64",2.00%,3.00,Canada,Walmart,1.74%,Jun 2023,0–5%
6/5/2023,Fish Oil,Omega,154.00,$18.19,"$2,801.26",1.00%,0.00,Canada,Walmart,0.00%,Jun 2023,0–5%
6/5/2023,Multivitamin,Vitamin,148.00,$22.95,"$3,396.60",22.00%,1.00,Canada,Walmart,0.68%,Jun 2023,20–25%
6/5/2023,Pre-Workout,Performance,158.00,$28.26,"$4,465.08",12.00%,0.00,USA,iHerb,0.00%,Jun 2023,10–15%
6/5/2023,BCAA,Amino Acid,133.00,$56.97,"$7,577.01",2.00%,1.00,Canada,Walmart,0.75%,Jun 2023,0–5%
6/5/2023,Creatine,Performance,181.00,$42.18,"$7,634.58",24.00%,5.00,USA,Amazon,2.76%,Jun 2023,20–25%
6/5/2023,Zinc,Mineral,149.00,$20.10,"$2,994.90",22.00%,3.00,UK,Amazon,2.01%,Jun 2023,20–25%
6/5/2023,Collagen Peptides,Protein,154.00,$47.00,"$7,238.00",17.00%,3.00,Canada,Walmart,1.95%,Jun 2023,15–20%
6/5/2023,Magnesium,Mineral,157.00,$21.85,"$3,430.45",19.00%,1.00,USA,iHerb,0.64%,Jun 2023,15–20%
6/5/2023,Ashwagandha,Herbal,142.00,$44.84,"$6,367.28",23.00%,0.00,UK,Amazon,0.00%,Jun 2023,20–25%
6/5/2023,Melatonin,Sleep Aid,155.00,$55.18,"$8,552.90",2.00%,2.00,Canada,Walmart,1.29%,Jun 2023,0–5%
6/5/2023,Biotin,Vitamin,161.00,$57.71,"$9,291.31",21.00%,1.00,UK,Walmart,0.62%,Jun 2023,20–25%
6/5/2023,Green Tea Extract,Fat Burner,142.00,$58.36,"$8,287.12",2.00%,1.00,Canada,Amazon,0.70%,Jun 2023,0–5%
6/5/2023,Iron Supplement,Mineral,152.00,$28.87,"$4,388.24",8.00%,1.00,UK,iHerb,0.66%,Jun 2023,5–10%
6/5/2023,Electrolyte Powder,Hydration,156.00,$16.84,"$2,627.04",20.00%,2.00,Canada,iHerb,1.28%,Jun 2023,15–20%
6/12/2023,Whey Protein,Protein,167.00,$54.69,"$9,133.23",22.00%,1.00,UK,Walmart,0.60%,Jun 2023,20–25%
6/12/2023,Vitamin C,Vitamin,146.00,$45.76,"$6,680.96",23.00%,2.00,Canada,Amazon,1.37%,Jun 2023,20–25%
6/12/2023,Fish Oil,Omega,154.00,$24.57,"$3,783.78",24.00%,1.00,USA,Amazon,0.65%,Jun 2023,20–25%
6/12/2023,Multivitamin,Vitamin,131.00,$46.70,"$6,117.70",7.00%,1.00,UK,Walmart,0.76%,Jun 2023,5–10%
6/12/2023,Pre-Workout,Performance,149.00,$49.47,"$7,371.03",8.00%,3.00,USA,Amazon,2.01%,Jun 2023,5–10%
6/12/2023,BCAA,Amino Acid,162.00,$26.24,"$4,250.88",13.00%,1.00,Canada,Amazon,0.62%,Jun 2023,10–15%
6/12/2023,Creatine,Performance,144.00,$34.18,"$4,921.92",21.00%,0.00,Canada,Amazon,0.00%,Jun 2023,20–25%
6/12/2023,Zinc,Mineral,153.00,$36.16,"$5,532.48",5.00%,2.00,UK,iHerb,1.31%,Jun 2023,0–5%
6/12/2023,Collagen Peptides,Protein,129.00,$38.54,"$4,971.66",23.00%,1.00,UK,Walmart,0.78%,Jun 2023,20–25%
6/12/2023,Magnesium,Mineral,134.00,$14.57,"$1,952.38",5.00%,0.00,USA,iHerb,0.00%,Jun 2023,0–5%
6/12/2023,Ashwagandha,Herbal,150.00,$33.47,"$5,020.50",23.00%,2.00,Canada,iHerb,1.33%,Jun 2023,20–25%
6/12/2023,Melatonin,Sleep Aid,128.00,$43.68,"$5,591.04",22.00%,0.00,USA,Amazon,0.00%,Jun 2023,20–25%
6/12/2023,Biotin,Vitamin,162.00,$37.30,"$6,042.60",24.00%,2.00,UK,iHerb,1.23%,Jun 2023,20–25%
6/12/2023,Green Tea Extract,Fat Burner,165.00,$37.72,"$6,223.80",15.00%,1.00,Canada,Walmart,0.61%,Jun 2023,10–15%
6/12/2023,Iron Supplement,Mineral,152.00,$17.17,"$2,609.84",9.00%,2.00,USA,iHerb,1.32%,Jun 2023,5–10%
6/12/2023,Electrolyte Powder,Hydration,170.00,$42.14,"$7,163.80",3.00%,3.00,UK,iHerb,1.76%,Jun 2023,0–5%
6/19/2023,Whey Protein,Protein,152.00,$49.72,"$7,557.44",6.00%,1.00,USA,Amazon,0.66%,Jun 2023,5–10%
6/19/2023,Vitamin C,Vitamin,182.00,$44.15,"$8,035.30",24.00%,1.00,USA,Amazon,0.55%,Jun 2023,20–25%
6/19/2023,Fish Oil,Omega,159.00,$26.70,"$4,245.30",1.00%,3.00,Canada,Amazon,1.89%,Jun 2023,0–5%
6/19/2023,Multivitamin,Vitamin,164.00,$27.63,"$4,531.32",2.00%,2.00,Canada,Amazon,1.22%,Jun 2023,0–5%
6/19/2023,Pre-Workout,Performance,158.00,$46.53,"$7,351.74",21.00%,2.00,Canada,iHerb,1.27%,Jun 2023,20–25%
6/19/2023,BCAA,Amino Acid,155.00,$55.11,"$8,542.05",16.00%,1.00,USA,Amazon,0.65%,Jun 2023,15–20%
6/19/2023,Creatine,Performance,129.00,$37.19,"$4,797.51",7.00%,0.00,Canada,iHerb,0.00%,Jun 2023,5–10%
6/19/2023,Zinc,Mineral,151.00,$50.02,"$7,553.02",12.00%,2.00,USA,Walmart,1.32%,Jun 2023,10–15%
6/19/2023,Collagen Peptides,Protein,135.00,$30.50,"$4,117.50",20.00%,2.00,Canada,Walmart,1.48%,Jun 2023,15–20%
6/19/2023,Magnesium,Mineral,139.00,$22.17,"$3,081.63",25.00%,4.00,USA,Amazon,2.88%,Jun 2023,20–25%
6/19/2023,Ashwagandha,Herbal,152.00,$50.07,"$7,610.64",18.00%,2.00,UK,iHerb,1.32%,Jun 2023,15–20%
6/19/2023,Melatonin,Sleep Aid,155.00,$43.49,"$6,740.95",18.00%,1.00,Canada,Amazon,0.65%,Jun 2023,15–20%
6/19/2023,Biotin,Vitamin,145.00,$35.29,"$5,117.05",11.00%,6.00,USA,Amazon,4.14%,Jun 2023,10–15%
6/19/2023,Green Tea Extract,Fat Burner,154.00,$26.70,"$4,111.80",21.00%,2.00,Canada,Amazon,1.30%,Jun 2023,20–25%
6/19/2023,Iron Supplement,Mineral,157.00,$37.43,"$5,876.51",16.00%,2.00,UK,Walmart,1.27%,Jun 2023,15–20%
6/19/2023,Electrolyte Powder,Hydration,170.00,$58.55,"$9,953.50",17.00%,5.00,UK,iHerb,2.94%,Jun 2023,15–20%
6/26/2023,Whey Protein,Protein,163.00,$31.37,"$5,113.31",6.00%,0.00,Canada,iHerb,0.00%,Jun 2023,5–10%
6/26/2023,Vitamin C,Vitamin,138.00,$45.99,"$6,346.62",11.00%,1.00,UK,Amazon,0.72%,Jun 2023,10–15%
6/26/2023,Fish Oil,Omega,160.00,$58.76,"$9,401.60",16.00%,1.00,Canada,Walmart,0.63%,Jun 2023,15–20%
6/26/2023,Multivitamin,Vitamin,143.00,$20.65,"$2,952.95",10.00%,5.00,USA,iHerb,3.50%,Jun 2023,5–10%
6/26/2023,Pre-Workout,Performance,138.00,$27.62,"$3,811.56",11.00%,0.00,UK,Walmart,0.00%,Jun 2023,10–15%
6/26/2023,BCAA,Amino Acid,147.00,$36.65,"$5,387.55",2.00%,2.00,UK,Amazon,1.36%,Jun 2023,0–5%
6/26/2023,Creatine,Performance,152.00,$30.93,"$4,701.36",10.00%,0.00,USA,Amazon,0.00%,Jun 2023,5–10%
6/26/2023,Zinc,Mineral,151.00,$33.41,"$5,044.91",19.00%,3.00,USA,Amazon,1.99%,Jun 2023,15–20%
6/26/2023,Collagen Peptides,Protein,159.00,$41.10,"$6,534.90",2.00%,2.00,Canada,Walmart,1.26%,Jun 2023,0–5%
6/26/2023,Magnesium,Mineral,146.00,$53.10,"$7,752.60",15.00%,1.00,Canada,Walmart,0.68%,Jun 2023,10–15%
6/26/2023,Ashwagandha,Herbal,172.00,$58.58,"$10,075.76",3.00%,2.00,UK,Amazon,1.16%,Jun 2023,0–5%
6/26/2023,Melatonin,Sleep Aid,162.00,$14.55,"$2,357.10",15.00%,2.00,Canada,Walmart,1.23%,Jun 2023,10–15%
6/26/2023,Biotin,Vitamin,158.00,$48.54,"$7,669.32",17.00%,1.00,UK,Amazon,0.63%,Jun 2023,15–20%
6/26/2023,Green Tea Extract,Fat Burner,147.00,$57.67,"$8,477.49",2.00%,1.00,Canada,Walmart,0.68%,Jun 2023,0–5%
6/26/2023,Iron Supplement,Mineral,143.00,$35.29,"$5,046.47",15.00%,0.00,UK,Walmart,0.00%,Jun 2023,10–15%
6/26/2023,Electrolyte Powder,Hydration,161.00,$58.28,"$9,383.08",5.00%,2.00,USA,Amazon,1.24%,Jun 2023,0–5%
7/3/2023,Whey Protein,Protein,147.00,$38.28,"$5,627.16",20.00%,0.00,Canada,Amazon,0.00%,Jul 2023,15–20%
7/3/2023,Vitamin C,Vitamin,159.00,$29.45,"$4,682.55",19.00%,1.00,Canada,Walmart,0.63%,Jul 2023,15–20%
7/3/2023,Fish Oil,Omega,168.00,$24.62,"$4,136.16",14.00%,1.00,USA,Amazon,0.60%,Jul 2023,10–15%
7/3/2023,Multivitamin,Vitamin,147.00,$52.82,"$7,764.54",13.00%,1.00,USA,Amazon,0.68%,Jul 2023,10–15%
7/3/2023,Pre-Workout,Performance,140.00,$35.79,"$5,010.60",19.00%,0.00,USA,iHerb,0.00%,Jul 2023,15–20%
7/3/2023,BCAA,Amino Acid,139.00,$28.02,"$3,894.78",10.00%,2.00,Canada,Walmart,1.44%,Jul 2023,5–10%
7/3/2023,Creatine,Performance,144.00,$41.20,"$5,932.80",6.00%,2.00,USA,Amazon,1.39%,Jul 2023,5–10%
7/3/2023,Zinc,Mineral,152.00,$50.49,"$7,674.48",6.00%,3.00,Canada,Amazon,1.97%,Jul 2023,5–10%
7/3/2023,Collagen Peptides,Protein,152.00,$53.75,"$8,170.00",20.00%,2.00,Canada,Walmart,1.32%,Jul 2023,15–20%
7/3/2023,Magnesium,Mineral,160.00,$37.37,"$5,979.20",2.00%,0.00,USA,iHerb,0.00%,Jul 2023,0–5%
7/3/2023,Ashwagandha,Herbal,163.00,$18.47,"$3,010.61",20.00%,0.00,Canada,Amazon,0.00%,Jul 2023,15–20%
7/3/2023,Melatonin,Sleep Aid,142.00,$39.77,"$5,647.34",19.00%,1.00,UK,Walmart,0.70%,Jul 2023,15–20%
7/3/2023,Biotin,Vitamin,150.00,$34.93,"$5,239.50",15.00%,3.00,Canada,iHerb,2.00%,Jul 2023,10–15%
7/3/2023,Green Tea Extract,Fat Burner,146.00,$10.18,"$1,486.28",15.00%,0.00,UK,Amazon,0.00%,Jul 2023,10–15%
7/3/2023,Iron Supplement,Mineral,150.00,$37.50,"$5,625.00",7.00%,2.00,UK,Amazon,1.33%,Jul 2023,5–10%
7/3/2023,Electrolyte Powder,Hydration,141.00,$40.51,"$5,711.91",4.00%,3.00,Canada,iHerb,2.13%,Jul 2023,0–5%
7/10/2023,Whey Protein,Protein,138.00,$46.62,"$6,433.56",17.00%,2.00,Canada,iHerb,1.45%,Jul 2023,15–20%
7/10/2023,Vitamin C,Vitamin,141.00,$42.96,"$6,057.36",11.00%,2.00,Canada,Amazon,1.42%,Jul 2023,10–15%
7/10/2023,Fish Oil,Omega,155.00,$49.05,"$7,602.75",18.00%,2.00,Canada,iHerb,1.29%,Jul 2023,15–20%
7/10/2023,Multivitamin,Vitamin,136.00,$29.66,"$4,033.76",7.00%,0.00,UK,Amazon,0.00%,Jul 2023,5–10%
7/10/2023,Pre-Workout,Performance,162.00,$38.27,"$6,199.74",6.00%,3.00,UK,iHerb,1.85%,Jul 2023,5–10%
7/10/2023,BCAA,Amino Acid,138.00,$58.33,"$8,049.54",18.00%,5.00,UK,Amazon,3.62%,Jul 2023,15–20%
7/10/2023,Creatine,Performance,155.00,$20.19,"$3,129.45",8.00%,0.00,UK,Walmart,0.00%,Jul 2023,5–10%
7/10/2023,Zinc,Mineral,157.00,$50.76,"$7,969.32",9.00%,1.00,UK,Walmart,0.64%,Jul 2023,5–10%
7/10/2023,Collagen Peptides,Protein,185.00,$46.06,"$8,521.10",19.00%,1.00,Canada,iHerb,0.54%,Jul 2023,15–20%
7/10/2023,Magnesium,Mineral,150.00,$48.60,"$7,290.00",16.00%,1.00,UK,iHerb,0.67%,Jul 2023,15–20%
7/10/2023,Ashwagandha,Herbal,161.00,$47.68,"$7,676.48",22.00%,3.00,UK,iHerb,1.86%,Jul 2023,20–25%
7/10/2023,Melatonin,Sleep Aid,161.00,$59.09,"$9,513.49",9.00%,2.00,UK,Amazon,1.24%,Jul 2023,5–10%
7/10/2023,Biotin,Vitamin,157.00,$13.29,"$2,086.53",19.00%,2.00,USA,Walmart,1.27%,Jul 2023,15–20%
7/10/2023,Green Tea Extract,Fat Burner,156.00,$34.48,"$5,378.88",3.00%,1.00,USA,iHerb,0.64%,Jul 2023,0–5%
7/10/2023,Iron Supplement,Mineral,140.00,$18.13,"$2,538.20",6.00%,0.00,UK,Amazon,0.00%,Jul 2023,5–10%
7/10/2023,Electrolyte Powder,Hydration,171.00,$29.84,"$5,102.64",13.00%,2.00,UK,iHerb,1.17%,Jul 2023,10–15%
7/17/2023,Whey Protein,Protein,171.00,$24.78,"$4,237.38",24.00%,1.00,USA,Amazon,0.58%,Jul 2023,20–25%
7/17/2023,Vitamin C,Vitamin,142.00,$59.79,"$8,490.18",15.00%,0.00,Canada,Amazon,0.00%,Jul 2023,10–15%
7/17/2023,Fish Oil,Omega,129.00,$30.31,"$3,909.99",15.00%,1.00,Canada,Amazon,0.78%,Jul 2023,10–15%
7/17/2023,Multivitamin,Vitamin,173.00,$44.69,"$7,731.37",22.00%,0.00,USA,iHerb,0.00%,Jul 2023,20–25%
7/17/2023,Pre-Workout,Performance,140.00,$16.98,"$2,377.20",13.00%,1.00,UK,iHerb,0.71%,Jul 2023,10–15%
7/17/2023,BCAA,Amino Acid,147.00,$17.84,"$2,622.48",14.00%,0.00,Canada,Walmart,0.00%,Jul 2023,10–15%
7/17/2023,Creatine,Performance,143.00,$57.33,"$8,198.19",10.00%,0.00,UK,iHerb,0.00%,Jul 2023,5–10%
7/17/2023,Zinc,Mineral,146.00,$21.50,"$3,139.00",15.00%,0.00,UK,Amazon,0.00%,Jul 2023,10–15%
7/17/2023,Collagen Peptides,Protein,149.00,$31.09,"$4,632.41",0.00%,5.00,UK,Amazon,3.36%,Jul 2023,0–5%
7/17/2023,Magnesium,Mineral,145.00,$26.28,"$3,810.60",12.00%,1.00,Canada,Amazon,0.69%,Jul 2023,10–15%
7/17/2023,Ashwagandha,Herbal,144.00,$28.00,"$4,032.00",22.00%,2.00,Canada,iHerb,1.39%,Jul 2023,20–25%
7/17/2023,Melatonin,Sleep Aid,135.00,$54.61,"$7,372.35",18.00%,0.00,USA,Walmart,0.00%,Jul 2023,15–20%
7/17/2023,Biotin,Vitamin,166.00,$32.70,"$5,428.20",13.00%,3.00,UK,iHerb,1.81%,Jul 2023,10–15%
7/17/2023,Green Tea Extract,Fat Burner,124.00,$35.75,"$4,433.00",12.00%,1.00,USA,Amazon,0.81%,Jul 2023,10–15%
7/17/2023,Iron Supplement,Mineral,149.00,$22.03,"$3,282.47",7.00%,3.00,USA,Walmart,2.01%,Jul 2023,5–10%
7/17/2023,Electrolyte Powder,Hydration,128.00,$44.09,"$5,643.52",13.00%,2.00,Canada,Walmart,1.56%,Jul 2023,10–15%
7/24/2023,Whey Protein,Protein,137.00,$17.00,"$2,329.00",10.00%,0.00,Canada,Walmart,0.00%,Jul 2023,5–10%
7/24/2023,Vitamin C,Vitamin,152.00,$57.06,"$8,673.12",18.00%,1.00,USA,Walmart,0.66%,Jul 2023,15–20%
7/24/2023,Fish Oil,Omega,173.00,$38.06,"$6,584.38",15.00%,1.00,UK,Walmart,0.58%,Jul 2023,10–15%
7/24/2023,Multivitamin,Vitamin,164.00,$37.74,"$6,189.36",18.00%,3.00,Canada,Walmart,1.83%,Jul 2023,15–20%
7/24/2023,Pre-Workout,Performance,167.00,$42.16,"$7,040.72",10.00%,1.00,USA,iHerb,0.60%,Jul 2023,5–10%
7/24/2023,BCAA,Amino Acid,169.00,$54.77,"$9,256.13",3.00%,3.00,USA,Amazon,1.78%,Jul 2023,0–5%
7/24/2023,Creatine,Performance,177.00,$35.93,"$6,359.61",19.00%,2.00,USA,iHerb,1.13%,Jul 2023,15–20%
7/24/2023,Zinc,Mineral,158.00,$34.71,"$5,484.18",21.00%,2.00,UK,iHerb,1.27%,Jul 2023,20–25%
7/24/2023,Collagen Peptides,Protein,147.00,$29.67,"$4,361.49",18.00%,3.00,Canada,Walmart,2.04%,Jul 2023,15–20%
7/24/2023,Magnesium,Mineral,141.00,$17.70,"$2,495.70",17.00%,4.00,UK,Amazon,2.84%,Jul 2023,15–20%
7/24/2023,Ashwagandha,Herbal,155.00,$37.67,"$5,838.85",2.00%,2.00,Canada,iHerb,1.29%,Jul 2023,0–5%
7/24/2023,Melatonin,Sleep Aid,154.00,$54.94,"$8,460.76",20.00%,2.00,Canada,Amazon,1.30%,Jul 2023,15–20%
7/24/2023,Biotin,Vitamin,153.00,$32.96,"$5,042.88",20.00%,0.00,Canada,Amazon,0.00%,Jul 2023,15–20%
7/24/2023,Green Tea Extract,Fat Burner,124.00,$46.55,"$5,772.20",13.00%,1.00,USA,iHerb,0.81%,Jul 2023,10–15%
7/24/2023,Iron Supplement,Mineral,132.00,$26.05,"$3,438.60",7.00%,2.00,USA,Walmart,1.52%,Jul 2023,5–10%
7/24/2023,Electrolyte Powder,Hydration,152.00,$42.07,"$6,394.64",7.00%,2.00,Canada,iHerb,1.32%,Jul 2023,5–10%
7/31/2023,Whey Protein,Protein,140.00,$49.12,"$6,876.80",18.00%,0.00,USA,Walmart,0.00%,Jul 2023,15–20%
7/31/2023,Vitamin C,Vitamin,133.00,$48.83,"$6,494.39",8.00%,2.00,UK,Amazon,1.50%,Jul 2023,5–10%
7/31/2023,Fish Oil,Omega,133.00,$10.94,"$1,455.02",10.00%,0.00,Canada,iHerb,0.00%,Jul 2023,5–10%
7/31/2023,Multivitamin,Vitamin,149.00,$32.22,"$4,800.78",1.00%,1.00,Canada,iHerb,0.67%,Jul 2023,0–5%
7/31/2023,Pre-Workout,Performance,160.00,$45.76,"$7,321.60",9.00%,1.00,UK,Walmart,0.63%,Jul 2023,5–10%
7/31/2023,BCAA,Amino Acid,152.00,$15.44,"$2,346.88",1.00%,2.00,USA,iHerb,1.32%,Jul 2023,0–5%
7/31/2023,Creatine,Performance,149.00,$42.25,"$6,295.25",14.00%,2.00,Canada,Amazon,1.34%,Jul 2023,10–15%
7/31/2023,Zinc,Mineral,166.00,$34.84,"$5,783.44",12.00%,2.00,USA,Walmart,1.20%,Jul 2023,10–15%
7/31/2023,Collagen Peptides,Protein,148.00,$10.82,"$1,601.36",4.00%,1.00,UK,Walmart,0.68%,Jul 2023,0–5%
7/31/2023,Magnesium,Mineral,163.00,$36.13,"$5,889.19",9.00%,0.00,USA,Walmart,0.00%,Jul 2023,5–10%
7/31/2023,Ashwagandha,Herbal,129.00,$27.38,"$3,532.02",25.00%,1.00,UK,iHerb,0.78%,Jul 2023,20–25%
7/31/2023,Melatonin,Sleep Aid,140.00,$51.76,"$7,246.40",5.00%,2.00,UK,Walmart,1.43%,Jul 2023,0–5%
7/31/2023,Biotin,Vitamin,129.00,$34.54,"$4,455.66",11.00%,4.00,UK,iHerb,3.10%,Jul 2023,10–15%
7/31/2023,Green Tea Extract,Fat Burner,134.00,$36.46,"$4,885.64",13.00%,1.00,Canada,Amazon,0.75%,Jul 2023,10–15%
7/31/2023,Iron Supplement,Mineral,158.00,$38.51,"$6,084.58",14.00%,2.00,USA,iHerb,1.27%,Jul 2023,10–15%
7/31/2023,Electrolyte Powder,Hydration,130.00,$24.04,"$3,125.20",13.00%,2.00,Canada,Amazon,1.54%,Jul 2023,10–15%
8/7/2023,Whey Protein,Protein,158.00,$39.56,"$6,250.48",24.00%,0.00,USA,Walmart,0.00%,Aug 2023,20–25%
8/7/2023,Vitamin C,Vitamin,165.00,$48.70,"$8,035.50",7.00%,1.00,Canada,Amazon,0.61%,Aug 2023,5–10%
8/7/2023,Fish Oil,Omega,169.00,$13.15,"$2,222.35",15.00%,0.00,UK,Amazon,0.00%,Aug 2023,10–15%
8/7/2023,Multivitamin,Vitamin,162.00,$53.74,"$8,705.88",20.00%,0.00,UK,Walmart,0.00%,Aug 2023,15–20%
8/7/2023,Pre-Workout,Performance,146.00,$30.87,"$4,507.02",24.00%,2.00,Canada,iHerb,1.37%,Aug 2023,20–25%
8/7/2023,BCAA,Amino Acid,131.00,$46.72,"$6,120.32",22.00%,1.00,USA,Amazon,0.76%,Aug 2023,20–25%
8/7/2023,Creatine,Performance,142.00,$27.14,"$3,853.88",8.00%,1.00,UK,iHerb,0.70%,Aug 2023,5–10%
8/7/2023,Zinc,Mineral,154.00,$25.35,"$3,903.90",5.00%,3.00,UK,Amazon,1.95%,Aug 2023,0–5%
8/7/2023,Collagen Peptides,Protein,136.00,$37.07,"$5,041.52",15.00%,1.00,USA,Amazon,0.74%,Aug 2023,10–15%
8/7/2023,Magnesium,Mineral,153.00,$33.98,"$5,198.94",16.00%,1.00,UK,iHerb,0.65%,Aug 2023,15–20%
8/7/2023,Ashwagandha,Herbal,156.00,$26.68,"$4,162.08",8.00%,1.00,UK,Amazon,0.64%,Aug 2023,5–10%
8/7/2023,Melatonin,Sleep Aid,164.00,$12.30,"$2,017.20",25.00%,1.00,USA,iHerb,0.61%,Aug 2023,20–25%
8/7/2023,Biotin,Vitamin,134.00,$46.93,"$6,288.62",7.00%,1.00,Canada,iHerb,0.75%,Aug 2023,5–10%
8/7/2023,Green Tea Extract,Fat Burner,147.00,$26.51,"$3,896.97",18.00%,2.00,Canada,Walmart,1.36%,Aug 2023,15–20%
8/7/2023,Iron Supplement,Mineral,133.00,$42.04,"$5,591.32",20.00%,1.00,USA,Amazon,0.75%,Aug 2023,15–20%
8/7/2023,Electrolyte Powder,Hydration,153.00,$25.57,"$3,912.21",1.00%,2.00,UK,Amazon,1.31%,Aug 2023,0–5%
8/14/2023,Whey Protein,Protein,146.00,$45.42,"$6,631.32",21.00%,1.00,Canada,Walmart,0.68%,Aug 2023,20–25%
8/14/2023,Vitamin C,Vitamin,158.00,$10.66,"$1,684.28",9.00%,2.00,USA,Amazon,1.27%,Aug 2023,5–10%
8/14/2023,Fish Oil,Omega,129.00,$31.45,"$4,057.05",0.00%,0.00,Canada,Amazon,0.00%,Aug 2023,0–5%
8/14/2023,Multivitamin,Vitamin,142.00,$41.58,"$5,904.36",6.00%,1.00,USA,Amazon,0.70%,Aug 2023,5–10%
8/14/2023,Pre-Workout,Performance,168.00,$29.61,"$4,974.48",18.00%,3.00,USA,Amazon,1.79%,Aug 2023,15–20%
8/14/2023,BCAA,Amino Acid,154.00,$48.62,"$7,487.48",24.00%,4.00,Canada,iHerb,2.60%,Aug 2023,20–25%
8/14/2023,Creatine,Performance,141.00,$57.87,"$8,159.67",11.00%,0.00,UK,Amazon,0.00%,Aug 2023,10–15%
8/14/2023,Zinc,Mineral,158.00,$23.36,"$3,690.88",22.00%,0.00,USA,Amazon,0.00%,Aug 2023,20–25%
8/14/2023,Collagen Peptides,Protein,126.00,$40.35,"$5,084.10",3.00%,1.00,UK,Amazon,0.79%,Aug 2023,0–5%
8/14/2023,Magnesium,Mineral,154.00,$21.49,"$3,309.46",20.00%,1.00,Canada,Amazon,0.65%,Aug 2023,15–20%
8/14/2023,Ashwagandha,Herbal,156.00,$15.73,"$2,453.88",18.00%,1.00,Canada,Walmart,0.64%,Aug 2023,15–20%
8/14/2023,Melatonin,Sleep Aid,137.00,$42.66,"$5,844.42",6.00%,0.00,USA,iHerb,0.00%,Aug 2023,5–10%
8/14/2023,Biotin,Vitamin,147.00,$12.68,"$1,863.96",11.00%,2.00,UK,iHerb,1.36%,Aug 2023,10–15%
8/14/2023,Green Tea Extract,Fat Burner,158.00,$10.48,"$1,655.84",24.00%,1.00,Canada,Amazon,0.63%,Aug 2023,20–25%
8/14/2023,Iron Supplement,Mineral,149.00,$27.79,"$4,140.71",21.00%,2.00,USA,Amazon,1.34%,Aug 2023,20–25%
8/14/2023,Electrolyte Powder,Hydration,149.00,$59.83,"$8,914.67",14.00%,2.00,Canada,Amazon,1.34%,Aug 2023,10–15%
8/21/2023,Whey Protein,Protein,147.00,$57.13,"$8,398.11",4.00%,1.00,Canada,Walmart,0.68%,Aug 2023,0–5%
8/21/2023,Vitamin C,Vitamin,135.00,$13.10,"$1,768.50",2.00%,1.00,USA,iHerb,0.74%,Aug 2023,0–5%
8/21/2023,Fish Oil,Omega,150.00,$12.24,"$1,836.00",24.00%,4.00,Canada,Amazon,2.67%,Aug 2023,20–25%
8/21/2023,Multivitamin,Vitamin,142.00,$38.93,"$5,528.06",6.00%,1.00,Canada,iHerb,0.70%,Aug 2023,5–10%
8/21/2023,Pre-Workout,Performance,150.00,$24.56,"$3,684.00",20.00%,1.00,Canada,Amazon,0.67%,Aug 2023,15–20%
8/21/2023,BCAA,Amino Acid,156.00,$36.68,"$5,722.08",8.00%,1.00,UK,iHerb,0.64%,Aug 2023,5–10%
8/21/2023,Creatine,Performance,161.00,$27.71,"$4,461.31",17.00%,4.00,USA,Walmart,2.48%,Aug 2023,15–20%
8/21/2023,Zinc,Mineral,154.00,$43.99,"$6,774.46",3.00%,3.00,Canada,Amazon,1.95%,Aug 2023,0–5%
8/21/2023,Collagen Peptides,Protein,151.00,$12.85,"$1,940.35",10.00%,3.00,Canada,Amazon,1.99%,Aug 2023,5–10%
8/21/2023,Magnesium,Mineral,173.00,$31.41,"$5,433.93",14.00%,1.00,UK,Walmart,0.58%,Aug 2023,10–15%
8/21/2023,Ashwagandha,Herbal,136.00,$40.49,"$5,506.64",23.00%,0.00,UK,Walmart,0.00%,Aug 2023,20–25%
8/21/2023,Melatonin,Sleep Aid,139.00,$50.44,"$7,011.16",7.00%,3.00,USA,iHerb,2.16%,Aug 2023,5–10%
8/21/2023,Biotin,Vitamin,152.00,$28.38,"$4,313.76",20.00%,0.00,UK,Walmart,0.00%,Aug 2023,15–20%
8/21/2023,Green Tea Extract,Fat Burner,122.00,$52.68,"$6,426.96",19.00%,1.00,UK,iHerb,0.82%,Aug 2023,15–20%
8/21/2023,Iron Supplement,Mineral,152.00,$52.03,"$7,908.56",20.00%,2.00,UK,iHerb,1.32%,Aug 2023,15–20%
8/21/2023,Electrolyte Powder,Hydration,149.00,$53.95,"$8,038.55",16.00%,1.00,Canada,Amazon,0.67%,Aug 2023,15–20%
8/28/2023,Whey Protein,Protein,154.00,$29.71,"$4,575.34",8.00%,1.00,USA,Walmart,0.65%,Aug 2023,5–10%
8/28/2023,Vitamin C,Vitamin,153.00,$23.18,"$3,546.54",19.00%,1.00,Canada,Walmart,0.65%,Aug 2023,15–20%
8/28/2023,Fish Oil,Omega,127.00,$54.25,"$6,889.75",19.00%,1.00,UK,Amazon,0.79%,Aug 2023,15–20%
8/28/2023,Multivitamin,Vitamin,174.00,$58.06,"$10,102.44",6.00%,0.00,USA,Amazon,0.00%,Aug 2023,5–10%
8/28/2023,Pre-Workout,Performance,148.00,$36.95,"$5,468.60",20.00%,3.00,Canada,Amazon,2.03%,Aug 2023,15–20%
8/28/2023,BCAA,Amino Acid,146.00,$17.41,"$2,541.86",1.00%,2.00,USA,iHerb,1.37%,Aug 2023,0–5%
8/28/2023,Creatine,Performance,126.00,$36.95,"$4,655.70",5.00%,1.00,Canada,iHerb,0.79%,Aug 2023,0–5%
8/28/2023,Zinc,Mineral,137.00,$49.98,"$6,847.26",12.00%,0.00,USA,Amazon,0.00%,Aug 2023,10–15%
8/28/2023,Collagen Peptides,Protein,158.00,$46.93,"$7,414.94",12.00%,1.00,UK,iHerb,0.63%,Aug 2023,10–15%
8/28/2023,Magnesium,Mineral,165.00,$11.65,"$1,922.25",7.00%,3.00,USA,Amazon,1.82%,Aug 2023,5–10%
8/28/2023,Ashwagandha,Herbal,158.00,$48.03,"$7,588.74",18.00%,2.00,USA,iHerb,1.27%,Aug 2023,15–20%
8/28/2023,Melatonin,Sleep Aid,163.00,$30.12,"$4,909.56",12.00%,2.00,UK,Walmart,1.23%,Aug 2023,10–15%
8/28/2023,Biotin,Vitamin,166.00,$27.10,"$4,498.60",23.00%,2.00,Canada,Walmart,1.20%,Aug 2023,20–25%
8/28/2023,Green Tea Extract,Fat Burner,137.00,$59.54,"$8,156.98",21.00%,2.00,UK,Walmart,1.46%,Aug 2023,20–25%
8/28/2023,Iron Supplement,Mineral,139.00,$36.29,"$5,044.31",22.00%,1.00,Canada,Amazon,0.72%,Aug 2023,20–25%
8/28/2023,Electrolyte Powder,Hydration,126.00,$23.49,"$2,959.74",18.00%,3.00,Canada,Walmart,2.38%,Aug 2023,15–20%
9/4/2023,Whey Protein,Protein,157.00,$32.65,"$5,126.05",19.00%,3.00,UK,Walmart,1.91%,Sep 2023,15–20%
9/4/2023,Vitamin C,Vitamin,158.00,$41.29,"$6,523.82",18.00%,1.00,UK,Amazon,0.63%,Sep 2023,15–20%
9/4/2023,Fish Oil,Omega,149.00,$46.85,"$6,980.65",17.00%,1.00,Canada,iHerb,0.67%,Sep 2023,15–20%
9/4/2023,Multivitamin,Vitamin,167.00,$13.06,"$2,181.02",21.00%,2.00,UK,Amazon,1.20%,Sep 2023,20–25%
9/4/2023,Pre-Workout,Performance,164.00,$11.54,"$1,892.56",23.00%,0.00,USA,Walmart,0.00%,Sep 2023,20–25%
9/4/2023,BCAA,Amino Acid,162.00,$45.44,"$7,361.28",3.00%,2.00,UK,iHerb,1.23%,Sep 2023,0–5%
9/4/2023,Creatine,Performance,167.00,$30.68,"$5,123.56",11.00%,0.00,UK,Walmart,0.00%,Sep 2023,10–15%
9/4/2023,Zinc,Mineral,168.00,$59.90,"$10,063.20",15.00%,2.00,USA,Amazon,1.19%,Sep 2023,10–15%
9/4/2023,Collagen Peptides,Protein,138.00,$42.49,"$5,863.62",23.00%,2.00,Canada,iHerb,1.45%,Sep 2023,20–25%
9/4/2023,Magnesium,Mineral,174.00,$53.43,"$9,296.82",2.00%,3.00,USA,Walmart,1.72%,Sep 2023,0–5%
9/4/2023,Ashwagandha,Herbal,154.00,$12.83,"$1,975.82",17.00%,1.00,UK,Amazon,0.65%,Sep 2023,15–20%
9/4/2023,Melatonin,Sleep Aid,149.00,$55.59,"$8,282.91",21.00%,1.00,USA,Walmart,0.67%,Sep 2023,20–25%
9/4/2023,Biotin,Vitamin,146.00,$28.62,"$4,178.52",3.00%,4.00,UK,Amazon,2.74%,Sep 2023,0–5%
9/4/2023,Green Tea Extract,Fat Burner,153.00,$27.64,"$4,228.92",14.00%,1.00,Canada,Walmart,0.65%,Sep 2023,10–15%
9/4/2023,Iron Supplement,Mineral,142.00,$13.82,"$1,962.44",15.00%,0.00,Canada,Amazon,0.00%,Sep 2023,10–15%
9/4/2023,Electrolyte Powder,Hydration,119.00,$41.14,"$4,895.66",3.00%,1.00,UK,Amazon,0.84%,Sep 2023,0–5%
9/11/2023,Whey Protein,Protein,147.00,$35.30,"$5,189.10",2.00%,0.00,USA,iHerb,0.00%,Sep 2023,0–5%
9/11/2023,Vitamin C,Vitamin,151.00,$14.77,"$2,230.27",11.00%,3.00,UK,Walmart,1.99%,Sep 2023,10–15%
9/11/2023,Fish Oil,Omega,158.00,$53.60,"$8,468.80",24.00%,2.00,Canada,iHerb,1.27%,Sep 2023,20–25%
9/11/2023,Multivitamin,Vitamin,154.00,$19.08,"$2,938.32",17.00%,5.00,USA,iHerb,3.25%,Sep 2023,15–20%
9/11/2023,Pre-Workout,Performance,149.00,$34.75,"$5,177.75",11.00%,1.00,USA,Walmart,0.67%,Sep 2023,10–15%
9/11/2023,BCAA,Amino Acid,150.00,$47.44,"$7,116.00",22.00%,3.00,UK,Walmart,2.00%,Sep 2023,20–25%
9/11/2023,Creatine,Performance,144.00,$46.34,"$6,672.96",8.00%,0.00,Canada,Amazon,0.00%,Sep 2023,5–10%
9/11/2023,Zinc,Mineral,145.00,$26.35,"$3,820.75",16.00%,2.00,UK,iHerb,1.38%,Sep 2023,15–20%
9/11/2023,Collagen Peptides,Protein,148.00,$25.95,"$3,840.60",11.00%,2.00,USA,Amazon,1.35%,Sep 2023,10–15%
9/11/2023,Magnesium,Mineral,161.00,$46.59,"$7,500.99",20.00%,3.00,USA,iHerb,1.86%,Sep 2023,15–20%
9/11/2023,Ashwagandha,Herbal,157.00,$59.18,"$9,291.26",14.00%,0.00,UK,Amazon,0.00%,Sep 2023,10–15%
9/11/2023,Melatonin,Sleep Aid,142.00,$56.24,"$7,986.08",4.00%,0.00,UK,iHerb,0.00%,Sep 2023,0–5%
9/11/2023,Biotin,Vitamin,142.00,$43.01,"$6,107.42",8.00%,3.00,Canada,Walmart,2.11%,Sep 2023,5–10%
9/11/2023,Green Tea Extract,Fat Burner,132.00,$20.42,"$2,695.44",7.00%,0.00,USA,Amazon,0.00%,Sep 2023,5–10%
9/11/2023,Iron Supplement,Mineral,126.00,$18.21,"$2,294.46",23.00%,1.00,Canada,Amazon,0.79%,Sep 2023,20–25%
9/11/2023,Electrolyte Powder,Hydration,156.00,$22.02,"$3,435.12",14.00%,2.00,Canada,Walmart,1.28%,Sep 2023,10–15%
9/18/2023,Whey Protein,Protein,160.00,$43.53,"$6,964.80",11.00%,3.00,Canada,Amazon,1.88%,Sep 2023,10–15%
9/18/2023,Vitamin C,Vitamin,163.00,$26.03,"$4,242.89",14.00%,2.00,Canada,Walmart,1.23%,Sep 2023,10–15%
9/18/2023,Fish Oil,Omega,152.00,$24.13,"$3,667.76",5.00%,0.00,UK,iHerb,0.00%,Sep 2023,0–5%
9/18/2023,Multivitamin,Vitamin,153.00,$26.31,"$4,025.43",15.00%,0.00,USA,iHerb,0.00%,Sep 2023,10–15%
9/18/2023,Pre-Workout,Performance,131.00,$28.40,"$3,720.40",17.00%,2.00,USA,Walmart,1.53%,Sep 2023,15–20%
9/18/2023,BCAA,Amino Acid,165.00,$34.31,"$5,661.15",18.00%,3.00,USA,Walmart,1.82%,Sep 2023,15–20%
9/18/2023,Creatine,Performance,161.00,$19.63,"$3,160.43",15.00%,2.00,Canada,iHerb,1.24%,Sep 2023,10–15%
9/18/2023,Zinc,Mineral,143.00,$45.84,"$6,555.12",7.00%,0.00,UK,Amazon,0.00%,Sep 2023,5–10%
9/18/2023,Collagen Peptides,Protein,135.00,$39.63,"$5,350.05",9.00%,0.00,USA,iHerb,0.00%,Sep 2023,5–10%
9/18/2023,Magnesium,Mineral,131.00,$42.99,"$5,631.69",2.00%,1.00,UK,iHerb,0.76%,Sep 2023,0–5%
9/18/2023,Ashwagandha,Herbal,133.00,$18.61,"$2,475.13",2.00%,2.00,Canada,Walmart,1.50%,Sep 2023,0–5%
9/18/2023,Melatonin,Sleep Aid,149.00,$14.94,"$2,226.06",4.00%,1.00,USA,Walmart,0.67%,Sep 2023,0–5%
9/18/2023,Biotin,Vitamin,160.00,$30.42,"$4,867.20",8.00%,0.00,USA,iHerb,0.00%,Sep 2023,5–10%
9/18/2023,Green Tea Extract,Fat Burner,175.00,$49.39,"$8,643.25",16.00%,2.00,USA,iHerb,1.14%,Sep 2023,15–20%
9/18/2023,Iron Supplement,Mineral,130.00,$17.77,"$2,310.10",10.00%,2.00,USA,Amazon,1.54%,Sep 2023,5–10%
9/18/2023,Electrolyte Powder,Hydration,161.00,$43.58,"$7,016.38",4.00%,1.00,Canada,Walmart,0.62%,Sep 2023,0–5%
9/25/2023,Whey Protein,Protein,178.00,$14.38,"$2,559.64",12.00%,3.00,UK,Walmart,1.69%,Sep 2023,10–15%
9/25/2023,Vitamin C,Vitamin,152.00,$58.71,"$8,923.92",21.00%,0.00,Canada,Amazon,0.00%,Sep 2023,20–25%
9/25/2023,Fish Oil,Omega,171.00,$28.59,"$4,888.89",12.00%,3.00,USA,Amazon,1.75%,Sep 2023,10–15%
9/25/2023,Multivitamin,Vitamin,156.00,$57.88,"$9,029.28",4.00%,2.00,Canada,Amazon,1.28%,Sep 2023,0–5%
9/25/2023,Pre-Workout,Performance,155.00,$18.54,"$2,873.70",22.00%,1.00,USA,iHerb,0.65%,Sep 2023,20–25%
9/25/2023,BCAA,Amino Acid,156.00,$46.37,"$7,233.72",12.00%,1.00,UK,Walmart,0.64%,Sep 2023,10–15%
9/25/2023,Creatine,Performance,145.00,$33.40,"$4,843.00",5.00%,3.00,UK,Amazon,2.07%,Sep 2023,0–5%
9/25/2023,Zinc,Mineral,162.00,$59.95,"$9,711.90",17.00%,0.00,UK,iHerb,0.00%,Sep 2023,15–20%
9/25/2023,Collagen Peptides,Protein,140.00,$48.99,"$6,858.60",6.00%,1.00,USA,iHerb,0.71%,Sep 2023,5–10%
9/25/2023,Magnesium,Mineral,143.00,$18.59,"$2,658.37",3.00%,2.00,USA,iHerb,1.40%,Sep 2023,0–5%
9/25/2023,Ashwagandha,Herbal,161.00,$28.19,"$4,538.59",11.00%,1.00,Canada,Amazon,0.62%,Sep 2023,10–15%
9/25/2023,Melatonin,Sleep Aid,139.00,$37.20,"$5,170.80",15.00%,1.00,Canada,Amazon,0.72%,Sep 2023,10–15%
9/25/2023,Biotin,Vitamin,162.00,$35.26,"$5,712.12",21.00%,2.00,USA,Walmart,1.23%,Sep 2023,20–25%
9/25/2023,Green Tea Extract,Fat Burner,141.00,$54.45,"$7,677.45",19.00%,3.00,UK,Amazon,2.13%,Sep 2023,15–20%
9/25/2023,Iron Supplement,Mineral,126.00,$17.23,"$2,170.98",13.00%,0.00,UK,Amazon,0.00%,Sep 2023,10–15%
9/25/2023,Electrolyte Powder,Hydration,134.00,$41.51,"$5,562.34",9.00%,0.00,Canada,Walmart,0.00%,Sep 2023,5–10%
10/2/2023,Whey Protein,Protein,143.00,$57.08,"$8,162.44",8.00%,1.00,UK,Walmart,0.70%,Oct 2023,5–10%
10/2/2023,Vitamin C,Vitamin,164.00,$45.51,"$7,463.64",16.00%,4.00,Canada,iHerb,2.44%,Oct 2023,15–20%
10/2/2023,Fish Oil,Omega,163.00,$43.12,"$7,028.56",16.00%,0.00,Canada,iHerb,0.00%,Oct 2023,15–20%
10/2/2023,Multivitamin,Vitamin,151.00,$48.10,"$7,263.10",13.00%,0.00,USA,Amazon,0.00%,Oct 2023,10–15%
10/2/2023,Pre-Workout,Performance,159.00,$18.26,"$2,903.34",24.00%,1.00,Canada,Walmart,0.63%,Oct 2023,20–25%
10/2/2023,BCAA,Amino Acid,148.00,$40.16,"$5,943.68",9.00%,1.00,UK,Walmart,0.68%,Oct 2023,5–10%
10/2/2023,Creatine,Performance,163.00,$49.90,"$8,133.70",14.00%,5.00,Canada,Walmart,3.07%,Oct 2023,10–15%
10/2/2023,Zinc,Mineral,153.00,$12.53,"$1,917.09",22.00%,3.00,UK,iHerb,1.96%,Oct 2023,20–25%
10/2/2023,Collagen Peptides,Protein,144.00,$34.48,"$4,965.12",24.00%,4.00,Canada,Amazon,2.78%,Oct 2023,20–25%
10/2/2023,Magnesium,Mineral,170.00,$51.55,"$8,763.50",18.00%,4.00,UK,Amazon,2.35%,Oct 2023,15–20%
10/2/2023,Ashwagandha,Herbal,152.00,$39.87,"$6,060.24",17.00%,1.00,USA,Walmart,0.66%,Oct 2023,15–20%
10/2/2023,Melatonin,Sleep Aid,146.00,$28.71,"$4,191.66",9.00%,0.00,USA,Walmart,0.00%,Oct 2023,5–10%
10/2/2023,Biotin,Vitamin,175.00,$10.06,"$1,760.50",19.00%,2.00,UK,iHerb,1.14%,Oct 2023,15–20%
10/2/2023,Green Tea Extract,Fat Burner,154.00,$48.90,"$7,530.60",11.00%,0.00,USA,Amazon,0.00%,Oct 2023,10–15%
10/2/2023,Iron Supplement,Mineral,158.00,$26.45,"$4,179.10",11.00%,0.00,USA,Amazon,0.00%,Oct 2023,10–15%
10/2/2023,Electrolyte Powder,Hydration,148.00,$37.95,"$5,616.60",17.00%,0.00,UK,iHerb,0.00%,Oct 2023,15–20%
10/9/2023,Whey Protein,Protein,166.00,$21.27,"$3,530.82",17.00%,1.00,Canada,iHerb,0.60%,Oct 2023,15–20%
10/9/2023,Vitamin C,Vitamin,150.00,$50.29,"$7,543.50",15.00%,0.00,Canada,Walmart,0.00%,Oct 2023,10–15%
10/9/2023,Fish Oil,Omega,145.00,$38.42,"$5,570.90",3.00%,1.00,UK,Amazon,0.69%,Oct 2023,0–5%
10/9/2023,Multivitamin,Vitamin,140.00,$52.17,"$7,303.80",11.00%,1.00,Canada,Amazon,0.71%,Oct 2023,10–15%
10/9/2023,Pre-Workout,Performance,169.00,$38.31,"$6,474.39",7.00%,2.00,Canada,Walmart,1.18%,Oct 2023,5–10%
10/9/2023,BCAA,Amino Acid,153.00,$59.53,"$9,108.09",22.00%,2.00,Canada,Amazon,1.31%,Oct 2023,20–25%
10/9/2023,Creatine,Performance,151.00,$19.24,"$2,905.24",8.00%,2.00,UK,iHerb,1.32%,Oct 2023,5–10%
10/9/2023,Zinc,Mineral,148.00,$17.40,"$2,575.20",13.00%,2.00,UK,Walmart,1.35%,Oct 2023,10–15%
10/9/2023,Collagen Peptides,Protein,151.00,$59.48,"$8,981.48",3.00%,0.00,Canada,Walmart,0.00%,Oct 2023,0–5%
10/9/2023,Magnesium,Mineral,134.00,$28.63,"$3,836.42",18.00%,1.00,Canada,Amazon,0.75%,Oct 2023,15–20%
10/9/2023,Ashwagandha,Herbal,155.00,$37.41,"$5,798.55",13.00%,0.00,UK,Amazon,0.00%,Oct 2023,10–15%
10/9/2023,Melatonin,Sleep Aid,147.00,$33.10,"$4,865.70",23.00%,3.00,USA,iHerb,2.04%,Oct 2023,20–25%
10/9/2023,Biotin,Vitamin,163.00,$45.86,"$7,475.18",10.00%,1.00,USA,Amazon,0.61%,Oct 2023,5–10%
10/9/2023,Green Tea Extract,Fat Burner,144.00,$26.59,"$3,828.96",12.00%,4.00,Canada,Amazon,2.78%,Oct 2023,10–15%
10/9/2023,Iron Supplement,Mineral,143.00,$21.44,"$3,065.92",5.00%,1.00,Canada,iHerb,0.70%,Oct 2023,0–5%
10/9/2023,Electrolyte Powder,Hydration,156.00,$21.05,"$3,283.80",11.00%,1.00,UK,iHerb,0.64%,Oct 2023,10–15%
10/16/2023,Whey Protein,Protein,158.00,$18.02,"$2,847.16",22.00%,1.00,Canada,Amazon,0.63%,Oct 2023,20–25%
10/16/2023,Vitamin C,Vitamin,159.00,$58.16,"$9,247.44",12.00%,2.00,USA,iHerb,1.26%,Oct 2023,10–15%
10/16/2023,Fish Oil,Omega,144.00,$33.17,"$4,776.48",11.00%,3.00,Canada,Amazon,2.08%,Oct 2023,10–15%
10/16/2023,Multivitamin,Vitamin,165.00,$34.51,"$5,694.15",9.00%,6.00,UK,Amazon,3.64%,Oct 2023,5–10%
10/16/2023,Pre-Workout,Performance,132.00,$44.08,"$5,818.56",23.00%,2.00,UK,iHerb,1.52%,Oct 2023,20–25%
10/16/2023,BCAA,Amino Acid,155.00,$28.69,"$4,446.95",3.00%,3.00,USA,Amazon,1.94%,Oct 2023,0–5%
10/16/2023,Creatine,Performance,159.00,$42.61,"$6,774.99",13.00%,0.00,UK,Amazon,0.00%,Oct 2023,10–15%
10/16/2023,Zinc,Mineral,144.00,$46.25,"$6,660.00",4.00%,2.00,UK,Amazon,1.39%,Oct 2023,0–5%
10/16/2023,Collagen Peptides,Protein,157.00,$16.76,"$2,631.32",8.00%,1.00,UK,iHerb,0.64%,Oct 2023,5–10%
10/16/2023,Magnesium,Mineral,157.00,$51.45,"$8,077.65",19.00%,0.00,UK,Walmart,0.00%,Oct 2023,15–20%
10/16/2023,Ashwagandha,Herbal,158.00,$47.41,"$7,490.78",5.00%,0.00,UK,iHerb,0.00%,Oct 2023,0–5%
10/16/2023,Melatonin,Sleep Aid,140.00,$49.68,"$6,955.20",18.00%,3.00,USA,Walmart,2.14%,Oct 2023,15–20%
10/16/2023,Biotin,Vitamin,125.00,$44.96,"$5,620.00",7.00%,1.00,USA,Walmart,0.80%,Oct 2023,5–10%
10/16/2023,Green Tea Extract,Fat Burner,152.00,$42.13,"$6,403.76",8.00%,2.00,USA,iHerb,1.32%,Oct 2023,5–10%
10/16/2023,Iron Supplement,Mineral,164.00,$56.54,"$9,272.56",13.00%,4.00,UK,Amazon,2.44%,Oct 2023,10–15%
10/16/2023,Electrolyte Powder,Hydration,139.00,$30.19,"$4,196.41",19.00%,2.00,USA,Amazon,1.44%,Oct 2023,15–20%
10/23/2023,Whey Protein,Protein,150.00,$28.86,"$4,329.00",5.00%,2.00,Canada,Walmart,1.33%,Oct 2023,0–5%
10/23/2023,Vitamin C,Vitamin,154.00,$34.33,"$5,286.82",24.00%,2.00,Canada,iHerb,1.30%,Oct 2023,20–25%
10/23/2023,Fish Oil,Omega,132.00,$58.78,"$7,758.96",18.00%,3.00,Canada,Walmart,2.27%,Oct 2023,15–20%
10/23/2023,Multivitamin,Vitamin,143.00,$45.70,"$6,535.10",7.00%,1.00,UK,Walmart,0.70%,Oct 2023,5–10%
10/23/2023,Pre-Workout,Performance,154.00,$51.36,"$7,909.44",21.00%,3.00,USA,Walmart,1.95%,Oct 2023,20–25%
10/23/2023,BCAA,Amino Acid,162.00,$29.07,"$4,709.34",21.00%,1.00,UK,iHerb,0.62%,Oct 2023,20–25%
10/23/2023,Creatine,Performance,140.00,$17.09,"$2,392.60",17.00%,1.00,USA,Walmart,0.71%,Oct 2023,15–20%
10/23/2023,Zinc,Mineral,161.00,$41.19,"$6,631.59",21.00%,2.00,USA,iHerb,1.24%,Oct 2023,20–25%
10/23/2023,Collagen Peptides,Protein,153.00,$19.58,"$2,995.74",24.00%,1.00,UK,Walmart,0.65%,Oct 2023,20–25%
10/23/2023,Magnesium,Mineral,151.00,$37.01,"$5,588.51",15.00%,6.00,Canada,Amazon,3.97%,Oct 2023,10–15%
10/23/2023,Ashwagandha,Herbal,148.00,$20.82,"$3,081.36",13.00%,4.00,UK,Walmart,2.70%,Oct 2023,10–15%
10/23/2023,Melatonin,Sleep Aid,177.00,$49.89,"$8,830.53",4.00%,2.00,UK,Walmart,1.13%,Oct 2023,0–5%
10/23/2023,Biotin,Vitamin,154.00,$15.66,"$2,411.64",3.00%,2.00,UK,iHerb,1.30%,Oct 2023,0–5%
10/23/2023,Green Tea Extract,Fat Burner,135.00,$27.85,"$3,759.75",14.00%,2.00,UK,Walmart,1.48%,Oct 2023,10–15%
10/23/2023,Iron Supplement,Mineral,157.00,$33.22,"$5,215.54",10.00%,3.00,Canada,iHerb,1.91%,Oct 2023,5–10%
10/23/2023,Electrolyte Powder,Hydration,144.00,$47.17,"$6,792.48",9.00%,3.00,Canada,Amazon,2.08%,Oct 2023,5–10%
10/30/2023,Whey Protein,Protein,144.00,$12.26,"$1,765.44",10.00%,1.00,UK,Amazon,0.69%,Oct 2023,5–10%
10/30/2023,Vitamin C,Vitamin,149.00,$44.98,"$6,702.02",24.00%,2.00,USA,Walmart,1.34%,Oct 2023,20–25%
10/30/2023,Fish Oil,Omega,128.00,$36.77,"$4,706.56",0.00%,0.00,Canada,iHerb,0.00%,Oct 2023,0–5%
10/30/2023,Multivitamin,Vitamin,171.00,$49.94,"$8,539.74",25.00%,3.00,Canada,iHerb,1.75%,Oct 2023,20–25%
10/30/2023,Pre-Workout,Performance,112.00,$20.94,"$2,345.28",13.00%,2.00,Canada,iHerb,1.79%,Oct 2023,10–15%
10/30/2023,BCAA,Amino Acid,165.00,$56.41,"$9,307.65",13.00%,3.00,Canada,Walmart,1.82%,Oct 2023,10–15%
10/30/2023,Creatine,Performance,148.00,$55.82,"$8,261.36",10.00%,1.00,UK,iHerb,0.68%,Oct 2023,5–10%
10/30/2023,Zinc,Mineral,144.00,$59.75,"$8,604.00",1.00%,3.00,UK,Walmart,2.08%,Oct 2023,0–5%
10/30/2023,Collagen Peptides,Protein,136.00,$12.53,"$1,704.08",14.00%,1.00,Canada,iHerb,0.74%,Oct 2023,10–15%
10/30/2023,Magnesium,Mineral,134.00,$20.87,"$2,796.58",6.00%,1.00,UK,iHerb,0.75%,Oct 2023,5–10%
10/30/2023,Ashwagandha,Herbal,153.00,$10.88,"$1,664.64",6.00%,1.00,USA,Amazon,0.65%,Oct 2023,5–10%
10/30/2023,Melatonin,Sleep Aid,144.00,$49.39,"$7,112.16",16.00%,1.00,UK,Amazon,0.69%,Oct 2023,15–20%
10/30/2023,Biotin,Vitamin,157.00,$39.74,"$6,239.18",20.00%,2.00,Canada,Amazon,1.27%,Oct 2023,15–20%
10/30/2023,Green Tea Extract,Fat Burner,152.00,$47.29,"$7,188.08",5.00%,2.00,Canada,Walmart,1.32%,Oct 2023,0–5%
10/30/2023,Iron Supplement,Mineral,162.00,$33.65,"$5,451.30",5.00%,0.00,Canada,iHerb,0.00%,Oct 2023,0–5%
10/30/2023,Electrolyte Powder,Hydration,159.00,$42.54,"$6,763.86",4.00%,4.00,USA,iHerb,2.52%,Oct 2023,0–5%
11/6/2023,Whey Protein,Protein,153.00,$46.82,"$7,163.46",24.00%,0.00,USA,Amazon,0.00%,Nov 2023,20–25%
11/6/2023,Vitamin C,Vitamin,153.00,$54.50,"$8,338.50",22.00%,4.00,Canada,Walmart,2.61%,Nov 2023,20–25%
11/6/2023,Fish Oil,Omega,150.00,$31.36,"$4,704.00",11.00%,1.00,Canada,Amazon,0.67%,Nov 2023,10–15%
11/6/2023,Multivitamin,Vitamin,141.00,$50.78,"$7,159.98",16.00%,4.00,UK,Walmart,2.84%,Nov 2023,15–20%
11/6/2023,Pre-Workout,Performance,141.00,$34.62,"$4,881.42",2.00%,1.00,Canada,Walmart,0.71%,Nov 2023,0–5%
11/6/2023,BCAA,Amino Acid,134.00,$15.31,"$2,051.54",24.00%,1.00,Canada,iHerb,0.75%,Nov 2023,20–25%
11/6/2023,Creatine,Performance,148.00,$43.87,"$6,492.76",15.00%,2.00,Canada,Amazon,1.35%,Nov 2023,10–15%
11/6/2023,Zinc,Mineral,163.00,$42.13,"$6,867.19",22.00%,2.00,Canada,iHerb,1.23%,Nov 2023,20–25%
11/6/2023,Collagen Peptides,Protein,142.00,$37.07,"$5,263.94",23.00%,0.00,Canada,Walmart,0.00%,Nov 2023,20–25%
11/6/2023,Magnesium,Mineral,146.00,$22.48,"$3,282.08",24.00%,4.00,UK,iHerb,2.74%,Nov 2023,20–25%
11/6/2023,Ashwagandha,Herbal,167.00,$42.35,"$7,072.45",22.00%,3.00,USA,Amazon,1.80%,Nov 2023,20–25%
11/6/2023,Melatonin,Sleep Aid,124.00,$32.57,"$4,038.68",10.00%,2.00,Canada,Amazon,1.61%,Nov 2023,5–10%
11/6/2023,Biotin,Vitamin,143.00,$23.74,"$3,394.82",14.00%,0.00,Canada,Amazon,0.00%,Nov 2023,10–15%
11/6/2023,Green Tea Extract,Fat Burner,135.00,$19.33,"$2,609.55",6.00%,2.00,Canada,Amazon,1.48%,Nov 2023,5–10%
11/6/2023,Iron Supplement,Mineral,131.00,$11.15,"$1,460.65",9.00%,2.00,USA,iHerb,1.53%,Nov 2023,5–10%
11/6/2023,Electrolyte Powder,Hydration,130.00,$55.47,"$7,211.10",3.00%,5.00,Canada,Amazon,3.85%,Nov 2023,0–5%
11/13/2023,Whey Protein,Protein,142.00,$10.25,"$1,455.50",10.00%,2.00,Canada,Amazon,1.41%,Nov 2023,5–10%
11/13/2023,Vitamin C,Vitamin,144.00,$45.83,"$6,599.52",9.00%,2.00,USA,Walmart,1.39%,Nov 2023,5–10%
11/13/2023,Fish Oil,Omega,175.00,$25.31,"$4,429.25",12.00%,2.00,Canada,Walmart,1.14%,Nov 2023,10–15%
11/13/2023,Multivitamin,Vitamin,151.00,$43.36,"$6,547.36",16.00%,2.00,UK,Walmart,1.32%,Nov 2023,15–20%
11/13/2023,Pre-Workout,Performance,133.00,$27.81,"$3,698.73",12.00%,3.00,USA,iHerb,2.26%,Nov 2023,10–15%
11/13/2023,BCAA,Amino Acid,149.00,$31.94,"$4,759.06",21.00%,2.00,Canada,Amazon,1.34%,Nov 2023,20–25%
11/13/2023,Creatine,Performance,150.00,$33.25,"$4,987.50",14.00%,8.00,Canada,Walmart,5.33%,Nov 2023,10–15%
11/13/2023,Zinc,Mineral,155.00,$34.57,"$5,358.35",9.00%,3.00,USA,iHerb,1.94%,Nov 2023,5–10%
11/13/2023,Collagen Peptides,Protein,148.00,$44.13,"$6,531.24",1.00%,1.00,UK,Walmart,0.68%,Nov 2023,0–5%
11/13/2023,Magnesium,Mineral,145.00,$34.71,"$5,032.95",1.00%,2.00,UK,Walmart,1.38%,Nov 2023,0–5%
11/13/2023,Ashwagandha,Herbal,147.00,$34.98,"$5,142.06",18.00%,0.00,USA,Amazon,0.00%,Nov 2023,15–20%
11/13/2023,Melatonin,Sleep Aid,160.00,$55.20,"$8,832.00",1.00%,1.00,USA,Amazon,0.63%,Nov 2023,0–5%
11/13/2023,Biotin,Vitamin,156.00,$30.53,"$4,762.68",24.00%,1.00,USA,Walmart,0.64%,Nov 2023,20–25%
11/13/2023,Green Tea Extract,Fat Burner,158.00,$35.03,"$5,534.74",24.00%,0.00,USA,Walmart,0.00%,Nov 2023,20–25%
11/13/2023,Iron Supplement,Mineral,168.00,$22.95,"$3,855.60",23.00%,1.00,Canada,Walmart,0.60%,Nov 2023,20–25%
11/13/2023,Electrolyte Powder,Hydration,162.00,$52.55,"$8,513.10",16.00%,0.00,Canada,Walmart,0.00%,Nov 2023,15–20%
11/20/2023,Whey Protein,Protein,155.00,$30.60,"$4,743.00",4.00%,0.00,USA,iHerb,0.00%,Nov 2023,0–5%
11/20/2023,Vitamin C,Vitamin,139.00,$34.08,"$4,737.12",13.00%,1.00,USA,Amazon,0.72%,Nov 2023,10–15%
11/20/2023,Fish Oil,Omega,157.00,$27.90,"$4,380.30",22.00%,2.00,UK,Amazon,1.27%,Nov 2023,20–25%
11/20/2023,Multivitamin,Vitamin,158.00,$10.03,"$1,584.74",22.00%,3.00,UK,Amazon,1.90%,Nov 2023,20–25%
11/20/2023,Pre-Workout,Performance,133.00,$43.07,"$5,728.31",16.00%,3.00,UK,iHerb,2.26%,Nov 2023,15–20%
11/20/2023,BCAA,Amino Acid,135.00,$14.86,"$2,006.10",10.00%,0.00,UK,Walmart,0.00%,Nov 2023,5–10%
11/20/2023,Creatine,Performance,168.00,$52.49,"$8,818.32",1.00%,1.00,USA,Amazon,0.60%,Nov 2023,0–5%
11/20/2023,Zinc,Mineral,141.00,$50.14,"$7,069.74",10.00%,0.00,Canada,Amazon,0.00%,Nov 2023,5–10%
11/20/2023,Collagen Peptides,Protein,126.00,$48.00,"$6,048.00",11.00%,2.00,Canada,Walmart,1.59%,Nov 2023,10–15%
11/20/2023,Magnesium,Mineral,157.00,$17.14,"$2,690.98",19.00%,2.00,UK,Walmart,1.27%,Nov 2023,15–20%
11/20/2023,Ashwagandha,Herbal,146.00,$10.60,"$1,547.60",7.00%,0.00,UK,iHerb,0.00%,Nov 2023,5–10%
11/20/2023,Melatonin,Sleep Aid,140.00,$16.07,"$2,249.80",3.00%,3.00,Canada,Amazon,2.14%,Nov 2023,0–5%
11/20/2023,Biotin,Vitamin,153.00,$27.29,"$4,175.37",17.00%,0.00,UK,Amazon,0.00%,Nov 2023,15–20%
11/20/2023,Green Tea Extract,Fat Burner,154.00,$10.10,"$1,555.40",23.00%,2.00,Canada,Walmart,1.30%,Nov 2023,20–25%
11/20/2023,Iron Supplement,Mineral,172.00,$26.39,"$4,539.08",10.00%,2.00,UK,Walmart,1.16%,Nov 2023,5–10%
11/20/2023,Electrolyte Powder,Hydration,152.00,$11.27,"$1,713.04",18.00%,1.00,USA,Amazon,0.66%,Nov 2023,15–20%
11/27/2023,Whey Protein,Protein,137.00,$35.25,"$4,829.25",3.00%,0.00,Canada,Amazon,0.00%,Nov 2023,0–5%
11/27/2023,Vitamin C,Vitamin,147.00,$25.88,"$3,804.36",4.00%,0.00,UK,Amazon,0.00%,Nov 2023,0–5%
11/27/2023,Fish Oil,Omega,156.00,$15.89,"$2,478.84",23.00%,2.00,UK,Walmart,1.28%,Nov 2023,20–25%
11/27/2023,Multivitamin,Vitamin,148.00,$19.41,"$2,872.68",2.00%,0.00,USA,iHerb,0.00%,Nov 2023,0–5%
11/27/2023,Pre-Workout,Performance,147.00,$18.34,"$2,695.98",11.00%,1.00,UK,Amazon,0.68%,Nov 2023,10–15%
11/27/2023,BCAA,Amino Acid,149.00,$42.22,"$6,290.78",23.00%,0.00,Canada,Walmart,0.00%,Nov 2023,20–25%
11/27/2023,Creatine,Performance,131.00,$35.32,"$4,626.92",19.00%,0.00,USA,Amazon,0.00%,Nov 2023,15–20%
11/27/2023,Zinc,Mineral,155.00,$54.76,"$8,487.80",20.00%,2.00,UK,iHerb,1.29%,Nov 2023,15–20%
11/27/2023,Collagen Peptides,Protein,135.00,$38.86,"$5,246.10",7.00%,2.00,Canada,iHerb,1.48%,Nov 2023,5–10%
11/27/2023,Magnesium,Mineral,154.00,$42.80,"$6,591.20",23.00%,0.00,USA,iHerb,0.00%,Nov 2023,20–25%
11/27/2023,Ashwagandha,Herbal,153.00,$32.98,"$5,045.94",7.00%,1.00,USA,iHerb,0.65%,Nov 2023,5–10%
11/27/2023,Melatonin,Sleep Aid,154.00,$29.19,"$4,495.26",13.00%,1.00,UK,Amazon,0.65%,Nov 2023,10–15%
11/27/2023,Biotin,Vitamin,145.00,$23.80,"$3,451.00",5.00%,1.00,Canada,iHerb,0.69%,Nov 2023,0–5%
11/27/2023,Green Tea Extract,Fat Burner,164.00,$11.64,"$1,908.96",6.00%,5.00,Canada,Amazon,3.05%,Nov 2023,5–10%
11/27/2023,Iron Supplement,Mineral,163.00,$56.46,"$9,202.98",11.00%,5.00,UK,iHerb,3.07%,Nov 2023,10–15%
11/27/2023,Electrolyte Powder,Hydration,142.00,$41.90,"$5,949.80",9.00%,2.00,UK,iHerb,1.41%,Nov 2023,5–10%
12/4/2023,Whey Protein,Protein,143.00,$23.79,"$3,401.97",1.00%,3.00,Canada,iHerb,2.10%,Dec 2023,0–5%
12/4/2023,Vitamin C,Vitamin,158.00,$37.95,"$5,996.10",3.00%,0.00,USA,iHerb,0.00%,Dec 2023,0–5%
12/4/2023,Fish Oil,Omega,142.00,$18.65,"$2,648.30",23.00%,1.00,USA,iHerb,0.70%,Dec 2023,20–25%
12/4/2023,Multivitamin,Vitamin,158.00,$23.45,"$3,705.10",24.00%,1.00,UK,Amazon,0.63%,Dec 2023,20–25%
12/4/2023,Pre-Workout,Performance,142.00,$16.45,"$2,335.90",6.00%,2.00,USA,iHerb,1.41%,Dec 2023,5–10%
12/4/2023,BCAA,Amino Acid,148.00,$16.12,"$2,385.76",20.00%,2.00,Canada,Amazon,1.35%,Dec 2023,15–20%
12/4/2023,Creatine,Performance,127.00,$46.86,"$5,951.22",23.00%,0.00,Canada,Amazon,0.00%,Dec 2023,20–25%
12/4/2023,Zinc,Mineral,148.00,$28.56,"$4,226.88",13.00%,0.00,UK,Walmart,0.00%,Dec 2023,10–15%
12/4/2023,Collagen Peptides,Protein,158.00,$51.45,"$8,129.10",7.00%,3.00,USA,Walmart,1.90%,Dec 2023,5–10%
12/4/2023,Magnesium,Mineral,161.00,$38.69,"$6,229.09",5.00%,2.00,USA,Amazon,1.24%,Dec 2023,0–5%
12/4/2023,Ashwagandha,Herbal,151.00,$44.18,"$6,671.18",24.00%,0.00,USA,Walmart,0.00%,Dec 2023,20–25%
12/4/2023,Melatonin,Sleep Aid,144.00,$18.51,"$2,665.44",1.00%,1.00,USA,Amazon,0.69%,Dec 2023,0–5%
12/4/2023,Biotin,Vitamin,166.00,$31.45,"$5,220.70",19.00%,4.00,Canada,Walmart,2.41%,Dec 2023,15–20%
12/4/2023,Green Tea Extract,Fat Burner,178.00,$47.30,"$8,419.40",16.00%,1.00,USA,Walmart,0.56%,Dec 2023,15–20%
12/4/2023,Iron Supplement,Mineral,150.00,$53.58,"$8,037.00",9.00%,2.00,UK,Amazon,1.33%,Dec 2023,5–10%
12/4/2023,Electrolyte Powder,Hydration,136.00,$59.60,"$8,105.60",19.00%,4.00,USA,Amazon,2.94%,Dec 2023,15–20%
12/11/2023,Whey Protein,Protein,142.00,$35.15,"$4,991.30",12.00%,0.00,UK,Walmart,0.00%,Dec 2023,10–15%
12/11/2023,Vitamin C,Vitamin,159.00,$19.32,"$3,071.88",8.00%,2.00,USA,Walmart,1.26%,Dec 2023,5–10%
12/11/2023,Fish Oil,Omega,158.00,$36.28,"$5,732.24",3.00%,3.00,USA,Walmart,1.90%,Dec 2023,0–5%
12/11/2023,Multivitamin,Vitamin,172.00,$10.88,"$1,871.36",13.00%,2.00,Canada,Amazon,1.16%,Dec 2023,10–15%
12/11/2023,Pre-Workout,Performance,165.00,$57.66,"$9,513.90",15.00%,3.00,USA,iHerb,1.82%,Dec 2023,10–15%
12/11/2023,BCAA,Amino Acid,147.00,$33.16,"$4,874.52",4.00%,1.00,UK,Amazon,0.68%,Dec 2023,0–5%
12/11/2023,Creatine,Performance,165.00,$17.54,"$2,894.10",3.00%,1.00,UK,Walmart,0.61%,Dec 2023,0–5%
12/11/2023,Zinc,Mineral,167.00,$47.59,"$7,947.53",16.00%,3.00,USA,Amazon,1.80%,Dec 2023,15–20%
12/11/2023,Collagen Peptides,Protein,120.00,$29.83,"$3,579.60",11.00%,3.00,USA,Amazon,2.50%,Dec 2023,10–15%
12/11/2023,Magnesium,Mineral,152.00,$30.39,"$4,619.28",10.00%,4.00,Canada,Amazon,2.63%,Dec 2023,5–10%
12/11/2023,Ashwagandha,Herbal,153.00,$45.66,"$6,985.98",19.00%,2.00,UK,Walmart,1.31%,Dec 2023,15–20%
12/11/2023,Melatonin,Sleep Aid,140.00,$46.61,"$6,525.40",19.00%,5.00,UK,Walmart,3.57%,Dec 2023,15–20%
12/11/2023,Biotin,Vitamin,162.00,$57.57,"$9,326.34",4.00%,1.00,Canada,Amazon,0.62%,Dec 2023,0–5%
12/11/2023,Green Tea Extract,Fat Burner,153.00,$51.97,"$7,951.41",19.00%,2.00,Canada,Amazon,1.31%,Dec 2023,15–20%
12/11/2023,Iron Supplement,Mineral,159.00,$25.65,"$4,078.35",4.00%,3.00,Canada,iHerb,1.89%,Dec 2023,0–5%
12/11/2023,Electrolyte Powder,Hydration,153.00,$37.27,"$5,702.31",5.00%,1.00,UK,Amazon,0.65%,Dec 2023,0–5%
12/18/2023,Whey Protein,Protein,146.00,$10.28,"$1,500.88",25.00%,4.00,UK,iHerb,2.74%,Dec 2023,20–25%
12/18/2023,Vitamin C,Vitamin,184.00,$11.31,"$2,081.04",6.00%,4.00,Canada,iHerb,2.17%,Dec 2023,5–10%
12/18/2023,Fish Oil,Omega,128.00,$14.40,"$1,843.20",21.00%,1.00,USA,Amazon,0.78%,Dec 2023,20–25%
12/18/2023,Multivitamin,Vitamin,169.00,$58.55,"$9,894.95",13.00%,2.00,USA,iHerb,1.18%,Dec 2023,10–15%
12/18/2023,Pre-Workout,Performance,153.00,$52.30,"$8,001.90",16.00%,2.00,Canada,Walmart,1.31%,Dec 2023,15–20%
12/18/2023,BCAA,Amino Acid,161.00,$42.51,"$6,844.11",5.00%,2.00,UK,Walmart,1.24%,Dec 2023,0–5%
12/18/2023,Creatine,Performance,112.00,$13.85,"$1,551.20",10.00%,2.00,Canada,iHerb,1.79%,Dec 2023,5–10%
12/18/2023,Zinc,Mineral,164.00,$54.84,"$8,993.76",8.00%,0.00,UK,iHerb,0.00%,Dec 2023,5–10%
12/18/2023,Collagen Peptides,Protein,159.00,$26.98,"$4,289.82",9.00%,4.00,USA,Amazon,2.52%,Dec 2023,5–10%
12/18/2023,Magnesium,Mineral,126.00,$25.48,"$3,210.48",1.00%,2.00,UK,Walmart,1.59%,Dec 2023,0–5%
12/18/2023,Ashwagandha,Herbal,144.00,$45.38,"$6,534.72",13.00%,2.00,Canada,Amazon,1.39%,Dec 2023,10–15%
12/18/2023,Melatonin,Sleep Aid,153.00,$46.71,"$7,146.63",15.00%,0.00,USA,Amazon,0.00%,Dec 2023,10–15%
12/18/2023,Biotin,Vitamin,169.00,$53.43,"$9,029.67",22.00%,1.00,Canada,iHerb,0.59%,Dec 2023,20–25%
12/18/2023,Green Tea Extract,Fat Burner,150.00,$32.47,"$4,870.50",22.00%,2.00,Canada,Walmart,1.33%,Dec 2023,20–25%
12/18/2023,Iron Supplement,Mineral,134.00,$59.80,"$8,013.20",15.00%,2.00,UK,iHerb,1.49%,Dec 2023,10–15%
12/18/2023,Electrolyte Powder,Hydration,160.00,$28.59,"$4,574.40",18.00%,1.00,USA,Walmart,0.63%,Dec 2023,15–20%
12/25/2023,Whey Protein,Protein,152.00,$48.88,"$7,429.76",7.00%,0.00,UK,Walmart,0.00%,Dec 2023,5–10%
12/25/2023,Vitamin C,Vitamin,142.00,$27.11,"$3,849.62",14.00%,0.00,Canada,iHerb,0.00%,Dec 2023,10–15%
12/25/2023,Fish Oil,Omega,150.00,$36.73,"$5,509.50",11.00%,1.00,UK,Walmart,0.67%,Dec 2023,10–15%
12/25/2023,Multivitamin,Vitamin,169.00,$44.07,"$7,447.83",23.00%,2.00,Canada,Amazon,1.18%,Dec 2023,20–25%
12/25/2023,Pre-Workout,Performance,166.00,$34.69,"$5,758.54",11.00%,0.00,UK,Amazon,0.00%,Dec 2023,10–15%
12/25/2023,BCAA,Amino Acid,148.00,$43.49,"$6,436.52",23.00%,0.00,UK,Walmart,0.00%,Dec 2023,20–25%
12/25/2023,Creatine,Performance,144.00,$32.76,"$4,717.44",19.00%,1.00,USA,Walmart,0.69%,Dec 2023,15–20%
12/25/2023,Zinc,Mineral,167.00,$39.06,"$6,523.02",4.00%,1.00,Canada,Walmart,0.60%,Dec 2023,0–5%
12/25/2023,Collagen Peptides,Protein,140.00,$56.41,"$7,897.40",13.00%,0.00,USA,iHerb,0.00%,Dec 2023,10–15%
12/25/2023,Magnesium,Mineral,141.00,$41.16,"$5,803.56",11.00%,1.00,UK,Amazon,0.71%,Dec 2023,10–15%
12/25/2023,Ashwagandha,Herbal,152.00,$13.95,"$2,120.40",1.00%,1.00,USA,Walmart,0.66%,Dec 2023,0–5%
12/25/2023,Melatonin,Sleep Aid,130.00,$48.65,"$6,324.50",18.00%,1.00,Canada,iHerb,0.77%,Dec 2023,15–20%
12/25/2023,Biotin,Vitamin,165.00,$54.25,"$8,951.25",10.00%,1.00,UK,Amazon,0.61%,Dec 2023,5–10%
12/25/2023,Green Tea Extract,Fat Burner,147.00,$58.77,"$8,639.19",3.00%,1.00,UK,Walmart,0.68%,Dec 2023,0–5%
12/25/2023,Iron Supplement,Mineral,143.00,$17.61,"$2,518.23",1.00%,1.00,UK,Walmart,0.70%,Dec 2023,0–5%
12/25/2023,Electrolyte Powder,Hydration,166.00,$16.18,"$2,685.88",16.00%,6.00,UK,iHerb,3.61%,Dec 2023,15–20%
1/1/2024,Whey Protein,Protein,140.00,$58.59,"$8,202.60",4.00%,1.00,UK,Amazon,0.71%,Jan 2024,0–5%
1/1/2024,Vitamin C,Vitamin,143.00,$22.12,"$3,163.16",22.00%,3.00,USA,Walmart,2.10%,Jan 2024,20–25%
1/1/2024,Fish Oil,Omega,147.00,$18.28,"$2,687.16",11.00%,2.00,USA,Walmart,1.36%,Jan 2024,10–15%
1/1/2024,Multivitamin,Vitamin,146.00,$10.05,"$1,467.30",20.00%,3.00,USA,iHerb,2.05%,Jan 2024,15–20%
1/1/2024,Pre-Workout,Performance,152.00,$59.96,"$9,113.92",15.00%,2.00,Canada,iHerb,1.32%,Jan 2024,10–15%
1/1/2024,BCAA,Amino Acid,157.00,$10.48,"$1,645.36",6.00%,2.00,UK,Amazon,1.27%,Jan 2024,5–10%
1/1/2024,Creatine,Performance,168.00,$30.67,"$5,152.56",9.00%,2.00,Canada,iHerb,1.19%,Jan 2024,5–10%
1/1/2024,Zinc,Mineral,159.00,$24.57,"$3,906.63",23.00%,2.00,Canada,Walmart,1.26%,Jan 2024,20–25%
1/1/2024,Collagen Peptides,Protein,161.00,$27.20,"$4,379.20",22.00%,0.00,USA,Walmart,0.00%,Jan 2024,20–25%
1/1/2024,Magnesium,Mineral,150.00,$47.56,"$7,134.00",7.00%,0.00,Canada,Amazon,0.00%,Jan 2024,5–10%
1/1/2024,Ashwagandha,Herbal,172.00,$15.23,"$2,619.56",5.00%,7.00,Canada,Walmart,4.07%,Jan 2024,0–5%
1/1/2024,Melatonin,Sleep Aid,138.00,$31.01,"$4,279.38",22.00%,2.00,Canada,Amazon,1.45%,Jan 2024,20–25%
1/1/2024,Biotin,Vitamin,153.00,$53.99,"$8,260.47",11.00%,4.00,USA,Walmart,2.61%,Jan 2024,10–15%
1/1/2024,Green Tea Extract,Fat Burner,150.00,$13.46,"$2,019.00",19.00%,1.00,Canada,Amazon,0.67%,Jan 2024,15–20%
1/1/2024,Iron Supplement,Mineral,145.00,$17.34,"$2,514.30",5.00%,1.00,UK,iHerb,0.69%,Jan 2024,0–5%
1/1/2024,Electrolyte Powder,Hydration,168.00,$46.22,"$7,764.96",2.00%,2.00,USA,Amazon,1.19%,Jan 2024,0–5%
1/8/2024,Whey Protein,Protein,149.00,$52.31,"$7,794.19",11.00%,2.00,USA,iHerb,1.34%,Jan 2024,10–15%
1/8/2024,Vitamin C,Vitamin,138.00,$13.73,"$1,894.74",9.00%,0.00,UK,iHerb,0.00%,Jan 2024,5–10%
1/8/2024,Fish Oil,Omega,158.00,$47.55,"$7,512.90",13.00%,0.00,UK,Walmart,0.00%,Jan 2024,10–15%
1/8/2024,Multivitamin,Vitamin,159.00,$55.18,"$8,773.62",14.00%,2.00,USA,Walmart,1.26%,Jan 2024,10–15%
1/8/2024,Pre-Workout,Performance,159.00,$18.21,"$2,895.39",2.00%,1.00,USA,Walmart,0.63%,Jan 2024,0–5%
1/8/2024,BCAA,Amino Acid,147.00,$44.67,"$6,566.49",5.00%,0.00,USA,Amazon,0.00%,Jan 2024,0–5%
1/8/2024,Creatine,Performance,152.00,$59.91,"$9,106.32",9.00%,3.00,Canada,Amazon,1.97%,Jan 2024,5–10%
1/8/2024,Zinc,Mineral,146.00,$39.91,"$5,826.86",1.00%,0.00,Canada,iHerb,0.00%,Jan 2024,0–5%
1/8/2024,Collagen Peptides,Protein,159.00,$40.29,"$6,406.11",7.00%,3.00,UK,iHerb,1.89%,Jan 2024,5–10%
1/8/2024,Magnesium,Mineral,162.00,$36.24,"$5,870.88",7.00%,3.00,Canada,Walmart,1.85%,Jan 2024,5–10%
1/8/2024,Ashwagandha,Herbal,137.00,$19.20,"$2,630.40",17.00%,2.00,UK,Amazon,1.46%,Jan 2024,15–20%
1/8/2024,Melatonin,Sleep Aid,155.00,$15.01,"$2,326.55",23.00%,1.00,USA,Amazon,0.65%,Jan 2024,20–25%
1/8/2024,Biotin,Vitamin,147.00,$19.64,"$2,887.08",3.00%,1.00,UK,Amazon,0.68%,Jan 2024,0–5%
1/8/2024,Green Tea Extract,Fat Burner,139.00,$54.63,"$7,593.57",13.00%,1.00,UK,Walmart,0.72%,Jan 2024,10–15%
1/8/2024,Iron Supplement,Mineral,132.00,$39.20,"$5,174.40",4.00%,1.00,UK,Amazon,0.76%,Jan 2024,0–5%
1/8/2024,Electrolyte Powder,Hydration,149.00,$22.13,"$3,297.37",13.00%,2.00,USA,iHerb,1.34%,Jan 2024,10–15%
1/15/2024,Whey Protein,Protein,148.00,$53.47,"$7,913.56",12.00%,4.00,Canada,iHerb,2.70%,Jan 2024,10–15%
1/15/2024,Vitamin C,Vitamin,128.00,$29.03,"$3,715.84",15.00%,1.00,UK,Walmart,0.78%,Jan 2024,10–15%
1/15/2024,Fish Oil,Omega,149.00,$18.52,"$2,759.48",21.00%,3.00,Canada,Amazon,2.01%,Jan 2024,20–25%
1/15/2024,Multivitamin,Vitamin,156.00,$39.88,"$6,221.28",5.00%,1.00,UK,Amazon,0.64%,Jan 2024,0–5%
1/15/2024,Pre-Workout,Performance,157.00,$10.93,"$1,716.01",24.00%,3.00,UK,iHerb,1.91%,Jan 2024,20–25%
1/15/2024,BCAA,Amino Acid,141.00,$56.16,"$7,918.56",2.00%,1.00,Canada,iHerb,0.71%,Jan 2024,0–5%
1/15/2024,Creatine,Performance,148.00,$51.78,"$7,663.44",10.00%,0.00,Canada,Walmart,0.00%,Jan 2024,5–10%
1/15/2024,Zinc,Mineral,126.00,$30.46,"$3,837.96",18.00%,0.00,USA,iHerb,0.00%,Jan 2024,15–20%
1/15/2024,Collagen Peptides,Protein,155.00,$22.76,"$3,527.80",15.00%,2.00,USA,Walmart,1.29%,Jan 2024,10–15%
1/15/2024,Magnesium,Mineral,149.00,$40.96,"$6,103.04",24.00%,1.00,USA,iHerb,0.67%,Jan 2024,20–25%
1/15/2024,Ashwagandha,Herbal,146.00,$13.81,"$2,016.26",14.00%,1.00,UK,Amazon,0.68%,Jan 2024,10–15%
1/15/2024,Melatonin,Sleep Aid,133.00,$10.17,"$1,352.61",10.00%,0.00,USA,iHerb,0.00%,Jan 2024,5–10%
1/15/2024,Biotin,Vitamin,171.00,$36.96,"$6,320.16",7.00%,2.00,Canada,iHerb,1.17%,Jan 2024,5–10%
1/15/2024,Green Tea Extract,Fat Burner,148.00,$45.02,"$6,662.96",3.00%,0.00,Canada,Walmart,0.00%,Jan 2024,0–5%
1/15/2024,Iron Supplement,Mineral,160.00,$34.93,"$5,588.80",12.00%,1.00,Canada,iHerb,0.63%,Jan 2024,10–15%
1/15/2024,Electrolyte Powder,Hydration,148.00,$34.98,"$5,177.04",13.00%,2.00,UK,iHerb,1.35%,Jan 2024,10–15%
1/22/2024,Whey Protein,Protein,158.00,$30.68,"$4,847.44",9.00%,2.00,USA,iHerb,1.27%,Jan 2024,5–10%
1/22/2024,Vitamin C,Vitamin,148.00,$44.82,"$6,633.36",22.00%,2.00,USA,iHerb,1.35%,Jan 2024,20–25%
1/22/2024,Fish Oil,Omega,183.00,$12.62,"$2,309.46",14.00%,5.00,UK,iHerb,2.73%,Jan 2024,10–15%
1/22/2024,Multivitamin,Vitamin,147.00,$36.08,"$5,303.76",16.00%,1.00,Canada,Walmart,0.68%,Jan 2024,15–20%
1/22/2024,Pre-Workout,Performance,168.00,$26.34,"$4,425.12",9.00%,1.00,Canada,iHerb,0.60%,Jan 2024,5–10%
1/22/2024,BCAA,Amino Acid,131.00,$28.27,"$3,703.37",22.00%,3.00,UK,Walmart,2.29%,Jan 2024,20–25%
1/22/2024,Creatine,Performance,158.00,$29.48,"$4,657.84",13.00%,1.00,Canada,iHerb,0.63%,Jan 2024,10–15%
1/22/2024,Zinc,Mineral,154.00,$41.06,"$6,323.24",7.00%,0.00,Canada,iHerb,0.00%,Jan 2024,5–10%
1/22/2024,Collagen Peptides,Protein,152.00,$31.33,"$4,762.16",2.00%,3.00,Canada,iHerb,1.97%,Jan 2024,0–5%
1/22/2024,Magnesium,Mineral,154.00,$35.55,"$5,474.70",12.00%,0.00,USA,Walmart,0.00%,Jan 2024,10–15%
1/22/2024,Ashwagandha,Herbal,154.00,$47.45,"$7,307.30",5.00%,3.00,UK,Amazon,1.95%,Jan 2024,0–5%
1/22/2024,Melatonin,Sleep Aid,144.00,$13.59,"$1,956.96",12.00%,2.00,USA,iHerb,1.39%,Jan 2024,10–15%
1/22/2024,Biotin,Vitamin,140.00,$41.34,"$5,787.60",0.00%,2.00,USA,Amazon,1.43%,Jan 2024,0–5%
1/22/2024,Green Tea Extract,Fat Burner,150.00,$59.79,"$8,968.50",22.00%,1.00,UK,Amazon,0.67%,Jan 2024,20–25%
1/22/2024,Iron Supplement,Mineral,151.00,$48.77,"$7,364.27",23.00%,1.00,USA,Walmart,0.66%,Jan 2024,20–25%
1/22/2024,Electrolyte Powder,Hydration,162.00,$29.83,"$4,832.46",23.00%,1.00,Canada,iHerb,0.62%,Jan 2024,20–25%
1/29/2024,Whey Protein,Protein,149.00,$23.06,"$3,435.94",8.00%,3.00,Canada,Walmart,2.01%,Jan 2024,5–10%
1/29/2024,Vitamin C,Vitamin,156.00,$23.56,"$3,675.36",14.00%,4.00,Canada,Walmart,2.56%,Jan 2024,10–15%
1/29/2024,Fish Oil,Omega,143.00,$35.54,"$5,082.22",10.00%,0.00,UK,Walmart,0.00%,Jan 2024,5–10%
1/29/2024,Multivitamin,Vitamin,152.00,$52.95,"$8,048.40",18.00%,0.00,UK,Walmart,0.00%,Jan 2024,15–20%
1/29/2024,Pre-Workout,Performance,136.00,$10.49,"$1,426.64",8.00%,1.00,UK,Amazon,0.74%,Jan 2024,5–10%
1/29/2024,BCAA,Amino Acid,140.00,$36.49,"$5,108.60",7.00%,2.00,Canada,Walmart,1.43%,Jan 2024,5–10%
1/29/2024,Creatine,Performance,160.00,$28.05,"$4,488.00",14.00%,2.00,UK,Amazon,1.25%,Jan 2024,10–15%
1/29/2024,Zinc,Mineral,154.00,$14.12,"$2,174.48",9.00%,1.00,USA,iHerb,0.65%,Jan 2024,5–10%
1/29/2024,Collagen Peptides,Protein,141.00,$16.95,"$2,389.95",9.00%,1.00,USA,iHerb,0.71%,Jan 2024,5–10%
1/29/2024,Magnesium,Mineral,160.00,$18.64,"$2,982.40",15.00%,2.00,USA,iHerb,1.25%,Jan 2024,10–15%
1/29/2024,Ashwagandha,Herbal,153.00,$17.75,"$2,715.75",0.00%,2.00,UK,Amazon,1.31%,Jan 2024,0–5%
1/29/2024,Melatonin,Sleep Aid,131.00,$47.23,"$6,187.13",7.00%,2.00,USA,Walmart,1.53%,Jan 2024,5–10%
1/29/2024,Biotin,Vitamin,171.00,$20.86,"$3,567.06",3.00%,0.00,UK,Walmart,0.00%,Jan 2024,0–5%
1/29/2024,Green Tea Extract,Fat Burner,126.00,$31.60,"$3,981.60",8.00%,2.00,USA,iHerb,1.59%,Jan 2024,5–10%
1/29/2024,Iron Supplement,Mineral,166.00,$36.53,"$6,063.98",3.00%,2.00,USA,Walmart,1.20%,Jan 2024,0–5%
1/29/2024,Electrolyte Powder,Hydration,145.00,$52.12,"$7,557.40",8.00%,0.00,USA,Amazon,0.00%,Jan 2024,5–10%
2/5/2024,Whey Protein,Protein,144.00,$38.98,"$5,613.12",18.00%,0.00,USA,Walmart,0.00%,Feb 2024,15–20%
2/5/2024,Vitamin C,Vitamin,153.00,$23.10,"$3,534.30",23.00%,4.00,UK,Amazon,2.61%,Feb 2024,20–25%
2/5/2024,Fish Oil,Omega,141.00,$21.94,"$3,093.54",18.00%,2.00,UK,iHerb,1.42%,Feb 2024,15–20%
2/5/2024,Multivitamin,Vitamin,140.00,$50.61,"$7,085.40",9.00%,0.00,Canada,Walmart,0.00%,Feb 2024,5–10%
2/5/2024,Pre-Workout,Performance,130.00,$58.90,"$7,657.00",21.00%,1.00,UK,Walmart,0.77%,Feb 2024,20–25%
2/5/2024,BCAA,Amino Acid,151.00,$18.15,"$2,740.65",12.00%,1.00,UK,Amazon,0.66%,Feb 2024,10–15%
2/5/2024,Creatine,Performance,151.00,$40.19,"$6,068.69",15.00%,0.00,Canada,Amazon,0.00%,Feb 2024,10–15%
2/5/2024,Zinc,Mineral,166.00,$35.11,"$5,828.26",13.00%,1.00,USA,Walmart,0.60%,Feb 2024,10–15%
2/5/2024,Collagen Peptides,Protein,157.00,$18.19,"$2,855.83",2.00%,2.00,Canada,Amazon,1.27%,Feb 2024,0–5%
2/5/2024,Magnesium,Mineral,141.00,$44.79,"$6,315.39",8.00%,2.00,Canada,iHerb,1.42%,Feb 2024,5–10%
2/5/2024,Ashwagandha,Herbal,152.00,$48.16,"$7,320.32",22.00%,0.00,UK,iHerb,0.00%,Feb 2024,20–25%
2/5/2024,Melatonin,Sleep Aid,140.00,$32.10,"$4,494.00",22.00%,1.00,Canada,Walmart,0.71%,Feb 2024,20–25%
2/5/2024,Biotin,Vitamin,165.00,$26.98,"$4,451.70",22.00%,1.00,Canada,Walmart,0.61%,Feb 2024,20–25%
2/5/2024,Green Tea Extract,Fat Burner,161.00,$57.44,"$9,247.84",14.00%,2.00,Canada,Walmart,1.24%,Feb 2024,10–15%
2/5/2024,Iron Supplement,Mineral,130.00,$55.05,"$7,156.50",22.00%,0.00,Canada,Amazon,0.00%,Feb 2024,20–25%
2/5/2024,Electrolyte Powder,Hydration,143.00,$18.61,"$2,661.23",18.00%,0.00,USA,iHerb,0.00%,Feb 2024,15–20%
2/12/2024,Whey Protein,Protein,144.00,$34.10,"$4,910.40",18.00%,4.00,USA,iHerb,2.78%,Feb 2024,15–20%
2/12/2024,Vitamin C,Vitamin,133.00,$21.52,"$2,862.16",10.00%,0.00,UK,iHerb,0.00%,Feb 2024,5–10%
2/12/2024,Fish Oil,Omega,134.00,$27.10,"$3,631.40",22.00%,2.00,Canada,Walmart,1.49%,Feb 2024,20–25%
2/12/2024,Multivitamin,Vitamin,140.00,$25.99,"$3,638.60",8.00%,2.00,UK,Amazon,1.43%,Feb 2024,5–10%
2/12/2024,Pre-Workout,Performance,151.00,$17.45,"$2,634.95",1.00%,0.00,USA,Amazon,0.00%,Feb 2024,0–5%
2/12/2024,BCAA,Amino Acid,132.00,$15.62,"$2,061.84",18.00%,1.00,UK,Walmart,0.76%,Feb 2024,15–20%
2/12/2024,Creatine,Performance,128.00,$38.98,"$4,989.44",6.00%,3.00,Canada,Amazon,2.34%,Feb 2024,5–10%
2/12/2024,Zinc,Mineral,121.00,$47.60,"$5,759.60",18.00%,0.00,Canada,iHerb,0.00%,Feb 2024,15–20%
2/12/2024,Collagen Peptides,Protein,126.00,$25.68,"$3,235.68",5.00%,1.00,Canada,Walmart,0.79%,Feb 2024,0–5%
2/12/2024,Magnesium,Mineral,170.00,$48.29,"$8,209.30",14.00%,1.00,UK,Walmart,0.59%,Feb 2024,10–15%
2/12/2024,Ashwagandha,Herbal,140.00,$55.64,"$7,789.60",17.00%,1.00,USA,iHerb,0.71%,Feb 2024,15–20%
2/12/2024,Melatonin,Sleep Aid,153.00,$48.65,"$7,443.45",23.00%,1.00,USA,iHerb,0.65%,Feb 2024,20–25%
2/12/2024,Biotin,Vitamin,142.00,$30.79,"$4,372.18",15.00%,1.00,Canada,Amazon,0.70%,Feb 2024,10–15%
2/12/2024,Green Tea Extract,Fat Burner,136.00,$44.55,"$6,058.80",20.00%,1.00,UK,iHerb,0.74%,Feb 2024,15–20%
2/12/2024,Iron Supplement,Mineral,136.00,$49.31,"$6,706.16",10.00%,2.00,USA,Walmart,1.47%,Feb 2024,5–10%
2/12/2024,Electrolyte Powder,Hydration,150.00,$49.81,"$7,471.50",2.00%,1.00,Canada,iHerb,0.67%,Feb 2024,0–5%
2/19/2024,Whey Protein,Protein,139.00,$35.15,"$4,885.85",12.00%,2.00,UK,Amazon,1.44%,Feb 2024,10–15%
2/19/2024,Vitamin C,Vitamin,159.00,$30.48,"$4,846.32",16.00%,2.00,UK,Walmart,1.26%,Feb 2024,15–20%
2/19/2024,Fish Oil,Omega,147.00,$57.36,"$8,431.92",5.00%,3.00,UK,Amazon,2.04%,Feb 2024,0–5%
2/19/2024,Multivitamin,Vitamin,123.00,$24.41,"$3,002.43",16.00%,0.00,USA,iHerb,0.00%,Feb 2024,15–20%
2/19/2024,Pre-Workout,Performance,167.00,$42.60,"$7,114.20",11.00%,4.00,USA,Amazon,2.40%,Feb 2024,10–15%
2/19/2024,BCAA,Amino Acid,163.00,$45.09,"$7,349.67",14.00%,2.00,Canada,iHerb,1.23%,Feb 2024,10–15%
2/19/2024,Creatine,Performance,144.00,$13.91,"$2,003.04",9.00%,2.00,Canada,Walmart,1.39%,Feb 2024,5–10%
2/19/2024,Zinc,Mineral,152.00,$19.29,"$2,932.08",17.00%,0.00,USA,Amazon,0.00%,Feb 2024,15–20%
2/19/2024,Collagen Peptides,Protein,142.00,$25.52,"$3,623.84",1.00%,3.00,USA,iHerb,2.11%,Feb 2024,0–5%
2/19/2024,Magnesium,Mineral,143.00,$13.74,"$1,964.82",6.00%,0.00,Canada,Amazon,0.00%,Feb 2024,5–10%
2/19/2024,Ashwagandha,Herbal,160.00,$50.23,"$8,036.80",4.00%,1.00,USA,Walmart,0.63%,Feb 2024,0–5%
2/19/2024,Melatonin,Sleep Aid,157.00,$40.06,"$6,289.42",23.00%,1.00,Canada,iHerb,0.64%,Feb 2024,20–25%
2/19/2024,Biotin,Vitamin,150.00,$13.89,"$2,083.50",1.00%,1.00,UK,Walmart,0.67%,Feb 2024,0–5%
2/19/2024,Green Tea Extract,Fat Burner,155.00,$19.51,"$3,024.05",11.00%,2.00,USA,Amazon,1.29%,Feb 2024,10–15%
2/19/2024,Iron Supplement,Mineral,140.00,$40.68,"$5,695.20",24.00%,2.00,Canada,iHerb,1.43%,Feb 2024,20–25%
2/19/2024,Electrolyte Powder,Hydration,161.00,$23.61,"$3,801.21",11.00%,3.00,USA,Amazon,1.86%,Feb 2024,10–15%
2/26/2024,Whey Protein,Protein,148.00,$59.44,"$8,797.12",2.00%,0.00,USA,iHerb,0.00%,Feb 2024,0–5%
2/26/2024,Vitamin C,Vitamin,135.00,$16.55,"$2,234.25",22.00%,0.00,USA,Walmart,0.00%,Feb 2024,20–25%
2/26/2024,Fish Oil,Omega,143.00,$56.58,"$8,090.94",17.00%,3.00,USA,Walmart,2.10%,Feb 2024,15–20%
2/26/2024,Multivitamin,Vitamin,140.00,$21.15,"$2,961.00",18.00%,0.00,Canada,Amazon,0.00%,Feb 2024,15–20%
2/26/2024,Pre-Workout,Performance,123.00,$42.10,"$5,178.30",17.00%,1.00,UK,Amazon,0.81%,Feb 2024,15–20%
2/26/2024,BCAA,Amino Acid,162.00,$15.27,"$2,473.74",20.00%,4.00,USA,iHerb,2.47%,Feb 2024,15–20%
2/26/2024,Creatine,Performance,125.00,$34.38,"$4,297.50",4.00%,2.00,UK,Amazon,1.60%,Feb 2024,0–5%
2/26/2024,Zinc,Mineral,142.00,$43.55,"$6,184.10",15.00%,0.00,Canada,Amazon,0.00%,Feb 2024,10–15%
2/26/2024,Collagen Peptides,Protein,139.00,$22.04,"$3,063.56",9.00%,2.00,USA,Walmart,1.44%,Feb 2024,5–10%
2/26/2024,Magnesium,Mineral,145.00,$31.97,"$4,635.65",20.00%,4.00,UK,Amazon,2.76%,Feb 2024,15–20%
2/26/2024,Ashwagandha,Herbal,140.00,$41.09,"$5,752.60",20.00%,2.00,Canada,Amazon,1.43%,Feb 2024,15–20%
2/26/2024,Melatonin,Sleep Aid,147.00,$13.50,"$1,984.50",13.00%,5.00,USA,Walmart,3.40%,Feb 2024,10–15%
2/26/2024,Biotin,Vitamin,159.00,$51.36,"$8,166.24",19.00%,1.00,USA,iHerb,0.63%,Feb 2024,15–20%
2/26/2024,Green Tea Extract,Fat Burner,166.00,$24.76,"$4,110.16",7.00%,3.00,Canada,iHerb,1.81%,Feb 2024,5–10%
2/26/2024,Iron Supplement,Mineral,174.00,$40.28,"$7,008.72",6.00%,2.00,USA,Walmart,1.15%,Feb 2024,5–10%
2/26/2024,Electrolyte Powder,Hydration,140.00,$29.35,"$4,109.00",21.00%,1.00,UK,Walmart,0.71%,Feb 2024,20–25%
3/4/2024,Whey Protein,Protein,163.00,$32.01,"$5,217.63",15.00%,0.00,Canada,iHerb,0.00%,Mar 2024,10–15%
3/4/2024,Vitamin C,Vitamin,177.00,$35.39,"$6,264.03",21.00%,3.00,Canada,Walmart,1.69%,Mar 2024,20–25%
3/4/2024,Fish Oil,Omega,151.00,$13.24,"$1,999.24",3.00%,2.00,USA,Amazon,1.32%,Mar 2024,0–5%
3/4/2024,Multivitamin,Vitamin,145.00,$26.40,"$3,828.00",10.00%,3.00,UK,Amazon,2.07%,Mar 2024,5–10%
3/4/2024,Pre-Workout,Performance,161.00,$23.22,"$3,738.42",8.00%,3.00,Canada,iHerb,1.86%,Mar 2024,5–10%
3/4/2024,BCAA,Amino Acid,169.00,$21.34,"$3,606.46",5.00%,3.00,Canada,iHerb,1.78%,Mar 2024,0–5%
3/4/2024,Creatine,Performance,168.00,$31.03,"$5,213.04",21.00%,3.00,Canada,Amazon,1.79%,Mar 2024,20–25%
3/4/2024,Zinc,Mineral,162.00,$55.58,"$9,003.96",8.00%,0.00,USA,Walmart,0.00%,Mar 2024,5–10%
3/4/2024,Collagen Peptides,Protein,158.00,$52.73,"$8,331.34",2.00%,3.00,UK,iHerb,1.90%,Mar 2024,0–5%
3/4/2024,Magnesium,Mineral,142.00,$12.01,"$1,705.42",15.00%,2.00,USA,Amazon,1.41%,Mar 2024,10–15%
3/4/2024,Ashwagandha,Herbal,145.00,$36.88,"$5,347.60",21.00%,1.00,Canada,iHerb,0.69%,Mar 2024,20–25%
3/4/2024,Melatonin,Sleep Aid,141.00,$57.46,"$8,101.86",9.00%,0.00,Canada,iHerb,0.00%,Mar 2024,5–10%
3/4/2024,Biotin,Vitamin,161.00,$16.43,"$2,645.23",25.00%,2.00,USA,Walmart,1.24%,Mar 2024,20–25%
3/4/2024,Green Tea Extract,Fat Burner,150.00,$54.93,"$8,239.50",6.00%,1.00,Canada,iHerb,0.67%,Mar 2024,5–10%
3/4/2024,Iron Supplement,Mineral,133.00,$39.78,"$5,290.74",15.00%,0.00,Canada,Amazon,0.00%,Mar 2024,10–15%
3/4/2024,Electrolyte Powder,Hydration,155.00,$27.89,"$4,322.95",20.00%,1.00,USA,Amazon,0.65%,Mar 2024,15–20%
3/11/2024,Whey Protein,Protein,160.00,$37.56,"$6,009.60",24.00%,5.00,USA,Walmart,3.13%,Mar 2024,20–25%
3/11/2024,Vitamin C,Vitamin,142.00,$13.15,"$1,867.30",22.00%,1.00,UK,Walmart,0.70%,Mar 2024,20–25%
3/11/2024,Fish Oil,Omega,146.00,$57.34,"$8,371.64",13.00%,1.00,USA,Walmart,0.68%,Mar 2024,10–15%
3/11/2024,Multivitamin,Vitamin,145.00,$40.09,"$5,813.05",23.00%,3.00,USA,Amazon,2.07%,Mar 2024,20–25%
3/11/2024,Pre-Workout,Performance,149.00,$31.16,"$4,642.84",6.00%,5.00,Canada,iHerb,3.36%,Mar 2024,5–10%
3/11/2024,BCAA,Amino Acid,143.00,$59.48,"$8,505.64",3.00%,2.00,USA,Amazon,1.40%,Mar 2024,0–5%
3/11/2024,Creatine,Performance,174.00,$10.13,"$1,762.62",9.00%,0.00,USA,Walmart,0.00%,Mar 2024,5–10%
3/11/2024,Zinc,Mineral,147.00,$31.94,"$4,695.18",11.00%,1.00,UK,Walmart,0.68%,Mar 2024,10–15%
3/11/2024,Collagen Peptides,Protein,153.00,$25.42,"$3,889.26",21.00%,2.00,Canada,iHerb,1.31%,Mar 2024,20–25%
3/11/2024,Magnesium,Mineral,143.00,$28.06,"$4,012.58",16.00%,0.00,UK,iHerb,0.00%,Mar 2024,15–20%
3/11/2024,Ashwagandha,Herbal,171.00,$56.00,"$9,576.00",1.00%,1.00,UK,iHerb,0.58%,Mar 2024,0–5%
3/11/2024,Melatonin,Sleep Aid,165.00,$31.81,"$5,248.65",3.00%,1.00,Canada,iHerb,0.61%,Mar 2024,0–5%
3/11/2024,Biotin,Vitamin,164.00,$46.84,"$7,681.76",9.00%,4.00,UK,Walmart,2.44%,Mar 2024,5–10%
3/11/2024,Green Tea Extract,Fat Burner,158.00,$31.32,"$4,948.56",23.00%,2.00,USA,Amazon,1.27%,Mar 2024,20–25%
3/11/2024,Iron Supplement,Mineral,158.00,$21.18,"$3,346.44",18.00%,2.00,Canada,Walmart,1.27%,Mar 2024,15–20%
3/11/2024,Electrolyte Powder,Hydration,150.00,$20.41,"$3,061.50",20.00%,4.00,USA,Walmart,2.67%,Mar 2024,15–20%
3/18/2024,Whey Protein,Protein,168.00,$30.30,"$5,090.40",20.00%,2.00,USA,Walmart,1.19%,Mar 2024,15–20%
3/18/2024,Vitamin C,Vitamin,152.00,$36.80,"$5,593.60",13.00%,0.00,USA,Amazon,0.00%,Mar 2024,10–15%
3/18/2024,Fish Oil,Omega,127.00,$55.66,"$7,068.82",10.00%,1.00,Canada,iHerb,0.79%,Mar 2024,5–10%
3/18/2024,Multivitamin,Vitamin,164.00,$40.48,"$6,638.72",7.00%,3.00,UK,iHerb,1.83%,Mar 2024,5–10%
3/18/2024,Pre-Workout,Performance,136.00,$19.58,"$2,662.88",7.00%,1.00,USA,Walmart,0.74%,Mar 2024,5–10%
3/18/2024,BCAA,Amino Acid,156.00,$43.83,"$6,837.48",2.00%,0.00,UK,iHerb,0.00%,Mar 2024,0–5%
3/18/2024,Creatine,Performance,150.00,$52.98,"$7,947.00",24.00%,2.00,UK,Amazon,1.33%,Mar 2024,20–25%
3/18/2024,Zinc,Mineral,156.00,$41.14,"$6,417.84",4.00%,2.00,UK,iHerb,1.28%,Mar 2024,0–5%
3/18/2024,Collagen Peptides,Protein,146.00,$36.18,"$5,282.28",3.00%,1.00,USA,Amazon,0.68%,Mar 2024,0–5%
3/18/2024,Magnesium,Mineral,133.00,$54.56,"$7,256.48",12.00%,0.00,UK,iHerb,0.00%,Mar 2024,10–15%
3/18/2024,Ashwagandha,Herbal,146.00,$20.01,"$2,921.46",1.00%,1.00,UK,Amazon,0.68%,Mar 2024,0–5%
3/18/2024,Melatonin,Sleep Aid,162.00,$40.32,"$6,531.84",5.00%,1.00,USA,Amazon,0.62%,Mar 2024,0–5%
3/18/2024,Biotin,Vitamin,164.00,$52.90,"$8,675.60",12.00%,3.00,Canada,Walmart,1.83%,Mar 2024,10–15%
3/18/2024,Green Tea Extract,Fat Burner,143.00,$47.58,"$6,803.94",20.00%,0.00,Canada,Amazon,0.00%,Mar 2024,15–20%
3/18/2024,Iron Supplement,Mineral,191.00,$13.43,"$2,565.13",15.00%,3.00,Canada,Amazon,1.57%,Mar 2024,10–15%
3/18/2024,Electrolyte Powder,Hydration,182.00,$11.26,"$2,049.32",15.00%,1.00,UK,Amazon,0.55%,Mar 2024,10–15%
3/25/2024,Whey Protein,Protein,148.00,$13.23,"$1,958.04",12.00%,1.00,UK,iHerb,0.68%,Mar 2024,10–15%
3/25/2024,Vitamin C,Vitamin,158.00,$19.26,"$3,043.08",5.00%,1.00,Canada,Walmart,0.63%,Mar 2024,0–5%
3/25/2024,Fish Oil,Omega,137.00,$59.72,"$8,181.64",16.00%,2.00,UK,iHerb,1.46%,Mar 2024,15–20%
3/25/2024,Multivitamin,Vitamin,147.00,$55.55,"$8,165.85",24.00%,1.00,Canada,iHerb,0.68%,Mar 2024,20–25%
3/25/2024,Pre-Workout,Performance,142.00,$16.62,"$2,360.04",19.00%,2.00,UK,iHerb,1.41%,Mar 2024,15–20%
3/25/2024,BCAA,Amino Acid,150.00,$39.10,"$5,865.00",10.00%,0.00,Canada,Walmart,0.00%,Mar 2024,5–10%
3/25/2024,Creatine,Performance,147.00,$13.55,"$1,991.85",8.00%,0.00,USA,iHerb,0.00%,Mar 2024,5–10%
3/25/2024,Zinc,Mineral,159.00,$13.13,"$2,087.67",24.00%,0.00,Canada,Amazon,0.00%,Mar 2024,20–25%
3/25/2024,Collagen Peptides,Protein,153.00,$49.39,"$7,556.67",1.00%,3.00,USA,iHerb,1.96%,Mar 2024,0–5%
3/25/2024,Magnesium,Mineral,171.00,$34.10,"$5,831.10",1.00%,2.00,Canada,Amazon,1.17%,Mar 2024,0–5%
3/25/2024,Ashwagandha,Herbal,147.00,$30.19,"$4,437.93",17.00%,0.00,UK,Walmart,0.00%,Mar 2024,15–20%
3/25/2024,Melatonin,Sleep Aid,134.00,$12.28,"$1,645.52",14.00%,2.00,Canada,iHerb,1.49%,Mar 2024,10–15%
3/25/2024,Biotin,Vitamin,154.00,$44.03,"$6,780.62",8.00%,1.00,UK,Walmart,0.65%,Mar 2024,5–10%
3/25/2024,Green Tea Extract,Fat Burner,143.00,$18.08,"$2,585.44",0.00%,2.00,USA,Walmart,1.40%,Mar 2024,0–5%
3/25/2024,Iron Supplement,Mineral,175.00,$49.15,"$8,601.25",17.00%,2.00,Canada,Walmart,1.14%,Mar 2024,15–20%
3/25/2024,Electrolyte Powder,Hydration,158.00,$21.24,"$3,355.92",8.00%,1.00,Canada,Amazon,0.63%,Mar 2024,5–10%
4/1/2024,Whey Protein,Protein,148.00,$27.26,"$4,034.48",9.00%,3.00,USA,Amazon,2.03%,Apr 2024,5–10%
4/1/2024,Vitamin C,Vitamin,150.00,$53.04,"$7,956.00",12.00%,2.00,USA,Amazon,1.33%,Apr 2024,10–15%
4/1/2024,Fish Oil,Omega,130.00,$30.22,"$3,928.60",12.00%,4.00,USA,Walmart,3.08%,Apr 2024,10–15%
4/1/2024,Multivitamin,Vitamin,157.00,$45.08,"$7,077.56",0.00%,0.00,Canada,Amazon,0.00%,Apr 2024,0–5%
4/1/2024,Pre-Workout,Performance,163.00,$28.21,"$4,598.23",13.00%,3.00,UK,Walmart,1.84%,Apr 2024,10–15%
4/1/2024,BCAA,Amino Acid,155.00,$16.02,"$2,483.10",7.00%,4.00,UK,Amazon,2.58%,Apr 2024,5–10%
4/1/2024,Creatine,Performance,148.00,$34.93,"$5,169.64",22.00%,2.00,Canada,Amazon,1.35%,Apr 2024,20–25%
4/1/2024,Zinc,Mineral,157.00,$11.45,"$1,797.65",23.00%,4.00,Canada,Walmart,2.55%,Apr 2024,20–25%
4/1/2024,Collagen Peptides,Protein,162.00,$52.23,"$8,461.26",15.00%,0.00,USA,Walmart,0.00%,Apr 2024,10–15%
4/1/2024,Magnesium,Mineral,146.00,$27.56,"$4,023.76",22.00%,0.00,USA,Walmart,0.00%,Apr 2024,20–25%
4/1/2024,Ashwagandha,Herbal,144.00,$12.58,"$1,811.52",3.00%,0.00,UK,Walmart,0.00%,Apr 2024,0–5%
4/1/2024,Melatonin,Sleep Aid,164.00,$24.94,"$4,090.16",0.00%,2.00,USA,Amazon,1.22%,Apr 2024,0–5%
4/1/2024,Biotin,Vitamin,154.00,$28.72,"$4,422.88",5.00%,2.00,USA,Walmart,1.30%,Apr 2024,0–5%
4/1/2024,Green Tea Extract,Fat Burner,162.00,$34.34,"$5,563.08",6.00%,0.00,UK,Amazon,0.00%,Apr 2024,5–10%
4/1/2024,Iron Supplement,Mineral,159.00,$20.81,"$3,308.79",8.00%,4.00,UK,iHerb,2.52%,Apr 2024,5–10%
4/1/2024,Electrolyte Powder,Hydration,164.00,$33.00,"$5,412.00",16.00%,1.00,UK,Walmart,0.61%,Apr 2024,15–20%
4/8/2024,Whey Protein,Protein,128.00,$39.70,"$5,081.60",7.00%,2.00,Canada,iHerb,1.56%,Apr 2024,5–10%
4/8/2024,Vitamin C,Vitamin,135.00,$16.25,"$2,193.75",10.00%,0.00,USA,Walmart,0.00%,Apr 2024,5–10%
4/8/2024,Fish Oil,Omega,141.00,$33.91,"$4,781.31",14.00%,1.00,USA,iHerb,0.71%,Apr 2024,10–15%
4/8/2024,Multivitamin,Vitamin,151.00,$25.81,"$3,897.31",21.00%,1.00,USA,Amazon,0.66%,Apr 2024,20–25%
4/8/2024,Pre-Workout,Performance,144.00,$52.26,"$7,525.44",25.00%,2.00,USA,Amazon,1.39%,Apr 2024,20–25%
4/8/2024,BCAA,Amino Acid,146.00,$43.17,"$6,302.82",25.00%,2.00,Canada,Amazon,1.37%,Apr 2024,20–25%
4/8/2024,Creatine,Performance,167.00,$30.35,"$5,068.45",23.00%,2.00,UK,Walmart,1.20%,Apr 2024,20–25%
4/8/2024,Zinc,Mineral,148.00,$55.03,"$8,144.44",14.00%,1.00,Canada,Amazon,0.68%,Apr 2024,10–15%
4/8/2024,Collagen Peptides,Protein,148.00,$14.84,"$2,196.32",19.00%,0.00,Canada,iHerb,0.00%,Apr 2024,15–20%
4/8/2024,Magnesium,Mineral,147.00,$33.38,"$4,906.86",21.00%,1.00,Canada,Amazon,0.68%,Apr 2024,20–25%
4/8/2024,Ashwagandha,Herbal,180.00,$11.91,"$2,143.80",22.00%,3.00,Canada,Walmart,1.67%,Apr 2024,20–25%
4/8/2024,Melatonin,Sleep Aid,150.00,$35.25,"$5,287.50",12.00%,1.00,UK,iHerb,0.67%,Apr 2024,10–15%
4/8/2024,Biotin,Vitamin,144.00,$32.63,"$4,698.72",1.00%,1.00,UK,Amazon,0.69%,Apr 2024,0–5%
4/8/2024,Green Tea Extract,Fat Burner,139.00,$39.94,"$5,551.66",19.00%,4.00,UK,iHerb,2.88%,Apr 2024,15–20%
4/8/2024,Iron Supplement,Mineral,143.00,$30.17,"$4,314.31",12.00%,3.00,Canada,Amazon,2.10%,Apr 2024,10–15%
4/8/2024,Electrolyte Powder,Hydration,152.00,$47.13,"$7,163.76",13.00%,0.00,USA,Walmart,0.00%,Apr 2024,10–15%
4/15/2024,Whey Protein,Protein,153.00,$52.13,"$7,975.89",15.00%,1.00,Canada,Walmart,0.65%,Apr 2024,10–15%
4/15/2024,Vitamin C,Vitamin,130.00,$47.60,"$6,188.00",9.00%,0.00,Canada,iHerb,0.00%,Apr 2024,5–10%
4/15/2024,Fish Oil,Omega,173.00,$41.91,"$7,250.43",3.00%,0.00,USA,Amazon,0.00%,Apr 2024,0–5%
4/15/2024,Multivitamin,Vitamin,132.00,$15.78,"$2,082.96",21.00%,5.00,UK,Amazon,3.79%,Apr 2024,20–25%
4/15/2024,Pre-Workout,Performance,145.00,$45.58,"$6,609.10",23.00%,3.00,UK,Walmart,2.07%,Apr 2024,20–25%
4/15/2024,BCAA,Amino Acid,125.00,$47.73,"$5,966.25",17.00%,0.00,USA,Walmart,0.00%,Apr 2024,15–20%
4/15/2024,Creatine,Performance,150.00,$20.94,"$3,141.00",22.00%,0.00,UK,Walmart,0.00%,Apr 2024,20–25%
4/15/2024,Zinc,Mineral,161.00,$25.76,"$4,147.36",18.00%,3.00,USA,iHerb,1.86%,Apr 2024,15–20%
4/15/2024,Collagen Peptides,Protein,173.00,$44.30,"$7,663.90",15.00%,2.00,USA,iHerb,1.16%,Apr 2024,10–15%
4/15/2024,Magnesium,Mineral,168.00,$24.11,"$4,050.48",13.00%,0.00,USA,iHerb,0.00%,Apr 2024,10–15%
4/15/2024,Ashwagandha,Herbal,169.00,$33.89,"$5,727.41",20.00%,1.00,Canada,iHerb,0.59%,Apr 2024,15–20%
4/15/2024,Melatonin,Sleep Aid,152.00,$28.29,"$4,300.08",3.00%,2.00,USA,iHerb,1.32%,Apr 2024,0–5%
4/15/2024,Biotin,Vitamin,149.00,$33.39,"$4,975.11",5.00%,3.00,USA,Walmart,2.01%,Apr 2024,0–5%
4/15/2024,Green Tea Extract,Fat Burner,150.00,$25.13,"$3,769.50",24.00%,1.00,USA,Walmart,0.67%,Apr 2024,20–25%
4/15/2024,Iron Supplement,Mineral,167.00,$59.52,"$9,939.84",18.00%,1.00,Canada,Amazon,0.60%,Apr 2024,15–20%
4/15/2024,Electrolyte Powder,Hydration,147.00,$27.20,"$3,998.40",19.00%,2.00,Canada,iHerb,1.36%,Apr 2024,15–20%
4/22/2024,Whey Protein,Protein,162.00,$36.63,"$5,934.06",6.00%,1.00,Canada,Walmart,0.62%,Apr 2024,5–10%
4/22/2024,Vitamin C,Vitamin,154.00,$58.47,"$9,004.38",23.00%,1.00,USA,iHerb,0.65%,Apr 2024,20–25%
4/22/2024,Fish Oil,Omega,150.00,$54.11,"$8,116.50",17.00%,1.00,Canada,Walmart,0.67%,Apr 2024,15–20%
4/22/2024,Multivitamin,Vitamin,148.00,$57.97,"$8,579.56",4.00%,0.00,UK,Amazon,0.00%,Apr 2024,0–5%
4/22/2024,Pre-Workout,Performance,166.00,$42.99,"$7,136.34",14.00%,0.00,UK,Amazon,0.00%,Apr 2024,10–15%
4/22/2024,BCAA,Amino Acid,153.00,$26.25,"$4,016.25",23.00%,1.00,USA,Amazon,0.65%,Apr 2024,20–25%
4/22/2024,Creatine,Performance,175.00,$25.73,"$4,502.75",16.00%,3.00,Canada,iHerb,1.71%,Apr 2024,15–20%
4/22/2024,Zinc,Mineral,150.00,$12.01,"$1,801.50",23.00%,0.00,Canada,iHerb,0.00%,Apr 2024,20–25%
4/22/2024,Collagen Peptides,Protein,167.00,$51.64,"$8,623.88",17.00%,0.00,UK,iHerb,0.00%,Apr 2024,15–20%
4/22/2024,Magnesium,Mineral,171.00,$22.21,"$3,797.91",20.00%,0.00,USA,iHerb,0.00%,Apr 2024,15–20%
4/22/2024,Ashwagandha,Herbal,139.00,$51.52,"$7,161.28",4.00%,1.00,USA,iHerb,0.72%,Apr 2024,0–5%
4/22/2024,Melatonin,Sleep Aid,158.00,$56.78,"$8,971.24",20.00%,2.00,UK,Walmart,1.27%,Apr 2024,15–20%
4/22/2024,Biotin,Vitamin,148.00,$45.49,"$6,732.52",25.00%,2.00,USA,iHerb,1.35%,Apr 2024,20–25%
4/22/2024,Green Tea Extract,Fat Burner,154.00,$45.99,"$7,082.46",14.00%,1.00,Canada,Amazon,0.65%,Apr 2024,10–15%
4/22/2024,Iron Supplement,Mineral,175.00,$21.84,"$3,822.00",8.00%,4.00,USA,Amazon,2.29%,Apr 2024,5–10%
4/22/2024,Electrolyte Powder,Hydration,167.00,$11.92,"$1,990.64",1.00%,1.00,UK,Walmart,0.60%,Apr 2024,0–5%
4/29/2024,Whey Protein,Protein,155.00,$41.69,"$6,461.95",18.00%,0.00,USA,Walmart,0.00%,Apr 2024,15–20%
4/29/2024,Vitamin C,Vitamin,132.00,$17.74,"$2,341.68",2.00%,2.00,USA,Walmart,1.52%,Apr 2024,0–5%
4/29/2024,Fish Oil,Omega,162.00,$50.85,"$8,237.70",17.00%,2.00,Canada,Walmart,1.23%,Apr 2024,15–20%
4/29/2024,Multivitamin,Vitamin,137.00,$24.45,"$3,349.65",24.00%,5.00,Canada,Amazon,3.65%,Apr 2024,20–25%
4/29/2024,Pre-Workout,Performance,161.00,$36.00,"$5,796.00",24.00%,2.00,UK,iHerb,1.24%,Apr 2024,20–25%
4/29/2024,BCAA,Amino Acid,176.00,$26.69,"$4,697.44",21.00%,0.00,Canada,Amazon,0.00%,Apr 2024,20–25%
4/29/2024,Creatine,Performance,176.00,$56.32,"$9,912.32",8.00%,2.00,UK,Walmart,1.14%,Apr 2024,5–10%
4/29/2024,Zinc,Mineral,149.00,$35.22,"$5,247.78",24.00%,2.00,Canada,Walmart,1.34%,Apr 2024,20–25%
4/29/2024,Collagen Peptides,Protein,141.00,$24.70,"$3,482.70",9.00%,0.00,Canada,Amazon,0.00%,Apr 2024,5–10%
4/29/2024,Magnesium,Mineral,169.00,$22.95,"$3,878.55",23.00%,3.00,USA,Amazon,1.78%,Apr 2024,20–25%
4/29/2024,Ashwagandha,Herbal,135.00,$55.65,"$7,512.75",2.00%,2.00,USA,iHerb,1.48%,Apr 2024,0–5%
4/29/2024,Melatonin,Sleep Aid,152.00,$34.64,"$5,265.28",17.00%,0.00,USA,iHerb,0.00%,Apr 2024,15–20%
4/29/2024,Biotin,Vitamin,160.00,$32.76,"$5,241.60",4.00%,3.00,USA,Amazon,1.88%,Apr 2024,0–5%
4/29/2024,Green Tea Extract,Fat Burner,143.00,$31.44,"$4,495.92",19.00%,1.00,USA,Amazon,0.70%,Apr 2024,15–20%
4/29/2024,Iron Supplement,Mineral,161.00,$19.58,"$3,152.38",14.00%,4.00,UK,Walmart,2.48%,Apr 2024,10–15%
4/29/2024,Electrolyte Powder,Hydration,128.00,$17.83,"$2,282.24",16.00%,1.00,Canada,iHerb,0.78%,Apr 2024,15–20%
5/6/2024,Whey Protein,Protein,163.00,$19.82,"$3,230.66",8.00%,2.00,USA,Walmart,1.23%,May 2024,5–10%
5/6/2024,Vitamin C,Vitamin,157.00,$57.19,"$8,978.83",9.00%,2.00,USA,Amazon,1.27%,May 2024,5–10%
5/6/2024,Fish Oil,Omega,151.00,$52.31,"$7,898.81",20.00%,1.00,Canada,iHerb,0.66%,May 2024,15–20%
5/6/2024,Multivitamin,Vitamin,153.00,$44.49,"$6,806.97",8.00%,3.00,Canada,Walmart,1.96%,May 2024,5–10%
5/6/2024,Pre-Workout,Performance,139.00,$23.43,"$3,256.77",5.00%,1.00,Canada,Amazon,0.72%,May 2024,0–5%
5/6/2024,BCAA,Amino Acid,138.00,$22.07,"$3,045.66",18.00%,1.00,Canada,iHerb,0.72%,May 2024,15–20%
5/6/2024,Creatine,Performance,166.00,$29.32,"$4,867.12",19.00%,4.00,UK,iHerb,2.41%,May 2024,15–20%
5/6/2024,Zinc,Mineral,139.00,$33.32,"$4,631.48",14.00%,1.00,UK,iHerb,0.72%,May 2024,10–15%
5/6/2024,Collagen Peptides,Protein,164.00,$31.91,"$5,233.24",12.00%,1.00,USA,Amazon,0.61%,May 2024,10–15%
5/6/2024,Magnesium,Mineral,146.00,$39.01,"$5,695.46",16.00%,1.00,UK,Walmart,0.68%,May 2024,15–20%
5/6/2024,Ashwagandha,Herbal,143.00,$16.64,"$2,379.52",6.00%,0.00,UK,Walmart,0.00%,May 2024,5–10%
5/6/2024,Melatonin,Sleep Aid,128.00,$10.98,"$1,405.44",6.00%,2.00,USA,Walmart,1.56%,May 2024,5–10%
5/6/2024,Biotin,Vitamin,125.00,$55.66,"$6,957.50",20.00%,1.00,USA,Amazon,0.80%,May 2024,15–20%
5/6/2024,Green Tea Extract,Fat Burner,172.00,$13.63,"$2,344.36",25.00%,3.00,Canada,Amazon,1.74%,May 2024,20–25%
5/6/2024,Iron Supplement,Mineral,149.00,$43.56,"$6,490.44",5.00%,0.00,Canada,iHerb,0.00%,May 2024,0–5%
5/6/2024,Electrolyte Powder,Hydration,149.00,$10.50,"$1,564.50",20.00%,0.00,USA,Walmart,0.00%,May 2024,15–20%
5/13/2024,Whey Protein,Protein,149.00,$44.34,"$6,606.66",1.00%,1.00,Canada,iHerb,0.67%,May 2024,0–5%
5/13/2024,Vitamin C,Vitamin,153.00,$16.75,"$2,562.75",17.00%,1.00,USA,Walmart,0.65%,May 2024,15–20%
5/13/2024,Fish Oil,Omega,136.00,$55.63,"$7,565.68",0.00%,2.00,USA,iHerb,1.47%,May 2024,0–5%
5/13/2024,Multivitamin,Vitamin,128.00,$17.53,"$2,243.84",11.00%,2.00,UK,Amazon,1.56%,May 2024,10–15%
5/13/2024,Pre-Workout,Performance,142.00,$30.56,"$4,339.52",6.00%,1.00,UK,iHerb,0.70%,May 2024,5–10%
5/13/2024,BCAA,Amino Acid,162.00,$52.33,"$8,477.46",8.00%,3.00,USA,Walmart,1.85%,May 2024,5–10%
5/13/2024,Creatine,Performance,139.00,$57.42,"$7,981.38",0.00%,1.00,Canada,iHerb,0.72%,May 2024,0–5%
5/13/2024,Zinc,Mineral,155.00,$18.80,"$2,914.00",24.00%,2.00,Canada,Amazon,1.29%,May 2024,20–25%
5/13/2024,Collagen Peptides,Protein,136.00,$49.16,"$6,685.76",2.00%,0.00,UK,Amazon,0.00%,May 2024,0–5%
5/13/2024,Magnesium,Mineral,153.00,$44.34,"$6,784.02",10.00%,2.00,USA,iHerb,1.31%,May 2024,5–10%
5/13/2024,Ashwagandha,Herbal,157.00,$44.31,"$6,956.67",17.00%,1.00,USA,Amazon,0.64%,May 2024,15–20%
5/13/2024,Melatonin,Sleep Aid,151.00,$45.01,"$6,796.51",25.00%,0.00,Canada,iHerb,0.00%,May 2024,20–25%
5/13/2024,Biotin,Vitamin,126.00,$47.15,"$5,940.90",3.00%,1.00,UK,iHerb,0.79%,May 2024,0–5%
5/13/2024,Green Tea Extract,Fat Burner,144.00,$20.78,"$2,992.32",22.00%,2.00,UK,Walmart,1.39%,May 2024,20–25%
5/13/2024,Iron Supplement,Mineral,176.00,$16.20,"$2,851.20",4.00%,5.00,Canada,Walmart,2.84%,May 2024,0–5%
5/13/2024,Electrolyte Powder,Hydration,158.00,$45.19,"$7,140.02",10.00%,1.00,UK,Amazon,0.63%,May 2024,5–10%
5/20/2024,Whey Protein,Protein,136.00,$13.19,"$1,793.84",7.00%,1.00,UK,iHerb,0.74%,May 2024,5–10%
5/20/2024,Vitamin C,Vitamin,136.00,$10.59,"$1,440.24",8.00%,3.00,UK,iHerb,2.21%,May 2024,5–10%
5/20/2024,Fish Oil,Omega,143.00,$33.66,"$4,813.38",14.00%,2.00,Canada,Amazon,1.40%,May 2024,10–15%
5/20/2024,Multivitamin,Vitamin,138.00,$47.88,"$6,607.44",18.00%,0.00,USA,Walmart,0.00%,May 2024,15–20%
5/20/2024,Pre-Workout,Performance,165.00,$20.66,"$3,408.90",2.00%,2.00,UK,iHerb,1.21%,May 2024,0–5%
5/20/2024,BCAA,Amino Acid,158.00,$11.41,"$1,802.78",10.00%,2.00,USA,iHerb,1.27%,May 2024,5–10%
5/20/2024,Creatine,Performance,158.00,$40.53,"$6,403.74",3.00%,2.00,Canada,iHerb,1.27%,May 2024,0–5%
5/20/2024,Zinc,Mineral,166.00,$47.54,"$7,891.64",21.00%,2.00,Canada,Amazon,1.20%,May 2024,20–25%
5/20/2024,Collagen Peptides,Protein,141.00,$32.54,"$4,588.14",3.00%,0.00,Canada,iHerb,0.00%,May 2024,0–5%
5/20/2024,Magnesium,Mineral,155.00,$14.72,"$2,281.60",19.00%,3.00,UK,iHerb,1.94%,May 2024,15–20%
5/20/2024,Ashwagandha,Herbal,158.00,$44.49,"$7,029.42",0.00%,1.00,Canada,Amazon,0.63%,May 2024,0–5%
5/20/2024,Melatonin,Sleep Aid,146.00,$29.52,"$4,309.92",0.00%,1.00,UK,Amazon,0.68%,May 2024,0–5%
5/20/2024,Biotin,Vitamin,150.00,$57.05,"$8,557.50",5.00%,0.00,USA,Amazon,0.00%,May 2024,0–5%
5/20/2024,Green Tea Extract,Fat Burner,136.00,$10.30,"$1,400.80",3.00%,1.00,UK,Amazon,0.74%,May 2024,0–5%
5/20/2024,Iron Supplement,Mineral,140.00,$27.99,"$3,918.60",7.00%,1.00,Canada,Walmart,0.71%,May 2024,5–10%
5/20/2024,Electrolyte Powder,Hydration,145.00,$53.84,"$7,806.80",10.00%,2.00,UK,Walmart,1.38%,May 2024,5–10%
5/27/2024,Whey Protein,Protein,130.00,$58.64,"$7,623.20",13.00%,1.00,Canada,Amazon,0.77%,May 2024,10–15%
5/27/2024,Vitamin C,Vitamin,138.00,$39.52,"$5,453.76",16.00%,0.00,Canada,iHerb,0.00%,May 2024,15–20%
5/27/2024,Fish Oil,Omega,152.00,$20.38,"$3,097.76",5.00%,1.00,USA,Amazon,0.66%,May 2024,0–5%
5/27/2024,Multivitamin,Vitamin,158.00,$52.29,"$8,261.82",7.00%,3.00,UK,Walmart,1.90%,May 2024,5–10%
5/27/2024,Pre-Workout,Performance,159.00,$14.76,"$2,346.84",6.00%,4.00,USA,Amazon,2.52%,May 2024,5–10%
5/27/2024,BCAA,Amino Acid,143.00,$19.48,"$2,785.64",20.00%,1.00,Canada,Walmart,0.70%,May 2024,15–20%
5/27/2024,Creatine,Performance,144.00,$31.69,"$4,563.36",10.00%,1.00,UK,Amazon,0.69%,May 2024,5–10%
5/27/2024,Zinc,Mineral,162.00,$49.92,"$8,087.04",3.00%,3.00,USA,Amazon,1.85%,May 2024,0–5%
5/27/2024,Collagen Peptides,Protein,133.00,$57.39,"$7,632.87",20.00%,1.00,UK,iHerb,0.75%,May 2024,15–20%
5/27/2024,Magnesium,Mineral,154.00,$47.72,"$7,348.88",6.00%,0.00,UK,Amazon,0.00%,May 2024,5–10%
5/27/2024,Ashwagandha,Herbal,160.00,$16.75,"$2,680.00",8.00%,1.00,UK,Amazon,0.63%,May 2024,5–10%
5/27/2024,Melatonin,Sleep Aid,151.00,$55.16,"$8,329.16",13.00%,3.00,UK,Amazon,1.99%,May 2024,10–15%
5/27/2024,Biotin,Vitamin,147.00,$21.63,"$3,179.61",17.00%,1.00,USA,iHerb,0.68%,May 2024,15–20%
5/27/2024,Green Tea Extract,Fat Burner,156.00,$11.12,"$1,734.72",1.00%,1.00,USA,iHerb,0.64%,May 2024,0–5%
5/27/2024,Iron Supplement,Mineral,138.00,$37.61,"$5,190.18",15.00%,1.00,UK,Walmart,0.72%,May 2024,10–15%
5/27/2024,Electrolyte Powder,Hydration,155.00,$59.90,"$9,284.50",21.00%,2.00,UK,Amazon,1.29%,May 2024,20–25%
6/3/2024,Whey Protein,Protein,138.00,$56.88,"$7,849.44",5.00%,1.00,Canada,Amazon,0.72%,Jun 2024,0–5%
6/3/2024,Vitamin C,Vitamin,135.00,$30.33,"$4,094.55",2.00%,3.00,Canada,iHerb,2.22%,Jun 2024,0–5%
6/3/2024,Fish Oil,Omega,152.00,$27.20,"$4,134.40",7.00%,1.00,USA,Walmart,0.66%,Jun 2024,5–10%
6/3/2024,Multivitamin,Vitamin,144.00,$48.68,"$7,009.92",17.00%,1.00,Canada,Walmart,0.69%,Jun 2024,15–20%
6/3/2024,Pre-Workout,Performance,151.00,$13.41,"$2,024.91",2.00%,2.00,UK,iHerb,1.32%,Jun 2024,0–5%
6/3/2024,BCAA,Amino Acid,155.00,$47.26,"$7,325.30",16.00%,3.00,USA,Walmart,1.94%,Jun 2024,15–20%
6/3/2024,Creatine,Performance,136.00,$14.18,"$1,928.48",14.00%,1.00,Canada,iHerb,0.74%,Jun 2024,10–15%
6/3/2024,Zinc,Mineral,146.00,$10.22,"$1,492.12",13.00%,0.00,UK,Walmart,0.00%,Jun 2024,10–15%
6/3/2024,Collagen Peptides,Protein,159.00,$51.58,"$8,201.22",21.00%,3.00,USA,Walmart,1.89%,Jun 2024,20–25%
6/3/2024,Magnesium,Mineral,136.00,$10.72,"$1,457.92",21.00%,2.00,UK,iHerb,1.47%,Jun 2024,20–25%
6/3/2024,Ashwagandha,Herbal,151.00,$14.72,"$2,222.72",13.00%,1.00,Canada,Walmart,0.66%,Jun 2024,10–15%
6/3/2024,Melatonin,Sleep Aid,144.00,$26.26,"$3,781.44",18.00%,2.00,USA,Amazon,1.39%,Jun 2024,15–20%
6/3/2024,Biotin,Vitamin,133.00,$49.53,"$6,587.49",5.00%,1.00,USA,Walmart,0.75%,Jun 2024,0–5%
6/3/2024,Green Tea Extract,Fat Burner,154.00,$48.93,"$7,535.22",7.00%,0.00,UK,Walmart,0.00%,Jun 2024,5–10%
6/3/2024,Iron Supplement,Mineral,152.00,$56.01,"$8,513.52",22.00%,1.00,USA,iHerb,0.66%,Jun 2024,20–25%
6/3/2024,Electrolyte Powder,Hydration,145.00,$23.38,"$3,390.10",14.00%,2.00,Canada,Amazon,1.38%,Jun 2024,10–15%
6/10/2024,Whey Protein,Protein,143.00,$33.77,"$4,829.11",2.00%,2.00,Canada,Amazon,1.40%,Jun 2024,0–5%
6/10/2024,Vitamin C,Vitamin,151.00,$25.02,"$3,778.02",23.00%,0.00,UK,Walmart,0.00%,Jun 2024,20–25%
6/10/2024,Fish Oil,Omega,166.00,$54.03,"$8,968.98",18.00%,0.00,USA,Amazon,0.00%,Jun 2024,15–20%
6/10/2024,Multivitamin,Vitamin,163.00,$11.62,"$1,894.06",3.00%,2.00,USA,Walmart,1.23%,Jun 2024,0–5%
6/10/2024,Pre-Workout,Performance,156.00,$46.01,"$7,177.56",16.00%,2.00,USA,Walmart,1.28%,Jun 2024,15–20%
6/10/2024,BCAA,Amino Acid,153.00,$55.62,"$8,509.86",0.00%,1.00,UK,Amazon,0.65%,Jun 2024,0–5%
6/10/2024,Creatine,Performance,158.00,$11.24,"$1,775.92",2.00%,2.00,UK,Walmart,1.27%,Jun 2024,0–5%
6/10/2024,Zinc,Mineral,150.00,$22.83,"$3,424.50",1.00%,1.00,Canada,iHerb,0.67%,Jun 2024,0–5%
6/10/2024,Collagen Peptides,Protein,148.00,$14.37,"$2,126.76",18.00%,3.00,USA,iHerb,2.03%,Jun 2024,15–20%
6/10/2024,Magnesium,Mineral,174.00,$12.64,"$2,199.36",19.00%,0.00,Canada,iHerb,0.00%,Jun 2024,15–20%
6/10/2024,Ashwagandha,Herbal,156.00,$46.29,"$7,221.24",24.00%,2.00,USA,iHerb,1.28%,Jun 2024,20–25%
6/10/2024,Melatonin,Sleep Aid,157.00,$56.24,"$8,829.68",4.00%,3.00,USA,Walmart,1.91%,Jun 2024,0–5%
6/10/2024,Biotin,Vitamin,143.00,$51.33,"$7,340.19",0.00%,3.00,Canada,Amazon,2.10%,Jun 2024,0–5%
6/10/2024,Green Tea Extract,Fat Burner,141.00,$44.57,"$6,284.37",17.00%,1.00,UK,iHerb,0.71%,Jun 2024,15–20%
6/10/2024,Iron Supplement,Mineral,137.00,$40.02,"$5,482.74",12.00%,0.00,Canada,iHerb,0.00%,Jun 2024,10–15%
6/10/2024,Electrolyte Powder,Hydration,135.00,$53.15,"$7,175.25",1.00%,4.00,UK,iHerb,2.96%,Jun 2024,0–5%
6/17/2024,Whey Protein,Protein,138.00,$38.85,"$5,361.30",2.00%,2.00,Canada,Walmart,1.45%,Jun 2024,0–5%
6/17/2024,Vitamin C,Vitamin,165.00,$49.99,"$8,248.35",10.00%,0.00,USA,Amazon,0.00%,Jun 2024,5–10%
6/17/2024,Fish Oil,Omega,132.00,$37.21,"$4,911.72",1.00%,1.00,UK,Walmart,0.76%,Jun 2024,0–5%
6/17/2024,Multivitamin,Vitamin,163.00,$34.44,"$5,613.72",22.00%,0.00,Canada,iHerb,0.00%,Jun 2024,20–25%
6/17/2024,Pre-Workout,Performance,170.00,$45.41,"$7,719.70",20.00%,2.00,USA,Walmart,1.18%,Jun 2024,15–20%
6/17/2024,BCAA,Amino Acid,156.00,$27.77,"$4,332.12",14.00%,1.00,Canada,Walmart,0.64%,Jun 2024,10–15%
6/17/2024,Creatine,Performance,148.00,$16.14,"$2,388.72",8.00%,3.00,UK,iHerb,2.03%,Jun 2024,5–10%
6/17/2024,Zinc,Mineral,146.00,$18.76,"$2,738.96",11.00%,0.00,UK,Amazon,0.00%,Jun 2024,10–15%
6/17/2024,Collagen Peptides,Protein,135.00,$40.37,"$5,449.95",5.00%,1.00,USA,Walmart,0.74%,Jun 2024,0–5%
6/17/2024,Magnesium,Mineral,165.00,$10.96,"$1,808.40",16.00%,0.00,Canada,iHerb,0.00%,Jun 2024,15–20%
6/17/2024,Ashwagandha,Herbal,149.00,$38.65,"$5,758.85",2.00%,3.00,UK,iHerb,2.01%,Jun 2024,0–5%
6/17/2024,Melatonin,Sleep Aid,154.00,$38.13,"$5,872.02",3.00%,0.00,UK,Walmart,0.00%,Jun 2024,0–5%
6/17/2024,Biotin,Vitamin,155.00,$39.18,"$6,072.90",5.00%,2.00,UK,Amazon,1.29%,Jun 2024,0–5%
6/17/2024,Green Tea Extract,Fat Burner,124.00,$37.70,"$4,674.80",16.00%,3.00,Canada,Amazon,2.42%,Jun 2024,15–20%
6/17/2024,Iron Supplement,Mineral,158.00,$12.45,"$1,967.10",21.00%,1.00,Canada,Walmart,0.63%,Jun 2024,20–25%
6/17/2024,Electrolyte Powder,Hydration,162.00,$29.88,"$4,840.56",18.00%,3.00,Canada,Amazon,1.85%,Jun 2024,15–20%
6/24/2024,Whey Protein,Protein,130.00,$49.65,"$6,454.50",8.00%,1.00,USA,Walmart,0.77%,Jun 2024,5–10%
6/24/2024,Vitamin C,Vitamin,121.00,$33.85,"$4,095.85",2.00%,0.00,UK,iHerb,0.00%,Jun 2024,0–5%
6/24/2024,Fish Oil,Omega,164.00,$41.68,"$6,835.52",5.00%,3.00,UK,Walmart,1.83%,Jun 2024,0–5%
6/24/2024,Multivitamin,Vitamin,166.00,$55.63,"$9,234.58",21.00%,2.00,Canada,Amazon,1.20%,Jun 2024,20–25%
6/24/2024,Pre-Workout,Performance,159.00,$23.54,"$3,742.86",2.00%,0.00,Canada,Walmart,0.00%,Jun 2024,0–5%
6/24/2024,BCAA,Amino Acid,136.00,$21.99,"$2,990.64",24.00%,1.00,USA,Amazon,0.74%,Jun 2024,20–25%
6/24/2024,Creatine,Performance,140.00,$20.95,"$2,933.00",25.00%,3.00,UK,Walmart,2.14%,Jun 2024,20–25%
6/24/2024,Zinc,Mineral,158.00,$43.53,"$6,877.74",16.00%,1.00,Canada,iHerb,0.63%,Jun 2024,15–20%
6/24/2024,Collagen Peptides,Protein,160.00,$34.47,"$5,515.20",0.00%,4.00,UK,Walmart,2.50%,Jun 2024,0–5%
6/24/2024,Magnesium,Mineral,159.00,$27.08,"$4,305.72",4.00%,2.00,USA,iHerb,1.26%,Jun 2024,0–5%
6/24/2024,Ashwagandha,Herbal,175.00,$20.65,"$3,613.75",9.00%,2.00,USA,iHerb,1.14%,Jun 2024,5–10%
6/24/2024,Melatonin,Sleep Aid,154.00,$37.71,"$5,807.34",9.00%,3.00,UK,Amazon,1.95%,Jun 2024,5–10%
6/24/2024,Biotin,Vitamin,129.00,$48.78,"$6,292.62",2.00%,2.00,UK,Amazon,1.55%,Jun 2024,0–5%
6/24/2024,Green Tea Extract,Fat Burner,163.00,$10.65,"$1,735.95",5.00%,1.00,Canada,Amazon,0.61%,Jun 2024,0–5%
6/24/2024,Iron Supplement,Mineral,155.00,$56.48,"$8,754.40",19.00%,1.00,Canada,iHerb,0.65%,Jun 2024,15–20%
6/24/2024,Electrolyte Powder,Hydration,146.00,$58.55,"$8,548.30",13.00%,3.00,Canada,Amazon,2.05%,Jun 2024,10–15%
7/1/2024,Whey Protein,Protein,144.00,$12.69,"$1,827.36",25.00%,3.00,UK,iHerb,2.08%,Jul 2024,20–25%
7/1/2024,Vitamin C,Vitamin,145.00,$47.61,"$6,903.45",23.00%,1.00,USA,Amazon,0.69%,Jul 2024,20–25%
7/1/2024,Fish Oil,Omega,149.00,$48.93,"$7,290.57",10.00%,3.00,UK,iHerb,2.01%,Jul 2024,5–10%
7/1/2024,Multivitamin,Vitamin,138.00,$34.66,"$4,783.08",11.00%,1.00,UK,Amazon,0.72%,Jul 2024,10–15%
7/1/2024,Pre-Workout,Performance,152.00,$18.76,"$2,851.52",19.00%,1.00,UK,Amazon,0.66%,Jul 2024,15–20%
7/1/2024,BCAA,Amino Acid,150.00,$55.48,"$8,322.00",18.00%,0.00,UK,Amazon,0.00%,Jul 2024,15–20%
7/1/2024,Creatine,Performance,149.00,$37.37,"$5,568.13",11.00%,1.00,UK,Amazon,0.67%,Jul 2024,10–15%
7/1/2024,Zinc,Mineral,156.00,$15.25,"$2,379.00",1.00%,1.00,UK,iHerb,0.64%,Jul 2024,0–5%
7/1/2024,Collagen Peptides,Protein,146.00,$24.64,"$3,597.44",25.00%,1.00,UK,iHerb,0.68%,Jul 2024,20–25%
7/1/2024,Magnesium,Mineral,148.00,$23.03,"$3,408.44",1.00%,1.00,Canada,Walmart,0.68%,Jul 2024,0–5%
7/1/2024,Ashwagandha,Herbal,159.00,$28.40,"$4,515.60",0.00%,3.00,USA,Amazon,1.89%,Jul 2024,0–5%
7/1/2024,Melatonin,Sleep Aid,161.00,$28.24,"$4,546.64",24.00%,1.00,USA,Amazon,0.62%,Jul 2024,20–25%
7/1/2024,Biotin,Vitamin,151.00,$39.81,"$6,011.31",24.00%,6.00,UK,Walmart,3.97%,Jul 2024,20–25%
7/1/2024,Green Tea Extract,Fat Burner,160.00,$34.72,"$5,555.20",9.00%,5.00,UK,iHerb,3.13%,Jul 2024,5–10%
7/1/2024,Iron Supplement,Mineral,158.00,$10.61,"$1,676.38",13.00%,5.00,UK,Amazon,3.16%,Jul 2024,10–15%
7/1/2024,Electrolyte Powder,Hydration,151.00,$11.10,"$1,676.10",9.00%,3.00,USA,Walmart,1.99%,Jul 2024,5–10%
7/8/2024,Whey Protein,Protein,158.00,$39.53,"$6,245.74",13.00%,2.00,Canada,Walmart,1.27%,Jul 2024,10–15%
7/8/2024,Vitamin C,Vitamin,147.00,$16.08,"$2,363.76",7.00%,3.00,Canada,Walmart,2.04%,Jul 2024,5–10%
7/8/2024,Fish Oil,Omega,169.00,$11.58,"$1,957.02",23.00%,2.00,UK,iHerb,1.18%,Jul 2024,20–25%
7/8/2024,Multivitamin,Vitamin,147.00,$31.49,"$4,629.03",12.00%,3.00,USA,Walmart,2.04%,Jul 2024,10–15%
7/8/2024,Pre-Workout,Performance,136.00,$10.14,"$1,379.04",8.00%,0.00,UK,Walmart,0.00%,Jul 2024,5–10%
7/8/2024,BCAA,Amino Acid,139.00,$21.36,"$2,969.04",8.00%,0.00,UK,Amazon,0.00%,Jul 2024,5–10%
7/8/2024,Creatine,Performance,154.00,$14.85,"$2,286.90",15.00%,6.00,Canada,Amazon,3.90%,Jul 2024,10–15%
7/8/2024,Zinc,Mineral,176.00,$49.77,"$8,759.52",9.00%,0.00,Canada,Amazon,0.00%,Jul 2024,5–10%
7/8/2024,Collagen Peptides,Protein,142.00,$36.16,"$5,134.72",17.00%,2.00,Canada,iHerb,1.41%,Jul 2024,15–20%
7/8/2024,Magnesium,Mineral,140.00,$25.42,"$3,558.80",9.00%,7.00,UK,iHerb,5.00%,Jul 2024,5–10%
7/8/2024,Ashwagandha,Herbal,157.00,$29.49,"$4,629.93",12.00%,1.00,UK,Walmart,0.64%,Jul 2024,10–15%
7/8/2024,Melatonin,Sleep Aid,163.00,$24.78,"$4,039.14",19.00%,3.00,UK,Walmart,1.84%,Jul 2024,15–20%
7/8/2024,Biotin,Vitamin,147.00,$12.94,"$1,902.18",13.00%,0.00,UK,Amazon,0.00%,Jul 2024,10–15%
7/8/2024,Green Tea Extract,Fat Burner,143.00,$54.80,"$7,836.40",3.00%,2.00,UK,iHerb,1.40%,Jul 2024,0–5%
7/8/2024,Iron Supplement,Mineral,150.00,$42.58,"$6,387.00",15.00%,1.00,USA,Walmart,0.67%,Jul 2024,10–15%
7/8/2024,Electrolyte Powder,Hydration,172.00,$59.53,"$10,239.16",13.00%,0.00,UK,Walmart,0.00%,Jul 2024,10–15%
7/15/2024,Whey Protein,Protein,149.00,$39.86,"$5,939.14",17.00%,1.00,Canada,iHerb,0.67%,Jul 2024,15–20%
7/15/2024,Vitamin C,Vitamin,131.00,$14.07,"$1,843.17",17.00%,2.00,Canada,Amazon,1.53%,Jul 2024,15–20%
7/15/2024,Fish Oil,Omega,183.00,$36.62,"$6,701.46",14.00%,4.00,Canada,iHerb,2.19%,Jul 2024,10–15%
7/15/2024,Multivitamin,Vitamin,154.00,$31.82,"$4,900.28",16.00%,2.00,UK,Walmart,1.30%,Jul 2024,15–20%
7/15/2024,Pre-Workout,Performance,165.00,$57.58,"$9,500.70",1.00%,5.00,UK,iHerb,3.03%,Jul 2024,0–5%
7/15/2024,BCAA,Amino Acid,165.00,$46.75,"$7,713.75",2.00%,0.00,UK,iHerb,0.00%,Jul 2024,0–5%
7/15/2024,Creatine,Performance,131.00,$37.37,"$4,895.47",5.00%,3.00,UK,Amazon,2.29%,Jul 2024,0–5%
7/15/2024,Zinc,Mineral,148.00,$42.64,"$6,310.72",8.00%,1.00,Canada,Walmart,0.68%,Jul 2024,5–10%
7/15/2024,Collagen Peptides,Protein,144.00,$39.31,"$5,660.64",6.00%,2.00,UK,iHerb,1.39%,Jul 2024,5–10%
7/15/2024,Magnesium,Mineral,124.00,$31.96,"$3,963.04",18.00%,3.00,Canada,iHerb,2.42%,Jul 2024,15–20%
7/15/2024,Ashwagandha,Herbal,159.00,$17.55,"$2,790.45",20.00%,1.00,UK,Walmart,0.63%,Jul 2024,15–20%
7/15/2024,Melatonin,Sleep Aid,128.00,$24.59,"$3,147.52",1.00%,3.00,Canada,Amazon,2.34%,Jul 2024,0–5%
7/15/2024,Biotin,Vitamin,149.00,$45.82,"$6,827.18",22.00%,0.00,USA,iHerb,0.00%,Jul 2024,20–25%
7/15/2024,Green Tea Extract,Fat Burner,157.00,$20.50,"$3,218.50",12.00%,0.00,UK,Amazon,0.00%,Jul 2024,10–15%
7/15/2024,Iron Supplement,Mineral,159.00,$15.41,"$2,450.19",20.00%,2.00,Canada,Amazon,1.26%,Jul 2024,15–20%
7/15/2024,Electrolyte Powder,Hydration,144.00,$10.00,"$1,440.00",23.00%,1.00,Canada,iHerb,0.69%,Jul 2024,20–25%
7/22/2024,Whey Protein,Protein,154.00,$38.07,"$5,862.78",21.00%,2.00,USA,iHerb,1.30%,Jul 2024,20–25%
7/22/2024,Vitamin C,Vitamin,169.00,$18.56,"$3,136.64",23.00%,2.00,Canada,Walmart,1.18%,Jul 2024,20–25%
7/22/2024,Fish Oil,Omega,128.00,$21.95,"$2,809.60",16.00%,2.00,UK,iHerb,1.56%,Jul 2024,15–20%
7/22/2024,Multivitamin,Vitamin,157.00,$40.39,"$6,341.23",24.00%,5.00,Canada,iHerb,3.18%,Jul 2024,20–25%
7/22/2024,Pre-Workout,Performance,155.00,$20.02,"$3,103.10",6.00%,4.00,UK,Amazon,2.58%,Jul 2024,5–10%
7/22/2024,BCAA,Amino Acid,134.00,$31.03,"$4,158.02",15.00%,1.00,Canada,Amazon,0.75%,Jul 2024,10–15%
7/22/2024,Creatine,Performance,142.00,$55.75,"$7,916.50",10.00%,1.00,Canada,Amazon,0.70%,Jul 2024,5–10%
7/22/2024,Zinc,Mineral,157.00,$29.11,"$4,570.27",10.00%,1.00,Canada,Amazon,0.64%,Jul 2024,5–10%
7/22/2024,Collagen Peptides,Protein,140.00,$44.32,"$6,204.80",19.00%,2.00,Canada,Amazon,1.43%,Jul 2024,15–20%
7/22/2024,Magnesium,Mineral,145.00,$10.33,"$1,497.85",12.00%,2.00,UK,iHerb,1.38%,Jul 2024,10–15%
7/22/2024,Ashwagandha,Herbal,155.00,$42.23,"$6,545.65",23.00%,2.00,Canada,Walmart,1.29%,Jul 2024,20–25%
7/22/2024,Melatonin,Sleep Aid,158.00,$11.87,"$1,875.46",9.00%,2.00,UK,iHerb,1.27%,Jul 2024,5–10%
7/22/2024,Biotin,Vitamin,162.00,$58.00,"$9,396.00",7.00%,2.00,UK,Amazon,1.23%,Jul 2024,5–10%
7/22/2024,Green Tea Extract,Fat Burner,147.00,$50.13,"$7,369.11",7.00%,0.00,USA,iHerb,0.00%,Jul 2024,5–10%
7/22/2024,Iron Supplement,Mineral,151.00,$49.86,"$7,528.86",24.00%,0.00,USA,iHerb,0.00%,Jul 2024,20–25%
7/22/2024,Electrolyte Powder,Hydration,153.00,$59.29,"$9,071.37",24.00%,2.00,USA,Amazon,1.31%,Jul 2024,20–25%
7/29/2024,Whey Protein,Protein,151.00,$29.21,"$4,410.71",15.00%,2.00,Canada,iHerb,1.32%,Jul 2024,10–15%
7/29/2024,Vitamin C,Vitamin,155.00,$31.46,"$4,876.30",18.00%,0.00,Canada,iHerb,0.00%,Jul 2024,15–20%
7/29/2024,Fish Oil,Omega,136.00,$54.54,"$7,417.44",2.00%,2.00,UK,Walmart,1.47%,Jul 2024,0–5%
7/29/2024,Multivitamin,Vitamin,140.00,$55.80,"$7,812.00",15.00%,0.00,Canada,Amazon,0.00%,Jul 2024,10–15%
7/29/2024,Pre-Workout,Performance,142.00,$31.36,"$4,453.12",15.00%,1.00,Canada,Amazon,0.70%,Jul 2024,10–15%
7/29/2024,BCAA,Amino Acid,146.00,$44.31,"$6,469.26",18.00%,1.00,USA,Walmart,0.68%,Jul 2024,15–20%
7/29/2024,Creatine,Performance,161.00,$56.03,"$9,020.83",4.00%,1.00,Canada,iHerb,0.62%,Jul 2024,0–5%
7/29/2024,Zinc,Mineral,165.00,$10.17,"$1,678.05",22.00%,1.00,Canada,Walmart,0.61%,Jul 2024,20–25%
7/29/2024,Collagen Peptides,Protein,147.00,$52.41,"$7,704.27",8.00%,3.00,UK,iHerb,2.04%,Jul 2024,5–10%
7/29/2024,Magnesium,Mineral,154.00,$26.28,"$4,047.12",6.00%,2.00,UK,Walmart,1.30%,Jul 2024,5–10%
7/29/2024,Ashwagandha,Herbal,148.00,$34.58,"$5,117.84",13.00%,1.00,Canada,Walmart,0.68%,Jul 2024,10–15%
7/29/2024,Melatonin,Sleep Aid,161.00,$23.47,"$3,778.67",22.00%,2.00,Canada,Walmart,1.24%,Jul 2024,20–25%
7/29/2024,Biotin,Vitamin,153.00,$45.94,"$7,028.82",8.00%,0.00,USA,Amazon,0.00%,Jul 2024,5–10%
7/29/2024,Green Tea Extract,Fat Burner,162.00,$46.09,"$7,466.58",2.00%,1.00,Canada,Walmart,0.62%,Jul 2024,0–5%
7/29/2024,Iron Supplement,Mineral,126.00,$42.66,"$5,375.16",4.00%,1.00,USA,Walmart,0.79%,Jul 2024,0–5%
7/29/2024,Electrolyte Powder,Hydration,173.00,$50.13,"$8,672.49",23.00%,5.00,UK,Amazon,2.89%,Jul 2024,20–25%
8/5/2024,Whey Protein,Protein,168.00,$58.13,"$9,765.84",20.00%,3.00,UK,Walmart,1.79%,Aug 2024,15–20%
8/5/2024,Vitamin C,Vitamin,161.00,$14.08,"$2,266.88",6.00%,4.00,Canada,Walmart,2.48%,Aug 2024,5–10%
8/5/2024,Fish Oil,Omega,150.00,$52.00,"$7,800.00",2.00%,1.00,Canada,Amazon,0.67%,Aug 2024,0–5%
8/5/2024,Multivitamin,Vitamin,145.00,$25.38,"$3,680.10",5.00%,0.00,Canada,Walmart,0.00%,Aug 2024,0–5%
8/5/2024,Pre-Workout,Performance,155.00,$35.44,"$5,493.20",7.00%,0.00,Canada,Amazon,0.00%,Aug 2024,5–10%
8/5/2024,BCAA,Amino Acid,144.00,$40.07,"$5,770.08",19.00%,1.00,UK,Amazon,0.69%,Aug 2024,15–20%
8/5/2024,Creatine,Performance,155.00,$58.03,"$8,994.65",4.00%,6.00,Canada,iHerb,3.87%,Aug 2024,0–5%
8/5/2024,Zinc,Mineral,146.00,$38.62,"$5,638.52",12.00%,2.00,UK,iHerb,1.37%,Aug 2024,10–15%
8/5/2024,Collagen Peptides,Protein,146.00,$34.44,"$5,028.24",13.00%,0.00,USA,iHerb,0.00%,Aug 2024,10–15%
8/5/2024,Magnesium,Mineral,174.00,$30.46,"$5,300.04",4.00%,2.00,Canada,Walmart,1.15%,Aug 2024,0–5%
8/5/2024,Ashwagandha,Herbal,143.00,$21.23,"$3,035.89",1.00%,2.00,Canada,Amazon,1.40%,Aug 2024,0–5%
8/5/2024,Melatonin,Sleep Aid,155.00,$12.37,"$1,917.35",22.00%,0.00,UK,iHerb,0.00%,Aug 2024,20–25%
8/5/2024,Biotin,Vitamin,173.00,$27.02,"$4,674.46",19.00%,3.00,USA,iHerb,1.73%,Aug 2024,15–20%
8/5/2024,Green Tea Extract,Fat Burner,145.00,$31.66,"$4,590.70",23.00%,2.00,USA,iHerb,1.38%,Aug 2024,20–25%
8/5/2024,Iron Supplement,Mineral,140.00,$21.52,"$3,012.80",7.00%,0.00,Canada,iHerb,0.00%,Aug 2024,5–10%
8/5/2024,Electrolyte Powder,Hydration,156.00,$29.37,"$4,581.72",16.00%,1.00,UK,Amazon,0.64%,Aug 2024,15–20%
8/12/2024,Whey Protein,Protein,126.00,$16.30,"$2,053.80",21.00%,2.00,UK,Walmart,1.59%,Aug 2024,20–25%
8/12/2024,Vitamin C,Vitamin,126.00,$23.93,"$3,015.18",14.00%,1.00,Canada,iHerb,0.79%,Aug 2024,10–15%
8/12/2024,Fish Oil,Omega,149.00,$16.89,"$2,516.61",19.00%,3.00,UK,Amazon,2.01%,Aug 2024,15–20%
8/12/2024,Multivitamin,Vitamin,176.00,$47.00,"$8,272.00",18.00%,4.00,UK,iHerb,2.27%,Aug 2024,15–20%
8/12/2024,Pre-Workout,Performance,141.00,$12.73,"$1,794.93",16.00%,1.00,Canada,Walmart,0.71%,Aug 2024,15–20%
8/12/2024,BCAA,Amino Acid,160.00,$28.24,"$4,518.40",13.00%,0.00,UK,Walmart,0.00%,Aug 2024,10–15%
8/12/2024,Creatine,Performance,147.00,$19.16,"$2,816.52",22.00%,0.00,Canada,Walmart,0.00%,Aug 2024,20–25%
8/12/2024,Zinc,Mineral,155.00,$55.60,"$8,618.00",20.00%,0.00,UK,Amazon,0.00%,Aug 2024,15–20%
8/12/2024,Collagen Peptides,Protein,163.00,$56.12,"$9,147.56",18.00%,3.00,USA,Amazon,1.84%,Aug 2024,15–20%
8/12/2024,Magnesium,Mineral,130.00,$51.06,"$6,637.80",22.00%,0.00,UK,iHerb,0.00%,Aug 2024,20–25%
8/12/2024,Ashwagandha,Herbal,175.00,$40.73,"$7,127.75",17.00%,0.00,UK,Walmart,0.00%,Aug 2024,15–20%
8/12/2024,Melatonin,Sleep Aid,146.00,$48.13,"$7,026.98",21.00%,2.00,USA,iHerb,1.37%,Aug 2024,20–25%
8/12/2024,Biotin,Vitamin,136.00,$45.04,"$6,125.44",14.00%,2.00,USA,Amazon,1.47%,Aug 2024,10–15%
8/12/2024,Green Tea Extract,Fat Burner,162.00,$16.23,"$2,629.26",23.00%,2.00,UK,Walmart,1.23%,Aug 2024,20–25%
8/12/2024,Iron Supplement,Mineral,154.00,$56.58,"$8,713.32",14.00%,1.00,Canada,iHerb,0.65%,Aug 2024,10–15%
8/12/2024,Electrolyte Powder,Hydration,147.00,$30.79,"$4,526.13",22.00%,1.00,USA,iHerb,0.68%,Aug 2024,20–25%
8/19/2024,Whey Protein,Protein,163.00,$51.22,"$8,348.86",18.00%,3.00,UK,iHerb,1.84%,Aug 2024,15–20%
8/19/2024,Vitamin C,Vitamin,146.00,$52.12,"$7,609.52",12.00%,0.00,USA,Walmart,0.00%,Aug 2024,10–15%
8/19/2024,Fish Oil,Omega,133.00,$47.55,"$6,324.15",18.00%,0.00,USA,Amazon,0.00%,Aug 2024,15–20%
8/19/2024,Multivitamin,Vitamin,164.00,$49.65,"$8,142.60",12.00%,2.00,USA,Walmart,1.22%,Aug 2024,10–15%
8/19/2024,Pre-Workout,Performance,146.00,$52.07,"$7,602.22",1.00%,4.00,USA,iHerb,2.74%,Aug 2024,0–5%
8/19/2024,BCAA,Amino Acid,155.00,$41.40,"$6,417.00",3.00%,1.00,USA,Amazon,0.65%,Aug 2024,0–5%
8/19/2024,Creatine,Performance,158.00,$42.62,"$6,733.96",5.00%,1.00,USA,Amazon,0.63%,Aug 2024,0–5%
8/19/2024,Zinc,Mineral,155.00,$38.25,"$5,928.75",15.00%,1.00,USA,iHerb,0.65%,Aug 2024,10–15%
8/19/2024,Collagen Peptides,Protein,163.00,$30.66,"$4,997.58",19.00%,5.00,Canada,Amazon,3.07%,Aug 2024,15–20%
8/19/2024,Magnesium,Mineral,136.00,$53.92,"$7,333.12",9.00%,1.00,Canada,iHerb,0.74%,Aug 2024,5–10%
8/19/2024,Ashwagandha,Herbal,149.00,$23.04,"$3,432.96",1.00%,0.00,USA,iHerb,0.00%,Aug 2024,0–5%
8/19/2024,Melatonin,Sleep Aid,148.00,$48.23,"$7,138.04",3.00%,3.00,Canada,Walmart,2.03%,Aug 2024,0–5%
8/19/2024,Biotin,Vitamin,168.00,$46.98,"$7,892.64",3.00%,1.00,Canada,iHerb,0.60%,Aug 2024,0–5%
8/19/2024,Green Tea Extract,Fat Burner,144.00,$48.97,"$7,051.68",23.00%,2.00,Canada,Amazon,1.39%,Aug 2024,20–25%
8/19/2024,Iron Supplement,Mineral,156.00,$40.27,"$6,282.12",2.00%,3.00,Canada,Walmart,1.92%,Aug 2024,0–5%
8/19/2024,Electrolyte Powder,Hydration,151.00,$56.00,"$8,456.00",12.00%,3.00,UK,iHerb,1.99%,Aug 2024,10–15%
8/26/2024,Whey Protein,Protein,165.00,$13.07,"$2,156.55",6.00%,3.00,USA,Amazon,1.82%,Aug 2024,5–10%
8/26/2024,Vitamin C,Vitamin,168.00,$32.00,"$5,376.00",4.00%,4.00,UK,iHerb,2.38%,Aug 2024,0–5%
8/26/2024,Fish Oil,Omega,139.00,$43.04,"$5,982.56",6.00%,3.00,USA,Amazon,2.16%,Aug 2024,5–10%
8/26/2024,Multivitamin,Vitamin,150.00,$18.17,"$2,725.50",12.00%,1.00,USA,Amazon,0.67%,Aug 2024,10–15%
8/26/2024,Pre-Workout,Performance,168.00,$58.81,"$9,880.08",16.00%,0.00,USA,Walmart,0.00%,Aug 2024,15–20%
8/26/2024,BCAA,Amino Acid,121.00,$21.74,"$2,630.54",8.00%,0.00,Canada,Walmart,0.00%,Aug 2024,5–10%
8/26/2024,Creatine,Performance,155.00,$13.90,"$2,154.50",13.00%,2.00,USA,Amazon,1.29%,Aug 2024,10–15%
8/26/2024,Zinc,Mineral,129.00,$38.92,"$5,020.68",24.00%,0.00,UK,Amazon,0.00%,Aug 2024,20–25%
8/26/2024,Collagen Peptides,Protein,152.00,$11.18,"$1,699.36",23.00%,2.00,UK,Amazon,1.32%,Aug 2024,20–25%
8/26/2024,Magnesium,Mineral,130.00,$12.54,"$1,630.20",15.00%,1.00,UK,Amazon,0.77%,Aug 2024,10–15%
8/26/2024,Ashwagandha,Herbal,150.00,$36.59,"$5,488.50",13.00%,0.00,USA,iHerb,0.00%,Aug 2024,10–15%
8/26/2024,Melatonin,Sleep Aid,142.00,$55.01,"$7,811.42",18.00%,5.00,UK,iHerb,3.52%,Aug 2024,15–20%
8/26/2024,Biotin,Vitamin,143.00,$40.15,"$5,741.45",11.00%,0.00,Canada,Amazon,0.00%,Aug 2024,10–15%
8/26/2024,Green Tea Extract,Fat Burner,140.00,$44.81,"$6,273.40",24.00%,2.00,USA,iHerb,1.43%,Aug 2024,20–25%
8/26/2024,Iron Supplement,Mineral,142.00,$29.22,"$4,149.24",21.00%,2.00,UK,Walmart,1.41%,Aug 2024,20–25%
8/26/2024,Electrolyte Powder,Hydration,153.00,$56.90,"$8,705.70",16.00%,4.00,USA,Amazon,2.61%,Aug 2024,15–20%
9/2/2024,Whey Protein,Protein,153.00,$50.66,"$7,750.98",8.00%,4.00,UK,Walmart,2.61%,Sep 2024,5–10%
9/2/2024,Vitamin C,Vitamin,185.00,$42.41,"$7,845.85",14.00%,3.00,USA,Amazon,1.62%,Sep 2024,10–15%
9/2/2024,Fish Oil,Omega,166.00,$50.80,"$8,432.80",8.00%,1.00,UK,Amazon,0.60%,Sep 2024,5–10%
9/2/2024,Multivitamin,Vitamin,147.00,$19.36,"$2,845.92",17.00%,1.00,USA,Amazon,0.68%,Sep 2024,15–20%
9/2/2024,Pre-Workout,Performance,161.00,$43.40,"$6,987.40",16.00%,4.00,Canada,Amazon,2.48%,Sep 2024,15–20%
9/2/2024,BCAA,Amino Acid,158.00,$55.23,"$8,726.34",17.00%,1.00,USA,iHerb,0.63%,Sep 2024,15–20%
9/2/2024,Creatine,Performance,166.00,$31.22,"$5,182.52",18.00%,3.00,USA,Amazon,1.81%,Sep 2024,15–20%
9/2/2024,Zinc,Mineral,144.00,$15.48,"$2,229.12",6.00%,3.00,UK,Amazon,2.08%,Sep 2024,5–10%
9/2/2024,Collagen Peptides,Protein,145.00,$43.30,"$6,278.50",20.00%,0.00,USA,iHerb,0.00%,Sep 2024,15–20%
9/2/2024,Magnesium,Mineral,143.00,$28.24,"$4,038.32",25.00%,3.00,UK,iHerb,2.10%,Sep 2024,20–25%
9/2/2024,Ashwagandha,Herbal,149.00,$27.38,"$4,079.62",20.00%,0.00,UK,Amazon,0.00%,Sep 2024,15–20%
9/2/2024,Melatonin,Sleep Aid,160.00,$15.37,"$2,459.20",7.00%,1.00,UK,iHerb,0.63%,Sep 2024,5–10%
9/2/2024,Biotin,Vitamin,159.00,$42.98,"$6,833.82",18.00%,2.00,Canada,Amazon,1.26%,Sep 2024,15–20%
9/2/2024,Green Tea Extract,Fat Burner,160.00,$39.36,"$6,297.60",24.00%,2.00,USA,iHerb,1.25%,Sep 2024,20–25%
9/2/2024,Iron Supplement,Mineral,154.00,$26.66,"$4,105.64",18.00%,3.00,Canada,iHerb,1.95%,Sep 2024,15–20%
9/2/2024,Electrolyte Powder,Hydration,139.00,$52.62,"$7,314.18",21.00%,3.00,UK,Amazon,2.16%,Sep 2024,20–25%
9/9/2024,Whey Protein,Protein,175.00,$42.82,"$7,493.50",10.00%,1.00,USA,Amazon,0.57%,Sep 2024,5–10%
9/9/2024,Vitamin C,Vitamin,148.00,$35.07,"$5,190.36",20.00%,2.00,UK,iHerb,1.35%,Sep 2024,15–20%
9/9/2024,Fish Oil,Omega,148.00,$50.92,"$7,536.16",14.00%,3.00,Canada,Amazon,2.03%,Sep 2024,10–15%
9/9/2024,Multivitamin,Vitamin,158.00,$47.73,"$7,541.34",1.00%,0.00,USA,iHerb,0.00%,Sep 2024,0–5%
9/9/2024,Pre-Workout,Performance,129.00,$21.77,"$2,808.33",25.00%,1.00,USA,iHerb,0.78%,Sep 2024,20–25%
9/9/2024,BCAA,Amino Acid,156.00,$26.09,"$4,070.04",8.00%,2.00,USA,Walmart,1.28%,Sep 2024,5–10%
9/9/2024,Creatine,Performance,149.00,$39.60,"$5,900.40",19.00%,0.00,UK,Walmart,0.00%,Sep 2024,15–20%
9/9/2024,Zinc,Mineral,161.00,$43.45,"$6,995.45",8.00%,1.00,USA,iHerb,0.62%,Sep 2024,5–10%
9/9/2024,Collagen Peptides,Protein,150.00,$35.37,"$5,305.50",1.00%,3.00,UK,iHerb,2.00%,Sep 2024,0–5%
9/9/2024,Magnesium,Mineral,163.00,$40.49,"$6,599.87",14.00%,6.00,USA,Amazon,3.68%,Sep 2024,10–15%
9/9/2024,Ashwagandha,Herbal,142.00,$39.07,"$5,547.94",24.00%,2.00,USA,Walmart,1.41%,Sep 2024,20–25%
9/9/2024,Melatonin,Sleep Aid,138.00,$45.56,"$6,287.28",19.00%,0.00,UK,iHerb,0.00%,Sep 2024,15–20%
9/9/2024,Biotin,Vitamin,150.00,$53.75,"$8,062.50",4.00%,2.00,USA,iHerb,1.33%,Sep 2024,0–5%
9/9/2024,Green Tea Extract,Fat Burner,141.00,$57.03,"$8,041.23",6.00%,0.00,UK,Walmart,0.00%,Sep 2024,5–10%
9/9/2024,Iron Supplement,Mineral,127.00,$42.09,"$5,345.43",8.00%,2.00,USA,iHerb,1.57%,Sep 2024,5–10%
9/9/2024,Electrolyte Powder,Hydration,174.00,$29.96,"$5,213.04",19.00%,0.00,Canada,iHerb,0.00%,Sep 2024,15–20%
9/16/2024,Whey Protein,Protein,143.00,$32.74,"$4,681.82",14.00%,0.00,UK,iHerb,0.00%,Sep 2024,10–15%
9/16/2024,Vitamin C,Vitamin,139.00,$31.74,"$4,411.86",1.00%,1.00,USA,Amazon,0.72%,Sep 2024,0–5%
9/16/2024,Fish Oil,Omega,151.00,$46.62,"$7,039.62",2.00%,0.00,USA,iHerb,0.00%,Sep 2024,0–5%
9/16/2024,Multivitamin,Vitamin,143.00,$32.84,"$4,696.12",25.00%,1.00,UK,Walmart,0.70%,Sep 2024,20–25%
9/16/2024,Pre-Workout,Performance,159.00,$52.50,"$8,347.50",5.00%,2.00,UK,iHerb,1.26%,Sep 2024,0–5%
9/16/2024,BCAA,Amino Acid,167.00,$27.34,"$4,565.78",24.00%,3.00,Canada,iHerb,1.80%,Sep 2024,20–25%
9/16/2024,Creatine,Performance,142.00,$30.22,"$4,291.24",12.00%,1.00,USA,Amazon,0.70%,Sep 2024,10–15%
9/16/2024,Zinc,Mineral,142.00,$48.93,"$6,948.06",22.00%,0.00,UK,Walmart,0.00%,Sep 2024,20–25%
9/16/2024,Collagen Peptides,Protein,163.00,$31.37,"$5,113.31",23.00%,1.00,UK,Amazon,0.61%,Sep 2024,20–25%
9/16/2024,Magnesium,Mineral,138.00,$33.65,"$4,643.70",19.00%,6.00,USA,Walmart,4.35%,Sep 2024,15–20%
9/16/2024,Ashwagandha,Herbal,159.00,$13.81,"$2,195.79",23.00%,1.00,UK,Walmart,0.63%,Sep 2024,20–25%
9/16/2024,Melatonin,Sleep Aid,171.00,$45.76,"$7,824.96",18.00%,6.00,Canada,iHerb,3.51%,Sep 2024,15–20%
9/16/2024,Biotin,Vitamin,160.00,$37.86,"$6,057.60",9.00%,0.00,Canada,Amazon,0.00%,Sep 2024,5–10%
9/16/2024,Green Tea Extract,Fat Burner,140.00,$37.44,"$5,241.60",23.00%,3.00,Canada,Walmart,2.14%,Sep 2024,20–25%
9/16/2024,Iron Supplement,Mineral,124.00,$22.26,"$2,760.24",6.00%,0.00,USA,Walmart,0.00%,Sep 2024,5–10%
9/16/2024,Electrolyte Powder,Hydration,146.00,$38.91,"$5,680.86",14.00%,1.00,UK,iHerb,0.68%,Sep 2024,10–15%
9/23/2024,Whey Protein,Protein,158.00,$27.31,"$4,314.98",2.00%,1.00,Canada,iHerb,0.63%,Sep 2024,0–5%
9/23/2024,Vitamin C,Vitamin,134.00,$17.80,"$2,385.20",12.00%,0.00,USA,Amazon,0.00%,Sep 2024,10–15%
9/23/2024,Fish Oil,Omega,159.00,$37.74,"$6,000.66",4.00%,0.00,UK,Amazon,0.00%,Sep 2024,0–5%
9/23/2024,Multivitamin,Vitamin,166.00,$14.95,"$2,481.70",17.00%,2.00,USA,Walmart,1.20%,Sep 2024,15–20%
9/23/2024,Pre-Workout,Performance,149.00,$54.35,"$8,098.15",6.00%,1.00,Canada,Walmart,0.67%,Sep 2024,5–10%
9/23/2024,BCAA,Amino Acid,144.00,$55.82,"$8,038.08",21.00%,2.00,USA,iHerb,1.39%,Sep 2024,20–25%
9/23/2024,Creatine,Performance,167.00,$57.29,"$9,567.43",13.00%,0.00,Canada,Walmart,0.00%,Sep 2024,10–15%
9/23/2024,Zinc,Mineral,148.00,$30.02,"$4,442.96",23.00%,1.00,UK,Amazon,0.68%,Sep 2024,20–25%
9/23/2024,Collagen Peptides,Protein,150.00,$48.05,"$7,207.50",18.00%,1.00,Canada,iHerb,0.67%,Sep 2024,15–20%
9/23/2024,Magnesium,Mineral,132.00,$16.55,"$2,184.60",7.00%,0.00,Canada,Amazon,0.00%,Sep 2024,5–10%
9/23/2024,Ashwagandha,Herbal,161.00,$30.70,"$4,942.70",8.00%,3.00,UK,iHerb,1.86%,Sep 2024,5–10%
9/23/2024,Melatonin,Sleep Aid,169.00,$10.45,"$1,766.05",20.00%,1.00,USA,iHerb,0.59%,Sep 2024,15–20%
9/23/2024,Biotin,Vitamin,151.00,$55.73,"$8,415.23",14.00%,1.00,USA,Amazon,0.66%,Sep 2024,10–15%
9/23/2024,Green Tea Extract,Fat Burner,142.00,$49.83,"$7,075.86",11.00%,0.00,Canada,Walmart,0.00%,Sep 2024,10–15%
9/23/2024,Iron Supplement,Mineral,131.00,$33.25,"$4,355.75",16.00%,1.00,UK,Amazon,0.76%,Sep 2024,15–20%
9/23/2024,Electrolyte Powder,Hydration,135.00,$55.34,"$7,470.90",4.00%,2.00,Canada,iHerb,1.48%,Sep 2024,0–5%
9/30/2024,Whey Protein,Protein,153.00,$17.53,"$2,682.09",24.00%,2.00,Canada,iHerb,1.31%,Sep 2024,20–25%
9/30/2024,Vitamin C,Vitamin,164.00,$46.97,"$7,703.08",20.00%,1.00,UK,Walmart,0.61%,Sep 2024,15–20%
9/30/2024,Fish Oil,Omega,146.00,$14.67,"$2,141.82",18.00%,0.00,USA,iHerb,0.00%,Sep 2024,15–20%
9/30/2024,Multivitamin,Vitamin,138.00,$14.92,"$2,058.96",24.00%,3.00,Canada,Amazon,2.17%,Sep 2024,20–25%
9/30/2024,Pre-Workout,Performance,154.00,$54.38,"$8,374.52",6.00%,3.00,UK,Amazon,1.95%,Sep 2024,5–10%
9/30/2024,BCAA,Amino Acid,138.00,$37.91,"$5,231.58",18.00%,0.00,UK,iHerb,0.00%,Sep 2024,15–20%
9/30/2024,Creatine,Performance,142.00,$27.87,"$3,957.54",19.00%,2.00,Canada,iHerb,1.41%,Sep 2024,15–20%
9/30/2024,Zinc,Mineral,140.00,$41.45,"$5,803.00",11.00%,0.00,Canada,Amazon,0.00%,Sep 2024,10–15%
9/30/2024,Collagen Peptides,Protein,144.00,$15.41,"$2,219.04",14.00%,2.00,USA,iHerb,1.39%,Sep 2024,10–15%
9/30/2024,Magnesium,Mineral,153.00,$16.38,"$2,506.14",11.00%,2.00,UK,Walmart,1.31%,Sep 2024,10–15%
9/30/2024,Ashwagandha,Herbal,156.00,$46.45,"$7,246.20",16.00%,0.00,Canada,Walmart,0.00%,Sep 2024,15–20%
9/30/2024,Melatonin,Sleep Aid,157.00,$59.67,"$9,368.19",17.00%,2.00,UK,iHerb,1.27%,Sep 2024,15–20%
9/30/2024,Biotin,Vitamin,150.00,$59.84,"$8,976.00",19.00%,2.00,UK,iHerb,1.33%,Sep 2024,15–20%
9/30/2024,Green Tea Extract,Fat Burner,129.00,$45.43,"$5,860.47",19.00%,0.00,USA,Amazon,0.00%,Sep 2024,15–20%
9/30/2024,Iron Supplement,Mineral,155.00,$48.01,"$7,441.55",6.00%,2.00,USA,iHerb,1.29%,Sep 2024,5–10%
9/30/2024,Electrolyte Powder,Hydration,142.00,$41.67,"$5,917.14",3.00%,2.00,USA,iHerb,1.41%,Sep 2024,0–5%
10/7/2024,Whey Protein,Protein,140.00,$27.68,"$3,875.20",23.00%,2.00,Canada,Amazon,1.43%,Oct 2024,20–25%
10/7/2024,Vitamin C,Vitamin,128.00,$26.87,"$3,439.36",20.00%,1.00,USA,iHerb,0.78%,Oct 2024,15–20%
10/7/2024,Fish Oil,Omega,157.00,$58.78,"$9,228.46",23.00%,1.00,USA,iHerb,0.64%,Oct 2024,20–25%
10/7/2024,Multivitamin,Vitamin,158.00,$54.94,"$8,680.52",2.00%,1.00,USA,iHerb,0.63%,Oct 2024,0–5%
10/7/2024,Pre-Workout,Performance,143.00,$18.46,"$2,639.78",12.00%,2.00,UK,Amazon,1.40%,Oct 2024,10–15%
10/7/2024,BCAA,Amino Acid,150.00,$13.32,"$1,998.00",22.00%,4.00,UK,Walmart,2.67%,Oct 2024,20–25%
10/7/2024,Creatine,Performance,154.00,$16.57,"$2,551.78",20.00%,0.00,Canada,Amazon,0.00%,Oct 2024,15–20%
10/7/2024,Zinc,Mineral,147.00,$39.28,"$5,774.16",8.00%,2.00,UK,iHerb,1.36%,Oct 2024,5–10%
10/7/2024,Collagen Peptides,Protein,145.00,$41.69,"$6,045.05",5.00%,1.00,UK,Walmart,0.69%,Oct 2024,0–5%
10/7/2024,Magnesium,Mineral,164.00,$36.79,"$6,033.56",16.00%,1.00,USA,Amazon,0.61%,Oct 2024,15–20%
10/7/2024,Ashwagandha,Herbal,142.00,$20.74,"$2,945.08",7.00%,0.00,Canada,Amazon,0.00%,Oct 2024,5–10%
10/7/2024,Melatonin,Sleep Aid,143.00,$58.09,"$8,306.87",15.00%,2.00,Canada,Amazon,1.40%,Oct 2024,10–15%
10/7/2024,Biotin,Vitamin,121.00,$50.73,"$6,138.33",16.00%,0.00,UK,Walmart,0.00%,Oct 2024,15–20%
10/7/2024,Green Tea Extract,Fat Burner,147.00,$52.18,"$7,670.46",2.00%,2.00,USA,iHerb,1.36%,Oct 2024,0–5%
10/7/2024,Iron Supplement,Mineral,162.00,$45.48,"$7,367.76",19.00%,2.00,USA,Walmart,1.23%,Oct 2024,15–20%
10/7/2024,Electrolyte Powder,Hydration,131.00,$49.82,"$6,526.42",6.00%,0.00,UK,Walmart,0.00%,Oct 2024,5–10%
10/14/2024,Whey Protein,Protein,146.00,$16.33,"$2,384.18",17.00%,0.00,UK,iHerb,0.00%,Oct 2024,15–20%
10/14/2024,Vitamin C,Vitamin,132.00,$14.18,"$1,871.76",21.00%,3.00,UK,Walmart,2.27%,Oct 2024,20–25%
10/14/2024,Fish Oil,Omega,160.00,$36.16,"$5,785.60",5.00%,1.00,USA,iHerb,0.63%,Oct 2024,0–5%
10/14/2024,Multivitamin,Vitamin,150.00,$14.73,"$2,209.50",7.00%,3.00,Canada,iHerb,2.00%,Oct 2024,5–10%
10/14/2024,Pre-Workout,Performance,147.00,$59.57,"$8,756.79",13.00%,1.00,Canada,Walmart,0.68%,Oct 2024,10–15%
10/14/2024,BCAA,Amino Acid,161.00,$22.60,"$3,638.60",20.00%,1.00,UK,Walmart,0.62%,Oct 2024,15–20%
10/14/2024,Creatine,Performance,138.00,$46.64,"$6,436.32",3.00%,1.00,Canada,iHerb,0.72%,Oct 2024,0–5%
10/14/2024,Zinc,Mineral,139.00,$48.17,"$6,695.63",18.00%,2.00,USA,Amazon,1.44%,Oct 2024,15–20%
10/14/2024,Collagen Peptides,Protein,139.00,$17.32,"$2,407.48",10.00%,0.00,Canada,Walmart,0.00%,Oct 2024,5–10%
10/14/2024,Magnesium,Mineral,159.00,$38.71,"$6,154.89",2.00%,3.00,Canada,iHerb,1.89%,Oct 2024,0–5%
10/14/2024,Ashwagandha,Herbal,185.00,$45.23,"$8,367.55",21.00%,2.00,Canada,Amazon,1.08%,Oct 2024,20–25%
10/14/2024,Melatonin,Sleep Aid,143.00,$35.61,"$5,092.23",10.00%,3.00,Canada,iHerb,2.10%,Oct 2024,5–10%
10/14/2024,Biotin,Vitamin,159.00,$39.28,"$6,245.52",17.00%,0.00,USA,Walmart,0.00%,Oct 2024,15–20%
10/14/2024,Green Tea Extract,Fat Burner,145.00,$38.36,"$5,562.20",5.00%,0.00,USA,iHerb,0.00%,Oct 2024,0–5%
10/14/2024,Iron Supplement,Mineral,151.00,$26.72,"$4,034.72",16.00%,0.00,USA,Amazon,0.00%,Oct 2024,15–20%
10/14/2024,Electrolyte Powder,Hydration,135.00,$13.09,"$1,767.15",22.00%,0.00,USA,Amazon,0.00%,Oct 2024,20–25%
10/21/2024,Whey Protein,Protein,156.00,$29.99,"$4,678.44",19.00%,1.00,USA,Walmart,0.64%,Oct 2024,15–20%
10/21/2024,Vitamin C,Vitamin,158.00,$39.65,"$6,264.70",19.00%,2.00,UK,iHerb,1.27%,Oct 2024,15–20%
10/21/2024,Fish Oil,Omega,154.00,$57.45,"$8,847.30",9.00%,2.00,UK,Walmart,1.30%,Oct 2024,5–10%
10/21/2024,Multivitamin,Vitamin,130.00,$30.60,"$3,978.00",21.00%,1.00,UK,Walmart,0.77%,Oct 2024,20–25%
10/21/2024,Pre-Workout,Performance,159.00,$33.22,"$5,281.98",23.00%,1.00,USA,iHerb,0.63%,Oct 2024,20–25%
10/21/2024,BCAA,Amino Acid,157.00,$33.00,"$5,181.00",17.00%,1.00,UK,iHerb,0.64%,Oct 2024,15–20%
10/21/2024,Creatine,Performance,159.00,$29.79,"$4,736.61",16.00%,3.00,Canada,Amazon,1.89%,Oct 2024,15–20%
10/21/2024,Zinc,Mineral,161.00,$27.95,"$4,499.95",3.00%,1.00,UK,Amazon,0.62%,Oct 2024,0–5%
10/21/2024,Collagen Peptides,Protein,178.00,$36.84,"$6,557.52",16.00%,2.00,Canada,iHerb,1.12%,Oct 2024,15–20%
10/21/2024,Magnesium,Mineral,155.00,$27.97,"$4,335.35",4.00%,0.00,USA,Walmart,0.00%,Oct 2024,0–5%
10/21/2024,Ashwagandha,Herbal,130.00,$41.41,"$5,383.30",22.00%,2.00,USA,iHerb,1.54%,Oct 2024,20–25%
10/21/2024,Melatonin,Sleep Aid,141.00,$19.65,"$2,770.65",24.00%,1.00,Canada,Amazon,0.71%,Oct 2024,20–25%
10/21/2024,Biotin,Vitamin,137.00,$29.76,"$4,077.12",22.00%,1.00,UK,Amazon,0.73%,Oct 2024,20–25%
10/21/2024,Green Tea Extract,Fat Burner,146.00,$54.63,"$7,975.98",22.00%,2.00,Canada,Walmart,1.37%,Oct 2024,20–25%
10/21/2024,Iron Supplement,Mineral,139.00,$58.78,"$8,170.42",15.00%,2.00,Canada,iHerb,1.44%,Oct 2024,10–15%
10/21/2024,Electrolyte Powder,Hydration,148.00,$31.45,"$4,654.60",18.00%,3.00,Canada,iHerb,2.03%,Oct 2024,15–20%
10/28/2024,Whey Protein,Protein,150.00,$27.01,"$4,051.50",4.00%,4.00,UK,Amazon,2.67%,Oct 2024,0–5%
10/28/2024,Vitamin C,Vitamin,143.00,$45.77,"$6,545.11",20.00%,3.00,USA,Walmart,2.10%,Oct 2024,15–20%
10/28/2024,Fish Oil,Omega,154.00,$18.38,"$2,830.52",16.00%,2.00,Canada,iHerb,1.30%,Oct 2024,15–20%
10/28/2024,Multivitamin,Vitamin,141.00,$48.92,"$6,897.72",21.00%,1.00,USA,iHerb,0.71%,Oct 2024,20–25%
10/28/2024,Pre-Workout,Performance,157.00,$46.95,"$7,371.15",12.00%,2.00,USA,Walmart,1.27%,Oct 2024,10–15%
10/28/2024,BCAA,Amino Acid,147.00,$18.90,"$2,778.30",2.00%,2.00,UK,Walmart,1.36%,Oct 2024,0–5%
10/28/2024,Creatine,Performance,164.00,$13.31,"$2,182.84",11.00%,2.00,Canada,Amazon,1.22%,Oct 2024,10–15%
10/28/2024,Zinc,Mineral,136.00,$21.60,"$2,937.60",10.00%,0.00,UK,Amazon,0.00%,Oct 2024,5–10%
10/28/2024,Collagen Peptides,Protein,145.00,$40.55,"$5,879.75",2.00%,2.00,USA,iHerb,1.38%,Oct 2024,0–5%
10/28/2024,Magnesium,Mineral,149.00,$24.47,"$3,646.03",18.00%,2.00,Canada,Amazon,1.34%,Oct 2024,15–20%
10/28/2024,Ashwagandha,Herbal,150.00,$17.29,"$2,593.50",6.00%,2.00,USA,iHerb,1.33%,Oct 2024,5–10%
10/28/2024,Melatonin,Sleep Aid,143.00,$28.70,"$4,104.10",16.00%,1.00,USA,Amazon,0.70%,Oct 2024,15–20%
10/28/2024,Biotin,Vitamin,147.00,$14.71,"$2,162.37",6.00%,0.00,USA,iHerb,0.00%,Oct 2024,5–10%
10/28/2024,Green Tea Extract,Fat Burner,174.00,$12.10,"$2,105.40",3.00%,0.00,USA,Walmart,0.00%,Oct 2024,0–5%
10/28/2024,Iron Supplement,Mineral,153.00,$34.93,"$5,344.29",9.00%,3.00,Canada,Amazon,1.96%,Oct 2024,5–10%
10/28/2024,Electrolyte Powder,Hydration,143.00,$46.06,"$6,586.58",11.00%,2.00,Canada,Amazon,1.40%,Oct 2024,10–15%
11/4/2024,Whey Protein,Protein,156.00,$35.20,"$5,491.20",24.00%,2.00,UK,Amazon,1.28%,Nov 2024,20–25%
11/4/2024,Vitamin C,Vitamin,169.00,$34.16,"$5,773.04",23.00%,1.00,Canada,Walmart,0.59%,Nov 2024,20–25%
11/4/2024,Fish Oil,Omega,186.00,$55.13,"$10,254.18",11.00%,0.00,Canada,Amazon,0.00%,Nov 2024,10–15%
11/4/2024,Multivitamin,Vitamin,167.00,$11.11,"$1,855.37",3.00%,2.00,USA,iHerb,1.20%,Nov 2024,0–5%
11/4/2024,Pre-Workout,Performance,149.00,$47.25,"$7,040.25",3.00%,1.00,UK,iHerb,0.67%,Nov 2024,0–5%
11/4/2024,BCAA,Amino Acid,138.00,$53.66,"$7,405.08",13.00%,0.00,Canada,Amazon,0.00%,Nov 2024,10–15%
11/4/2024,Creatine,Performance,152.00,$16.61,"$2,524.72",2.00%,0.00,Canada,Walmart,0.00%,Nov 2024,0–5%
11/4/2024,Zinc,Mineral,159.00,$37.03,"$5,887.77",6.00%,1.00,Canada,Walmart,0.63%,Nov 2024,5–10%
11/4/2024,Collagen Peptides,Protein,185.00,$55.08,"$10,189.80",15.00%,0.00,Canada,Amazon,0.00%,Nov 2024,10–15%
11/4/2024,Magnesium,Mineral,149.00,$30.93,"$4,608.57",22.00%,1.00,Canada,Walmart,0.67%,Nov 2024,20–25%
11/4/2024,Ashwagandha,Herbal,152.00,$56.03,"$8,516.56",12.00%,2.00,USA,iHerb,1.32%,Nov 2024,10–15%
11/4/2024,Melatonin,Sleep Aid,142.00,$23.98,"$3,405.16",8.00%,4.00,USA,Amazon,2.82%,Nov 2024,5–10%
11/4/2024,Biotin,Vitamin,156.00,$59.40,"$9,266.40",4.00%,1.00,Canada,iHerb,0.64%,Nov 2024,0–5%
11/4/2024,Green Tea Extract,Fat Burner,155.00,$45.85,"$7,106.75",2.00%,0.00,Canada,Walmart,0.00%,Nov 2024,0–5%
11/4/2024,Iron Supplement,Mineral,157.00,$37.77,"$5,929.89",7.00%,2.00,USA,Walmart,1.27%,Nov 2024,5–10%
11/4/2024,Electrolyte Powder,Hydration,147.00,$44.48,"$6,538.56",3.00%,0.00,Canada,Amazon,0.00%,Nov 2024,0–5%
11/11/2024,Whey Protein,Protein,163.00,$41.55,"$6,772.65",10.00%,1.00,USA,Amazon,0.61%,Nov 2024,5–10%
11/11/2024,Vitamin C,Vitamin,157.00,$35.51,"$5,575.07",24.00%,4.00,UK,iHerb,2.55%,Nov 2024,20–25%
11/11/2024,Fish Oil,Omega,147.00,$37.16,"$5,462.52",13.00%,0.00,USA,Amazon,0.00%,Nov 2024,10–15%
11/11/2024,Multivitamin,Vitamin,153.00,$49.01,"$7,498.53",20.00%,0.00,Canada,Amazon,0.00%,Nov 2024,15–20%
11/11/2024,Pre-Workout,Performance,145.00,$25.80,"$3,741.00",14.00%,1.00,Canada,Walmart,0.69%,Nov 2024,10–15%
11/11/2024,BCAA,Amino Acid,152.00,$24.33,"$3,698.16",2.00%,3.00,Canada,Walmart,1.97%,Nov 2024,0–5%
11/11/2024,Creatine,Performance,158.00,$21.33,"$3,370.14",24.00%,3.00,UK,Amazon,1.90%,Nov 2024,20–25%
11/11/2024,Zinc,Mineral,152.00,$10.72,"$1,629.44",1.00%,2.00,UK,Walmart,1.32%,Nov 2024,0–5%
11/11/2024,Collagen Peptides,Protein,137.00,$17.75,"$2,431.75",14.00%,0.00,UK,Walmart,0.00%,Nov 2024,10–15%
11/11/2024,Magnesium,Mineral,160.00,$14.31,"$2,289.60",21.00%,2.00,Canada,Amazon,1.25%,Nov 2024,20–25%
11/11/2024,Ashwagandha,Herbal,171.00,$56.03,"$9,581.13",2.00%,0.00,Canada,Walmart,0.00%,Nov 2024,0–5%
11/11/2024,Melatonin,Sleep Aid,140.00,$23.21,"$3,249.40",18.00%,3.00,USA,iHerb,2.14%,Nov 2024,15–20%
11/11/2024,Biotin,Vitamin,161.00,$30.08,"$4,842.88",10.00%,1.00,UK,Walmart,0.62%,Nov 2024,5–10%
11/11/2024,Green Tea Extract,Fat Burner,136.00,$35.54,"$4,833.44",13.00%,2.00,Canada,Amazon,1.47%,Nov 2024,10–15%
11/11/2024,Iron Supplement,Mineral,151.00,$43.16,"$6,517.16",20.00%,1.00,Canada,Walmart,0.66%,Nov 2024,15–20%
11/11/2024,Electrolyte Powder,Hydration,155.00,$27.10,"$4,200.50",23.00%,3.00,Canada,Walmart,1.94%,Nov 2024,20–25%
11/18/2024,Whey Protein,Protein,153.00,$52.70,"$8,063.10",24.00%,1.00,USA,iHerb,0.65%,Nov 2024,20–25%
11/18/2024,Vitamin C,Vitamin,152.00,$13.60,"$2,067.20",11.00%,2.00,USA,iHerb,1.32%,Nov 2024,10–15%
11/18/2024,Fish Oil,Omega,123.00,$15.37,"$1,890.51",5.00%,3.00,UK,Amazon,2.44%,Nov 2024,0–5%
11/18/2024,Multivitamin,Vitamin,150.00,$13.22,"$1,983.00",10.00%,2.00,Canada,iHerb,1.33%,Nov 2024,5–10%
11/18/2024,Pre-Workout,Performance,134.00,$13.23,"$1,772.82",16.00%,4.00,USA,iHerb,2.99%,Nov 2024,15–20%
11/18/2024,BCAA,Amino Acid,164.00,$38.86,"$6,373.04",13.00%,1.00,USA,iHerb,0.61%,Nov 2024,10–15%
11/18/2024,Creatine,Performance,163.00,$12.81,"$2,088.03",24.00%,0.00,UK,iHerb,0.00%,Nov 2024,20–25%
11/18/2024,Zinc,Mineral,144.00,$50.89,"$7,328.16",6.00%,2.00,UK,Amazon,1.39%,Nov 2024,5–10%
11/18/2024,Collagen Peptides,Protein,162.00,$12.10,"$1,960.20",5.00%,1.00,Canada,iHerb,0.62%,Nov 2024,0–5%
11/18/2024,Magnesium,Mineral,126.00,$29.00,"$3,654.00",22.00%,0.00,USA,Amazon,0.00%,Nov 2024,20–25%
11/18/2024,Ashwagandha,Herbal,148.00,$53.87,"$7,972.76",13.00%,1.00,UK,Amazon,0.68%,Nov 2024,10–15%
11/18/2024,Melatonin,Sleep Aid,166.00,$13.97,"$2,319.02",11.00%,3.00,Canada,iHerb,1.81%,Nov 2024,10–15%
11/18/2024,Biotin,Vitamin,153.00,$24.32,"$3,720.96",7.00%,1.00,UK,Walmart,0.65%,Nov 2024,5–10%
11/18/2024,Green Tea Extract,Fat Burner,145.00,$42.09,"$6,103.05",19.00%,2.00,Canada,iHerb,1.38%,Nov 2024,15–20%
11/18/2024,Iron Supplement,Mineral,171.00,$59.23,"$10,128.33",5.00%,2.00,Canada,Amazon,1.17%,Nov 2024,0–5%
11/18/2024,Electrolyte Powder,Hydration,151.00,$33.84,"$5,109.84",20.00%,3.00,USA,Amazon,1.99%,Nov 2024,15–20%
11/25/2024,Whey Protein,Protein,159.00,$13.36,"$2,124.24",5.00%,4.00,UK,Walmart,2.52%,Nov 2024,0–5%
11/25/2024,Vitamin C,Vitamin,157.00,$28.35,"$4,450.95",1.00%,1.00,Canada,iHerb,0.64%,Nov 2024,0–5%
11/25/2024,Fish Oil,Omega,150.00,$18.66,"$2,799.00",13.00%,2.00,UK,Walmart,1.33%,Nov 2024,10–15%
11/25/2024,Multivitamin,Vitamin,140.00,$55.02,"$7,702.80",12.00%,3.00,Canada,Amazon,2.14%,Nov 2024,10–15%
11/25/2024,Pre-Workout,Performance,172.00,$14.79,"$2,543.88",12.00%,2.00,USA,iHerb,1.16%,Nov 2024,10–15%
11/25/2024,BCAA,Amino Acid,147.00,$42.05,"$6,181.35",0.00%,4.00,Canada,iHerb,2.72%,Nov 2024,0–5%
11/25/2024,Creatine,Performance,140.00,$15.45,"$2,163.00",6.00%,0.00,USA,iHerb,0.00%,Nov 2024,5–10%
11/25/2024,Zinc,Mineral,155.00,$43.61,"$6,759.55",9.00%,4.00,UK,iHerb,2.58%,Nov 2024,5–10%
11/25/2024,Collagen Peptides,Protein,168.00,$38.67,"$6,496.56",24.00%,5.00,USA,Walmart,2.98%,Nov 2024,20–25%
11/25/2024,Magnesium,Mineral,148.00,$25.10,"$3,714.80",9.00%,0.00,USA,Amazon,0.00%,Nov 2024,5–10%
11/25/2024,Ashwagandha,Herbal,139.00,$35.54,"$4,940.06",6.00%,1.00,USA,Amazon,0.72%,Nov 2024,5–10%
11/25/2024,Melatonin,Sleep Aid,165.00,$55.70,"$9,190.50",9.00%,2.00,Canada,iHerb,1.21%,Nov 2024,5–10%
11/25/2024,Biotin,Vitamin,185.00,$43.99,"$8,138.15",7.00%,1.00,Canada,Amazon,0.54%,Nov 2024,5–10%
11/25/2024,Green Tea Extract,Fat Burner,148.00,$55.72,"$8,246.56",6.00%,1.00,USA,Walmart,0.68%,Nov 2024,5–10%
11/25/2024,Iron Supplement,Mineral,155.00,$14.80,"$2,294.00",25.00%,2.00,UK,Amazon,1.29%,Nov 2024,20–25%
11/25/2024,Electrolyte Powder,Hydration,148.00,$14.38,"$2,128.24",12.00%,3.00,USA,Walmart,2.03%,Nov 2024,10–15%
12/2/2024,Whey Protein,Protein,168.00,$36.57,"$6,143.76",17.00%,1.00,Canada,iHerb,0.60%,Dec 2024,15–20%
12/2/2024,Vitamin C,Vitamin,126.00,$40.08,"$5,050.08",0.00%,0.00,UK,Walmart,0.00%,Dec 2024,0–5%
12/2/2024,Fish Oil,Omega,139.00,$37.05,"$5,149.95",7.00%,1.00,USA,Walmart,0.72%,Dec 2024,5–10%
12/2/2024,Multivitamin,Vitamin,166.00,$34.77,"$5,771.82",24.00%,2.00,Canada,Walmart,1.20%,Dec 2024,20–25%
12/2/2024,Pre-Workout,Performance,158.00,$11.00,"$1,738.00",16.00%,2.00,Canada,Walmart,1.27%,Dec 2024,15–20%
12/2/2024,BCAA,Amino Acid,132.00,$55.77,"$7,361.64",5.00%,1.00,Canada,Walmart,0.76%,Dec 2024,0–5%
12/2/2024,Creatine,Performance,149.00,$51.23,"$7,633.27",19.00%,1.00,UK,Walmart,0.67%,Dec 2024,15–20%
12/2/2024,Zinc,Mineral,128.00,$43.99,"$5,630.72",18.00%,4.00,UK,Amazon,3.13%,Dec 2024,15–20%
12/2/2024,Collagen Peptides,Protein,148.00,$36.96,"$5,470.08",4.00%,1.00,USA,Amazon,0.68%,Dec 2024,0–5%
12/2/2024,Magnesium,Mineral,152.00,$28.33,"$4,306.16",25.00%,1.00,UK,iHerb,0.66%,Dec 2024,20–25%
12/2/2024,Ashwagandha,Herbal,140.00,$17.08,"$2,391.20",11.00%,0.00,Canada,iHerb,0.00%,Dec 2024,10–15%
12/2/2024,Melatonin,Sleep Aid,148.00,$43.51,"$6,439.48",19.00%,0.00,UK,Walmart,0.00%,Dec 2024,15–20%
12/2/2024,Biotin,Vitamin,149.00,$54.70,"$8,150.30",5.00%,1.00,UK,iHerb,0.67%,Dec 2024,0–5%
12/2/2024,Green Tea Extract,Fat Burner,153.00,$51.51,"$7,881.03",6.00%,1.00,USA,Amazon,0.65%,Dec 2024,5–10%
12/2/2024,Iron Supplement,Mineral,161.00,$30.11,"$4,847.71",1.00%,2.00,USA,Walmart,1.24%,Dec 2024,0–5%
12/2/2024,Electrolyte Powder,Hydration,165.00,$21.58,"$3,560.70",0.00%,2.00,USA,Amazon,1.21%,Dec 2024,0–5%
12/9/2024,Whey Protein,Protein,150.00,$44.73,"$6,709.50",25.00%,1.00,UK,iHerb,0.67%,Dec 2024,20–25%
12/9/2024,Vitamin C,Vitamin,147.00,$33.84,"$4,974.48",22.00%,0.00,Canada,iHerb,0.00%,Dec 2024,20–25%
12/9/2024,Fish Oil,Omega,153.00,$21.15,"$3,235.95",7.00%,0.00,Canada,Walmart,0.00%,Dec 2024,5–10%
12/9/2024,Multivitamin,Vitamin,149.00,$45.92,"$6,842.08",9.00%,0.00,Canada,iHerb,0.00%,Dec 2024,5–10%
12/9/2024,Pre-Workout,Performance,157.00,$48.85,"$7,669.45",18.00%,3.00,Canada,Amazon,1.91%,Dec 2024,15–20%
12/9/2024,BCAA,Amino Acid,138.00,$25.05,"$3,456.90",24.00%,1.00,USA,Amazon,0.72%,Dec 2024,20–25%
12/9/2024,Creatine,Performance,130.00,$32.21,"$4,187.30",25.00%,1.00,UK,iHerb,0.77%,Dec 2024,20–25%
12/9/2024,Zinc,Mineral,152.00,$58.41,"$8,878.32",20.00%,1.00,Canada,Amazon,0.66%,Dec 2024,15–20%
12/9/2024,Collagen Peptides,Protein,143.00,$42.22,"$6,037.46",5.00%,1.00,USA,Amazon,0.70%,Dec 2024,0–5%
12/9/2024,Magnesium,Mineral,167.00,$38.33,"$6,401.11",10.00%,0.00,USA,Amazon,0.00%,Dec 2024,5–10%
12/9/2024,Ashwagandha,Herbal,145.00,$54.79,"$7,944.55",8.00%,1.00,UK,Amazon,0.69%,Dec 2024,5–10%
12/9/2024,Melatonin,Sleep Aid,161.00,$49.91,"$8,035.51",24.00%,3.00,Canada,Amazon,1.86%,Dec 2024,20–25%
12/9/2024,Biotin,Vitamin,147.00,$35.43,"$5,208.21",7.00%,1.00,UK,Walmart,0.68%,Dec 2024,5–10%
12/9/2024,Green Tea Extract,Fat Burner,139.00,$19.22,"$2,671.58",2.00%,3.00,UK,Walmart,2.16%,Dec 2024,0–5%
12/9/2024,Iron Supplement,Mineral,173.00,$52.02,"$8,999.46",5.00%,3.00,USA,iHerb,1.73%,Dec 2024,0–5%
12/9/2024,Electrolyte Powder,Hydration,150.00,$17.07,"$2,560.50",8.00%,0.00,USA,Amazon,0.00%,Dec 2024,5–10%
12/16/2024,Whey Protein,Protein,143.00,$21.80,"$3,117.40",7.00%,5.00,USA,iHerb,3.50%,Dec 2024,5–10%
12/16/2024,Vitamin C,Vitamin,140.00,$44.34,"$6,207.60",21.00%,1.00,UK,Walmart,0.71%,Dec 2024,20–25%
12/16/2024,Fish Oil,Omega,166.00,$19.85,"$3,295.10",8.00%,2.00,USA,Walmart,1.20%,Dec 2024,5–10%
12/16/2024,Multivitamin,Vitamin,145.00,$21.85,"$3,168.25",18.00%,1.00,USA,iHerb,0.69%,Dec 2024,15–20%
12/16/2024,Pre-Workout,Performance,148.00,$44.31,"$6,557.88",6.00%,3.00,Canada,Amazon,2.03%,Dec 2024,5–10%
12/16/2024,BCAA,Amino Acid,158.00,$58.75,"$9,282.50",17.00%,1.00,USA,iHerb,0.63%,Dec 2024,15–20%
12/16/2024,Creatine,Performance,136.00,$18.24,"$2,480.64",11.00%,1.00,USA,Amazon,0.74%,Dec 2024,10–15%
12/16/2024,Zinc,Mineral,158.00,$51.09,"$8,072.22",8.00%,1.00,Canada,Amazon,0.63%,Dec 2024,5–10%
12/16/2024,Collagen Peptides,Protein,160.00,$25.40,"$4,064.00",10.00%,1.00,USA,iHerb,0.63%,Dec 2024,5–10%
12/16/2024,Magnesium,Mineral,153.00,$46.28,"$7,080.84",14.00%,0.00,UK,iHerb,0.00%,Dec 2024,10–15%
12/16/2024,Ashwagandha,Herbal,143.00,$29.52,"$4,221.36",13.00%,1.00,UK,Walmart,0.70%,Dec 2024,10–15%
12/16/2024,Melatonin,Sleep Aid,160.00,$57.32,"$9,171.20",9.00%,1.00,USA,iHerb,0.63%,Dec 2024,5–10%
12/16/2024,Biotin,Vitamin,157.00,$28.92,"$4,540.44",19.00%,3.00,Canada,Walmart,1.91%,Dec 2024,15–20%
12/16/2024,Green Tea Extract,Fat Burner,160.00,$51.37,"$8,219.20",19.00%,2.00,USA,iHerb,1.25%,Dec 2024,15–20%
12/16/2024,Iron Supplement,Mineral,147.00,$33.04,"$4,856.88",1.00%,1.00,Canada,Amazon,0.68%,Dec 2024,0–5%
12/16/2024,Electrolyte Powder,Hydration,153.00,$44.27,"$6,773.31",21.00%,1.00,Canada,Amazon,0.65%,Dec 2024,20–25%
12/23/2024,Whey Protein,Protein,169.00,$52.01,"$8,789.69",21.00%,1.00,USA,Amazon,0.59%,Dec 2024,20–25%
12/23/2024,Vitamin C,Vitamin,143.00,$50.57,"$7,231.51",21.00%,1.00,Canada,Walmart,0.70%,Dec 2024,20–25%
12/23/2024,Fish Oil,Omega,153.00,$33.44,"$5,116.32",25.00%,0.00,USA,Amazon,0.00%,Dec 2024,20–25%
12/23/2024,Multivitamin,Vitamin,139.00,$46.24,"$6,427.36",16.00%,0.00,USA,iHerb,0.00%,Dec 2024,15–20%
12/23/2024,Pre-Workout,Performance,161.00,$16.75,"$2,696.75",11.00%,0.00,Canada,iHerb,0.00%,Dec 2024,10–15%
12/23/2024,BCAA,Amino Acid,141.00,$52.59,"$7,415.19",20.00%,1.00,UK,Amazon,0.71%,Dec 2024,15–20%
12/23/2024,Creatine,Performance,158.00,$27.04,"$4,272.32",18.00%,2.00,USA,iHerb,1.27%,Dec 2024,15–20%
12/23/2024,Zinc,Mineral,154.00,$44.15,"$6,799.10",10.00%,3.00,USA,iHerb,1.95%,Dec 2024,5–10%
12/23/2024,Collagen Peptides,Protein,136.00,$27.11,"$3,686.96",3.00%,1.00,Canada,Walmart,0.74%,Dec 2024,0–5%
12/23/2024,Magnesium,Mineral,145.00,$31.54,"$4,573.30",17.00%,1.00,USA,Walmart,0.69%,Dec 2024,15–20%
12/23/2024,Ashwagandha,Herbal,139.00,$40.34,"$5,607.26",16.00%,1.00,Canada,Walmart,0.72%,Dec 2024,15–20%
12/23/2024,Melatonin,Sleep Aid,173.00,$13.07,"$2,261.11",8.00%,0.00,Canada,Amazon,0.00%,Dec 2024,5–10%
12/23/2024,Biotin,Vitamin,151.00,$38.75,"$5,851.25",19.00%,4.00,USA,Amazon,2.65%,Dec 2024,15–20%
12/23/2024,Green Tea Extract,Fat Burner,167.00,$26.93,"$4,497.31",6.00%,0.00,Canada,iHerb,0.00%,Dec 2024,5–10%
12/23/2024,Iron Supplement,Mineral,152.00,$21.36,"$3,246.72",18.00%,2.00,UK,Amazon,1.32%,Dec 2024,15–20%
12/23/2024,Electrolyte Powder,Hydration,168.00,$27.38,"$4,599.84",6.00%,1.00,USA,Amazon,0.60%,Dec 2024,5–10%
12/30/2024,Whey Protein,Protein,131.00,$14.33,"$1,877.23",7.00%,0.00,UK,Walmart,0.00%,Dec 2024,5–10%
12/30/2024,Vitamin C,Vitamin,161.00,$25.42,"$4,092.62",14.00%,1.00,USA,Amazon,0.62%,Dec 2024,10–15%
12/30/2024,Fish Oil,Omega,142.00,$49.89,"$7,084.38",24.00%,1.00,Canada,Walmart,0.70%,Dec 2024,20–25%
12/30/2024,Multivitamin,Vitamin,118.00,$47.96,"$5,659.28",14.00%,2.00,USA,iHerb,1.69%,Dec 2024,10–15%
12/30/2024,Pre-Workout,Performance,157.00,$54.29,"$8,523.53",20.00%,1.00,USA,iHerb,0.64%,Dec 2024,15–20%
12/30/2024,BCAA,Amino Acid,143.00,$35.10,"$5,019.30",15.00%,0.00,UK,Walmart,0.00%,Dec 2024,10–15%
12/30/2024,Creatine,Performance,156.00,$41.01,"$6,397.56",6.00%,1.00,Canada,iHerb,0.64%,Dec 2024,5–10%
12/30/2024,Zinc,Mineral,139.00,$34.40,"$4,781.60",6.00%,0.00,Canada,Amazon,0.00%,Dec 2024,5–10%
12/30/2024,Collagen Peptides,Protein,156.00,$59.48,"$9,278.88",13.00%,1.00,UK,Walmart,0.64%,Dec 2024,10–15%
12/30/2024,Magnesium,Mineral,156.00,$51.01,"$7,957.56",8.00%,5.00,USA,Walmart,3.21%,Dec 2024,5–10%
12/30/2024,Ashwagandha,Herbal,154.00,$13.64,"$2,100.56",9.00%,2.00,USA,iHerb,1.30%,Dec 2024,5–10%
12/30/2024,Melatonin,Sleep Aid,156.00,$27.81,"$4,338.36",7.00%,2.00,Canada,iHerb,1.28%,Dec 2024,5–10%
12/30/2024,Biotin,Vitamin,144.00,$20.37,"$2,933.28",10.00%,0.00,USA,iHerb,0.00%,Dec 2024,5–10%
12/30/2024,Green Tea Extract,Fat Burner,183.00,$55.67,"$10,187.61",11.00%,1.00,Canada,Walmart,0.55%,Dec 2024,10–15%
12/30/2024,Iron Supplement,Mineral,140.00,$44.28,"$6,199.20",12.00%,0.00,USA,iHerb,0.00%,Dec 2024,10–15%
12/30/2024,Electrolyte Powder,Hydration,147.00,$32.51,"$4,778.97",8.00%,0.00,USA,Amazon,0.00%,Dec 2024,5–10%
1/6/2025,Whey Protein,Protein,148.00,$10.85,"$1,605.80",15.00%,3.00,Canada,Amazon,2.03%,Jan 2025,10–15%
1/6/2025,Vitamin C,Vitamin,139.00,$48.61,"$6,756.79",6.00%,0.00,USA,Walmart,0.00%,Jan 2025,5–10%
1/6/2025,Fish Oil,Omega,146.00,$53.71,"$7,841.66",15.00%,1.00,Canada,Walmart,0.68%,Jan 2025,10–15%
1/6/2025,Multivitamin,Vitamin,151.00,$15.66,"$2,364.66",5.00%,4.00,Canada,Amazon,2.65%,Jan 2025,0–5%
1/6/2025,Pre-Workout,Performance,180.00,$17.26,"$3,106.80",11.00%,0.00,USA,iHerb,0.00%,Jan 2025,10–15%
1/6/2025,BCAA,Amino Acid,156.00,$12.90,"$2,012.40",12.00%,4.00,Canada,Walmart,2.56%,Jan 2025,10–15%
1/6/2025,Creatine,Performance,147.00,$59.90,"$8,805.30",13.00%,1.00,USA,Walmart,0.68%,Jan 2025,10–15%
1/6/2025,Zinc,Mineral,146.00,$35.61,"$5,199.06",11.00%,1.00,USA,Amazon,0.68%,Jan 2025,10–15%
1/6/2025,Collagen Peptides,Protein,136.00,$35.43,"$4,818.48",1.00%,0.00,Canada,Amazon,0.00%,Jan 2025,0–5%
1/6/2025,Magnesium,Mineral,177.00,$13.17,"$2,331.09",17.00%,0.00,USA,iHerb,0.00%,Jan 2025,15–20%
1/6/2025,Ashwagandha,Herbal,159.00,$42.55,"$6,765.45",18.00%,0.00,UK,Walmart,0.00%,Jan 2025,15–20%
1/6/2025,Melatonin,Sleep Aid,158.00,$26.98,"$4,262.84",24.00%,1.00,UK,Amazon,0.63%,Jan 2025,20–25%
1/6/2025,Biotin,Vitamin,186.00,$33.88,"$6,301.68",2.00%,2.00,USA,Walmart,1.08%,Jan 2025,0–5%
1/6/2025,Green Tea Extract,Fat Burner,129.00,$22.94,"$2,959.26",19.00%,0.00,USA,Walmart,0.00%,Jan 2025,15–20%
1/6/2025,Iron Supplement,Mineral,164.00,$11.76,"$1,928.64",10.00%,5.00,UK,iHerb,3.05%,Jan 2025,5–10%
1/6/2025,Electrolyte Powder,Hydration,132.00,$47.56,"$6,277.92",8.00%,2.00,USA,Amazon,1.52%,Jan 2025,5–10%
1/13/2025,Whey Protein,Protein,138.00,$23.26,"$3,209.88",11.00%,2.00,UK,iHerb,1.45%,Jan 2025,10–15%
1/13/2025,Vitamin C,Vitamin,160.00,$56.42,"$9,027.20",7.00%,1.00,Canada,Walmart,0.63%,Jan 2025,5–10%
1/13/2025,Fish Oil,Omega,154.00,$12.33,"$1,898.82",15.00%,1.00,UK,iHerb,0.65%,Jan 2025,10–15%
1/13/2025,Multivitamin,Vitamin,159.00,$37.61,"$5,979.99",0.00%,2.00,Canada,Amazon,1.26%,Jan 2025,0–5%
1/13/2025,Pre-Workout,Performance,159.00,$33.23,"$5,283.57",24.00%,1.00,Canada,Walmart,0.63%,Jan 2025,20–25%
1/13/2025,BCAA,Amino Acid,139.00,$37.94,"$5,273.66",24.00%,2.00,USA,iHerb,1.44%,Jan 2025,20–25%
1/13/2025,Creatine,Performance,143.00,$41.24,"$5,897.32",15.00%,0.00,UK,Amazon,0.00%,Jan 2025,10–15%
1/13/2025,Zinc,Mineral,155.00,$10.93,"$1,694.15",13.00%,5.00,Canada,iHerb,3.23%,Jan 2025,10–15%
1/13/2025,Collagen Peptides,Protein,145.00,$14.81,"$2,147.45",18.00%,0.00,Canada,Walmart,0.00%,Jan 2025,15–20%
1/13/2025,Magnesium,Mineral,141.00,$39.64,"$5,589.24",19.00%,2.00,Canada,iHerb,1.42%,Jan 2025,15–20%
1/13/2025,Ashwagandha,Herbal,153.00,$32.61,"$4,989.33",6.00%,0.00,UK,Walmart,0.00%,Jan 2025,5–10%
1/13/2025,Melatonin,Sleep Aid,146.00,$12.13,"$1,770.98",3.00%,0.00,USA,Walmart,0.00%,Jan 2025,0–5%
1/13/2025,Biotin,Vitamin,153.00,$18.31,"$2,801.43",15.00%,2.00,Canada,iHerb,1.31%,Jan 2025,10–15%
1/13/2025,Green Tea Extract,Fat Burner,144.00,$14.91,"$2,147.04",23.00%,1.00,UK,Walmart,0.69%,Jan 2025,20–25%
1/13/2025,Iron Supplement,Mineral,161.00,$37.17,"$5,984.37",2.00%,3.00,USA,Amazon,1.86%,Jan 2025,0–5%
1/13/2025,Electrolyte Powder,Hydration,154.00,$35.95,"$5,536.30",10.00%,1.00,USA,iHerb,0.65%,Jan 2025,5–10%
1/20/2025,Whey Protein,Protein,155.00,$39.79,"$6,167.45",21.00%,3.00,UK,Amazon,1.94%,Jan 2025,20–25%
1/20/2025,Vitamin C,Vitamin,151.00,$41.98,"$6,338.98",11.00%,0.00,Canada,iHerb,0.00%,Jan 2025,10–15%
1/20/2025,Fish Oil,Omega,146.00,$12.43,"$1,814.78",17.00%,3.00,UK,iHerb,2.05%,Jan 2025,15–20%
1/20/2025,Multivitamin,Vitamin,155.00,$45.38,"$7,033.90",11.00%,0.00,Canada,iHerb,0.00%,Jan 2025,10–15%
1/20/2025,Pre-Workout,Performance,183.00,$43.27,"$7,918.41",13.00%,0.00,Canada,Walmart,0.00%,Jan 2025,10–15%
1/20/2025,BCAA,Amino Acid,159.00,$40.57,"$6,450.63",3.00%,2.00,Canada,iHerb,1.26%,Jan 2025,0–5%
1/20/2025,Creatine,Performance,128.00,$37.63,"$4,816.64",22.00%,2.00,UK,iHerb,1.56%,Jan 2025,20–25%
1/20/2025,Zinc,Mineral,140.00,$38.66,"$5,412.40",15.00%,0.00,Canada,Walmart,0.00%,Jan 2025,10–15%
1/20/2025,Collagen Peptides,Protein,143.00,$34.44,"$4,924.92",4.00%,2.00,Canada,iHerb,1.40%,Jan 2025,0–5%
1/20/2025,Magnesium,Mineral,157.00,$11.37,"$1,785.09",5.00%,1.00,Canada,Amazon,0.64%,Jan 2025,0–5%
1/20/2025,Ashwagandha,Herbal,136.00,$29.57,"$4,021.52",24.00%,2.00,UK,iHerb,1.47%,Jan 2025,20–25%
1/20/2025,Melatonin,Sleep Aid,155.00,$33.42,"$5,180.10",10.00%,1.00,UK,iHerb,0.65%,Jan 2025,5–10%
1/20/2025,Biotin,Vitamin,146.00,$36.40,"$5,314.40",19.00%,1.00,USA,Walmart,0.68%,Jan 2025,15–20%
1/20/2025,Green Tea Extract,Fat Burner,158.00,$58.09,"$9,178.22",10.00%,3.00,Canada,iHerb,1.90%,Jan 2025,5–10%
1/20/2025,Iron Supplement,Mineral,163.00,$42.73,"$6,964.99",2.00%,4.00,USA,iHerb,2.45%,Jan 2025,0–5%
1/20/2025,Electrolyte Powder,Hydration,132.00,$26.50,"$3,498.00",11.00%,1.00,USA,Amazon,0.76%,Jan 2025,10–15%
1/27/2025,Whey Protein,Protein,170.00,$59.39,"$10,096.30",15.00%,0.00,Canada,Amazon,0.00%,Jan 2025,10–15%
1/27/2025,Vitamin C,Vitamin,138.00,$12.52,"$1,727.76",12.00%,0.00,Canada,Walmart,0.00%,Jan 2025,10–15%
1/27/2025,Fish Oil,Omega,148.00,$32.94,"$4,875.12",4.00%,1.00,Canada,Walmart,0.68%,Jan 2025,0–5%
1/27/2025,Multivitamin,Vitamin,145.00,$39.22,"$5,686.90",15.00%,0.00,USA,Walmart,0.00%,Jan 2025,10–15%
1/27/2025,Pre-Workout,Performance,146.00,$26.69,"$3,896.74",14.00%,1.00,Canada,Amazon,0.68%,Jan 2025,10–15%
1/27/2025,BCAA,Amino Acid,147.00,$18.11,"$2,662.17",15.00%,1.00,USA,Amazon,0.68%,Jan 2025,10–15%
1/27/2025,Creatine,Performance,143.00,$37.56,"$5,371.08",12.00%,2.00,Canada,Walmart,1.40%,Jan 2025,10–15%
1/27/2025,Zinc,Mineral,155.00,$10.05,"$1,557.75",13.00%,1.00,UK,iHerb,0.65%,Jan 2025,10–15%
1/27/2025,Collagen Peptides,Protein,131.00,$47.34,"$6,201.54",10.00%,2.00,UK,iHerb,1.53%,Jan 2025,5–10%
1/27/2025,Magnesium,Mineral,150.00,$24.51,"$3,676.50",10.00%,1.00,UK,Amazon,0.67%,Jan 2025,5–10%
1/27/2025,Ashwagandha,Herbal,155.00,$14.63,"$2,267.65",17.00%,2.00,USA,Walmart,1.29%,Jan 2025,15–20%
1/27/2025,Melatonin,Sleep Aid,147.00,$30.55,"$4,490.85",20.00%,3.00,USA,Walmart,2.04%,Jan 2025,15–20%
1/27/2025,Biotin,Vitamin,157.00,$43.52,"$6,832.64",6.00%,1.00,Canada,iHerb,0.64%,Jan 2025,5–10%
1/27/2025,Green Tea Extract,Fat Burner,138.00,$42.43,"$5,855.34",15.00%,2.00,UK,iHerb,1.45%,Jan 2025,10–15%
1/27/2025,Iron Supplement,Mineral,140.00,$41.66,"$5,832.40",16.00%,2.00,USA,iHerb,1.43%,Jan 2025,15–20%
1/27/2025,Electrolyte Powder,Hydration,142.00,$32.01,"$4,545.42",17.00%,1.00,USA,Walmart,0.70%,Jan 2025,15–20%
2/3/2025,Whey Protein,Protein,177.00,$43.75,"$7,743.75",14.00%,1.00,UK,Walmart,0.56%,Feb 2025,10–15%
2/3/2025,Vitamin C,Vitamin,126.00,$17.87,"$2,251.62",5.00%,4.00,UK,Walmart,3.17%,Feb 2025,0–5%
2/3/2025,Fish Oil,Omega,158.00,$39.55,"$6,248.90",13.00%,3.00,Canada,iHerb,1.90%,Feb 2025,10–15%
2/3/2025,Multivitamin,Vitamin,158.00,$20.58,"$3,251.64",16.00%,0.00,Canada,iHerb,0.00%,Feb 2025,15–20%
2/3/2025,Pre-Workout,Performance,127.00,$11.22,"$1,424.94",14.00%,2.00,UK,iHerb,1.57%,Feb 2025,10–15%
2/3/2025,BCAA,Amino Acid,146.00,$45.69,"$6,670.74",23.00%,2.00,Canada,iHerb,1.37%,Feb 2025,20–25%
2/3/2025,Creatine,Performance,153.00,$10.77,"$1,647.81",17.00%,1.00,Canada,Amazon,0.65%,Feb 2025,15–20%
2/3/2025,Zinc,Mineral,165.00,$36.53,"$6,027.45",19.00%,3.00,Canada,Walmart,1.82%,Feb 2025,15–20%
2/3/2025,Collagen Peptides,Protein,155.00,$59.11,"$9,162.05",24.00%,3.00,Canada,Amazon,1.94%,Feb 2025,20–25%
2/3/2025,Magnesium,Mineral,158.00,$15.19,"$2,400.02",7.00%,0.00,Canada,iHerb,0.00%,Feb 2025,5–10%
2/3/2025,Ashwagandha,Herbal,134.00,$17.33,"$2,322.22",23.00%,2.00,USA,Amazon,1.49%,Feb 2025,20–25%
2/3/2025,Melatonin,Sleep Aid,127.00,$50.95,"$6,470.65",20.00%,3.00,USA,Amazon,2.36%,Feb 2025,15–20%
2/3/2025,Biotin,Vitamin,147.00,$47.92,"$7,044.24",7.00%,2.00,UK,Walmart,1.36%,Feb 2025,5–10%
2/3/2025,Green Tea Extract,Fat Burner,151.00,$23.79,"$3,592.29",13.00%,2.00,USA,iHerb,1.32%,Feb 2025,10–15%
2/3/2025,Iron Supplement,Mineral,175.00,$56.83,"$9,945.25",20.00%,2.00,USA,iHerb,1.14%,Feb 2025,15–20%
2/3/2025,Electrolyte Powder,Hydration,161.00,$22.20,"$3,574.20",5.00%,3.00,Canada,Amazon,1.86%,Feb 2025,0–5%
2/10/2025,Whey Protein,Protein,158.00,$40.75,"$6,438.50",11.00%,0.00,UK,iHerb,0.00%,Feb 2025,10–15%
2/10/2025,Vitamin C,Vitamin,151.00,$14.81,"$2,236.31",12.00%,2.00,USA,Walmart,1.32%,Feb 2025,10–15%
2/10/2025,Fish Oil,Omega,121.00,$22.88,"$2,768.48",1.00%,0.00,Canada,Amazon,0.00%,Feb 2025,0–5%
2/10/2025,Multivitamin,Vitamin,135.00,$50.17,"$6,772.95",11.00%,0.00,UK,Walmart,0.00%,Feb 2025,10–15%
2/10/2025,Pre-Workout,Performance,131.00,$49.90,"$6,536.90",9.00%,0.00,UK,iHerb,0.00%,Feb 2025,5–10%
2/10/2025,BCAA,Amino Acid,147.00,$11.48,"$1,687.56",16.00%,1.00,USA,Walmart,0.68%,Feb 2025,15–20%
2/10/2025,Creatine,Performance,158.00,$27.10,"$4,281.80",13.00%,1.00,USA,Walmart,0.63%,Feb 2025,10–15%
2/10/2025,Zinc,Mineral,157.00,$14.09,"$2,212.13",16.00%,2.00,Canada,iHerb,1.27%,Feb 2025,15–20%
2/10/2025,Collagen Peptides,Protein,145.00,$52.15,"$7,561.75",4.00%,3.00,Canada,iHerb,2.07%,Feb 2025,0–5%
2/10/2025,Magnesium,Mineral,148.00,$50.70,"$7,503.60",13.00%,1.00,USA,Amazon,0.68%,Feb 2025,10–15%
2/10/2025,Ashwagandha,Herbal,170.00,$22.85,"$3,884.50",9.00%,3.00,UK,Amazon,1.76%,Feb 2025,5–10%
2/10/2025,Melatonin,Sleep Aid,174.00,$53.19,"$9,255.06",6.00%,5.00,Canada,Walmart,2.87%,Feb 2025,5–10%
2/10/2025,Biotin,Vitamin,153.00,$11.71,"$1,791.63",4.00%,0.00,UK,iHerb,0.00%,Feb 2025,0–5%
2/10/2025,Green Tea Extract,Fat Burner,160.00,$58.46,"$9,353.60",16.00%,2.00,UK,iHerb,1.25%,Feb 2025,15–20%
2/10/2025,Iron Supplement,Mineral,139.00,$43.39,"$6,031.21",22.00%,4.00,UK,Walmart,2.88%,Feb 2025,20–25%
2/10/2025,Electrolyte Powder,Hydration,134.00,$50.17,"$6,722.78",22.00%,1.00,UK,Walmart,0.75%,Feb 2025,20–25%
2/17/2025,Whey Protein,Protein,145.00,$25.28,"$3,665.60",6.00%,1.00,USA,Walmart,0.69%,Feb 2025,5–10%
2/17/2025,Vitamin C,Vitamin,139.00,$57.83,"$8,038.37",21.00%,3.00,USA,iHerb,2.16%,Feb 2025,20–25%
2/17/2025,Fish Oil,Omega,162.00,$50.60,"$8,197.20",23.00%,4.00,USA,iHerb,2.47%,Feb 2025,20–25%
2/17/2025,Multivitamin,Vitamin,157.00,$11.99,"$1,882.43",4.00%,4.00,UK,Amazon,2.55%,Feb 2025,0–5%
2/17/2025,Pre-Workout,Performance,149.00,$33.25,"$4,954.25",17.00%,0.00,Canada,iHerb,0.00%,Feb 2025,15–20%
2/17/2025,BCAA,Amino Acid,140.00,$41.53,"$5,814.20",4.00%,2.00,UK,iHerb,1.43%,Feb 2025,0–5%
2/17/2025,Creatine,Performance,145.00,$14.90,"$2,160.50",17.00%,1.00,Canada,Amazon,0.69%,Feb 2025,15–20%
2/17/2025,Zinc,Mineral,161.00,$43.27,"$6,966.47",23.00%,0.00,UK,iHerb,0.00%,Feb 2025,20–25%
2/17/2025,Collagen Peptides,Protein,155.00,$34.72,"$5,381.60",1.00%,0.00,USA,Walmart,0.00%,Feb 2025,0–5%
2/17/2025,Magnesium,Mineral,147.00,$33.98,"$4,995.06",15.00%,3.00,UK,Amazon,2.04%,Feb 2025,10–15%
2/17/2025,Ashwagandha,Herbal,143.00,$53.08,"$7,590.44",5.00%,1.00,UK,Walmart,0.70%,Feb 2025,0–5%
2/17/2025,Melatonin,Sleep Aid,139.00,$23.55,"$3,273.45",10.00%,1.00,USA,iHerb,0.72%,Feb 2025,5–10%
2/17/2025,Biotin,Vitamin,154.00,$26.52,"$4,084.08",21.00%,0.00,UK,Amazon,0.00%,Feb 2025,20–25%
2/17/2025,Green Tea Extract,Fat Burner,125.00,$54.84,"$6,855.00",6.00%,2.00,UK,Amazon,1.60%,Feb 2025,5–10%
2/17/2025,Iron Supplement,Mineral,143.00,$37.83,"$5,409.69",21.00%,1.00,Canada,Amazon,0.70%,Feb 2025,20–25%
2/17/2025,Electrolyte Powder,Hydration,154.00,$49.48,"$7,619.92",5.00%,2.00,Canada,iHerb,1.30%,Feb 2025,0–5%
2/24/2025,Whey Protein,Protein,150.00,$34.73,"$5,209.50",3.00%,2.00,USA,Walmart,1.33%,Feb 2025,0–5%
2/24/2025,Vitamin C,Vitamin,150.00,$53.95,"$8,092.50",22.00%,1.00,UK,iHerb,0.67%,Feb 2025,20–25%
2/24/2025,Fish Oil,Omega,148.00,$35.98,"$5,325.04",24.00%,2.00,UK,Amazon,1.35%,Feb 2025,20–25%
2/24/2025,Multivitamin,Vitamin,142.00,$41.36,"$5,873.12",16.00%,2.00,UK,Amazon,1.41%,Feb 2025,15–20%
2/24/2025,Pre-Workout,Performance,137.00,$26.89,"$3,683.93",11.00%,0.00,USA,Amazon,0.00%,Feb 2025,10–15%
2/24/2025,BCAA,Amino Acid,162.00,$55.68,"$9,020.16",4.00%,0.00,USA,Amazon,0.00%,Feb 2025,0–5%
2/24/2025,Creatine,Performance,149.00,$56.87,"$8,473.63",0.00%,1.00,UK,Amazon,0.67%,Feb 2025,0–5%
2/24/2025,Zinc,Mineral,172.00,$14.66,"$2,521.52",8.00%,2.00,UK,Amazon,1.16%,Feb 2025,5–10%
2/24/2025,Collagen Peptides,Protein,137.00,$51.82,"$7,099.34",22.00%,0.00,Canada,iHerb,0.00%,Feb 2025,20–25%
2/24/2025,Magnesium,Mineral,136.00,$39.74,"$5,404.64",9.00%,3.00,Canada,Walmart,2.21%,Feb 2025,5–10%
2/24/2025,Ashwagandha,Herbal,158.00,$41.23,"$6,514.34",3.00%,1.00,UK,iHerb,0.63%,Feb 2025,0–5%
2/24/2025,Melatonin,Sleep Aid,137.00,$40.82,"$5,592.34",14.00%,0.00,Canada,Amazon,0.00%,Feb 2025,10–15%
2/24/2025,Biotin,Vitamin,131.00,$39.19,"$5,133.89",24.00%,1.00,Canada,Walmart,0.76%,Feb 2025,20–25%
2/24/2025,Green Tea Extract,Fat Burner,177.00,$31.79,"$5,626.83",13.00%,2.00,USA,Amazon,1.13%,Feb 2025,10–15%
2/24/2025,Iron Supplement,Mineral,145.00,$11.46,"$1,661.70",11.00%,1.00,USA,iHerb,0.69%,Feb 2025,10–15%
2/24/2025,Electrolyte Powder,Hydration,154.00,$31.37,"$4,830.98",12.00%,2.00,Canada,Amazon,1.30%,Feb 2025,10–15%
3/3/2025,Whey Protein,Protein,160.00,$27.08,"$4,332.80",25.00%,3.00,Canada,iHerb,1.88%,Mar 2025,20–25%
3/3/2025,Vitamin C,Vitamin,141.00,$25.70,"$3,623.70",11.00%,3.00,Canada,Amazon,2.13%,Mar 2025,10–15%
3/3/2025,Fish Oil,Omega,161.00,$23.60,"$3,799.60",15.00%,1.00,UK,iHerb,0.62%,Mar 2025,10–15%
3/3/2025,Multivitamin,Vitamin,132.00,$17.15,"$2,263.80",17.00%,2.00,Canada,Walmart,1.52%,Mar 2025,15–20%
3/3/2025,Pre-Workout,Performance,162.00,$49.17,"$7,965.54",25.00%,3.00,UK,Amazon,1.85%,Mar 2025,20–25%
3/3/2025,BCAA,Amino Acid,159.00,$31.09,"$4,943.31",18.00%,2.00,UK,Amazon,1.26%,Mar 2025,15–20%
3/3/2025,Creatine,Performance,155.00,$32.44,"$5,028.20",3.00%,2.00,USA,iHerb,1.29%,Mar 2025,0–5%
3/3/2025,Zinc,Mineral,141.00,$10.87,"$1,532.67",10.00%,2.00,Canada,Amazon,1.42%,Mar 2025,5–10%
3/3/2025,Collagen Peptides,Protein,151.00,$33.49,"$5,056.99",7.00%,1.00,Canada,Walmart,0.66%,Mar 2025,5–10%
3/3/2025,Magnesium,Mineral,147.00,$12.06,"$1,772.82",17.00%,3.00,UK,Amazon,2.04%,Mar 2025,15–20%
3/3/2025,Ashwagandha,Herbal,181.00,$36.57,"$6,619.17",1.00%,2.00,UK,iHerb,1.10%,Mar 2025,0–5%
3/3/2025,Melatonin,Sleep Aid,134.00,$15.69,"$2,102.46",13.00%,1.00,UK,iHerb,0.75%,Mar 2025,10–15%
3/3/2025,Biotin,Vitamin,142.00,$16.41,"$2,330.22",19.00%,2.00,Canada,Walmart,1.41%,Mar 2025,15–20%
3/3/2025,Green Tea Extract,Fat Burner,154.00,$48.14,"$7,413.56",16.00%,4.00,USA,Walmart,2.60%,Mar 2025,15–20%
3/3/2025,Iron Supplement,Mineral,153.00,$29.08,"$4,449.24",4.00%,2.00,UK,Amazon,1.31%,Mar 2025,0–5%
3/3/2025,Electrolyte Powder,Hydration,158.00,$17.92,"$2,831.36",2.00%,3.00,UK,Walmart,1.90%,Mar 2025,0–5%
3/10/2025,Whey Protein,Protein,140.00,$24.03,"$3,364.20",10.00%,2.00,UK,Amazon,1.43%,Mar 2025,5–10%
3/10/2025,Vitamin C,Vitamin,166.00,$44.32,"$7,357.12",9.00%,5.00,Canada,Walmart,3.01%,Mar 2025,5–10%
3/10/2025,Fish Oil,Omega,143.00,$35.78,"$5,116.54",4.00%,0.00,USA,iHerb,0.00%,Mar 2025,0–5%
3/10/2025,Multivitamin,Vitamin,157.00,$33.03,"$5,185.71",17.00%,2.00,USA,iHerb,1.27%,Mar 2025,15–20%
3/10/2025,Pre-Workout,Performance,155.00,$43.29,"$6,709.95",5.00%,1.00,UK,iHerb,0.65%,Mar 2025,0–5%
3/10/2025,BCAA,Amino Acid,148.00,$48.72,"$7,210.56",9.00%,0.00,USA,Walmart,0.00%,Mar 2025,5–10%
3/10/2025,Creatine,Performance,141.00,$46.58,"$6,567.78",12.00%,2.00,UK,Amazon,1.42%,Mar 2025,10–15%
3/10/2025,Zinc,Mineral,147.00,$59.18,"$8,699.46",17.00%,3.00,Canada,Amazon,2.04%,Mar 2025,15–20%
3/10/2025,Collagen Peptides,Protein,150.00,$51.58,"$7,737.00",25.00%,2.00,USA,iHerb,1.33%,Mar 2025,20–25%
3/10/2025,Magnesium,Mineral,161.00,$22.96,"$3,696.56",9.00%,3.00,Canada,iHerb,1.86%,Mar 2025,5–10%
3/10/2025,Ashwagandha,Herbal,124.00,$28.62,"$3,548.88",10.00%,3.00,UK,Walmart,2.42%,Mar 2025,5–10%
3/10/2025,Melatonin,Sleep Aid,165.00,$23.65,"$3,902.25",12.00%,1.00,USA,Amazon,0.61%,Mar 2025,10–15%
3/10/2025,Biotin,Vitamin,145.00,$37.16,"$5,388.20",8.00%,2.00,UK,iHerb,1.38%,Mar 2025,5–10%
3/10/2025,Green Tea Extract,Fat Burner,143.00,$12.62,"$1,804.66",25.00%,1.00,Canada,iHerb,0.70%,Mar 2025,20–25%
3/10/2025,Iron Supplement,Mineral,166.00,$45.05,"$7,478.30",3.00%,2.00,UK,iHerb,1.20%,Mar 2025,0–5%
3/10/2025,Electrolyte Powder,Hydration,160.00,$54.64,"$8,742.40",7.00%,1.00,USA,Walmart,0.63%,Mar 2025,5–10%
3/17/2025,Whey Protein,Protein,166.00,$10.07,"$1,671.62",9.00%,3.00,Canada,iHerb,1.81%,Mar 2025,5–10%
3/17/2025,Vitamin C,Vitamin,109.00,$24.06,"$2,622.54",23.00%,2.00,UK,Amazon,1.83%,Mar 2025,20–25%
3/17/2025,Fish Oil,Omega,151.00,$26.60,"$4,016.60",6.00%,3.00,UK,Walmart,1.99%,Mar 2025,5–10%
3/17/2025,Multivitamin,Vitamin,132.00,$41.72,"$5,507.04",3.00%,1.00,USA,Walmart,0.76%,Mar 2025,0–5%
3/17/2025,Pre-Workout,Performance,153.00,$21.74,"$3,326.22",7.00%,2.00,Canada,Amazon,1.31%,Mar 2025,5–10%
3/17/2025,BCAA,Amino Acid,163.00,$25.02,"$4,078.26",1.00%,1.00,Canada,Walmart,0.61%,Mar 2025,0–5%
3/17/2025,Creatine,Performance,152.00,$45.63,"$6,935.76",5.00%,0.00,Canada,Walmart,0.00%,Mar 2025,0–5%
3/17/2025,Zinc,Mineral,144.00,$15.33,"$2,207.52",6.00%,0.00,USA,Amazon,0.00%,Mar 2025,5–10%
3/17/2025,Collagen Peptides,Protein,158.00,$17.22,"$2,720.76",15.00%,0.00,UK,Amazon,0.00%,Mar 2025,10–15%
3/17/2025,Magnesium,Mineral,146.00,$37.94,"$5,539.24",3.00%,0.00,UK,Walmart,0.00%,Mar 2025,0–5%
3/17/2025,Ashwagandha,Herbal,162.00,$14.09,"$2,282.58",3.00%,3.00,USA,Amazon,1.85%,Mar 2025,0–5%
3/17/2025,Melatonin,Sleep Aid,141.00,$21.82,"$3,076.62",16.00%,0.00,Canada,iHerb,0.00%,Mar 2025,15–20%
3/17/2025,Biotin,Vitamin,134.00,$44.68,"$5,987.12",12.00%,2.00,UK,iHerb,1.49%,Mar 2025,10–15%
3/17/2025,Green Tea Extract,Fat Burner,167.00,$33.09,"$5,526.03",25.00%,1.00,UK,Walmart,0.60%,Mar 2025,20–25%
3/17/2025,Iron Supplement,Mineral,143.00,$37.94,"$5,425.42",6.00%,1.00,UK,Amazon,0.70%,Mar 2025,5–10%
3/17/2025,Electrolyte Powder,Hydration,160.00,$29.17,"$4,667.20",7.00%,3.00,USA,Amazon,1.88%,Mar 2025,5–10%
3/24/2025,Whey Protein,Protein,158.00,$18.50,"$2,923.00",2.00%,0.00,UK,Amazon,0.00%,Mar 2025,0–5%
3/24/2025,Vitamin C,Vitamin,136.00,$58.55,"$7,962.80",9.00%,4.00,Canada,Walmart,2.94%,Mar 2025,5–10%
3/24/2025,Fish Oil,Omega,138.00,$34.55,"$4,767.90",10.00%,2.00,Canada,Walmart,1.45%,Mar 2025,5–10%
3/24/2025,Multivitamin,Vitamin,158.00,$41.39,"$6,539.62",11.00%,3.00,USA,Walmart,1.90%,Mar 2025,10–15%
3/24/2025,Pre-Workout,Performance,146.00,$21.41,"$3,125.86",6.00%,1.00,USA,Walmart,0.68%,Mar 2025,5–10%
3/24/2025,BCAA,Amino Acid,143.00,$12.48,"$1,784.64",21.00%,0.00,Canada,Amazon,0.00%,Mar 2025,20–25%
3/24/2025,Creatine,Performance,167.00,$13.26,"$2,214.42",14.00%,2.00,USA,Walmart,1.20%,Mar 2025,10–15%
3/24/2025,Zinc,Mineral,150.00,$24.35,"$3,652.50",17.00%,1.00,Canada,iHerb,0.67%,Mar 2025,15–20%
3/24/2025,Collagen Peptides,Protein,144.00,$46.39,"$6,680.16",10.00%,3.00,Canada,iHerb,2.08%,Mar 2025,5–10%
3/24/2025,Magnesium,Mineral,171.00,$20.75,"$3,548.25",23.00%,1.00,UK,Walmart,0.58%,Mar 2025,20–25%
3/24/2025,Ashwagandha,Herbal,122.00,$46.35,"$5,654.70",23.00%,1.00,USA,Walmart,0.82%,Mar 2025,20–25%
3/24/2025,Melatonin,Sleep Aid,178.00,$13.04,"$2,321.12",15.00%,5.00,UK,Walmart,2.81%,Mar 2025,10–15%
3/24/2025,Biotin,Vitamin,150.00,$21.06,"$3,159.00",6.00%,1.00,UK,Amazon,0.67%,Mar 2025,5–10%
3/24/2025,Green Tea Extract,Fat Burner,150.00,$13.36,"$2,004.00",1.00%,2.00,USA,Amazon,1.33%,Mar 2025,0–5%
3/24/2025,Iron Supplement,Mineral,167.00,$53.89,"$8,999.63",20.00%,0.00,USA,Amazon,0.00%,Mar 2025,15–20%
3/24/2025,Electrolyte Powder,Hydration,138.00,$32.18,"$4,440.84",7.00%,1.00,Canada,Amazon,0.72%,Mar 2025,5–10%
3/31/2025,Whey Protein,Protein,148.00,$15.17,"$2,245.16",7.00%,1.00,UK,Amazon,0.68%,Mar 2025,5–10%
3/31/2025,Vitamin C,Vitamin,157.00,$57.08,"$8,961.56",20.00%,2.00,UK,iHerb,1.27%,Mar 2025,15–20%
3/31/2025,Fish Oil,Omega,139.00,$44.67,"$6,209.13",21.00%,4.00,USA,iHerb,2.88%,Mar 2025,20–25%
3/31/2025,Multivitamin,Vitamin,154.00,$10.88,"$1,675.52",2.00%,0.00,Canada,Amazon,0.00%,Mar 2025,0–5%
3/31/2025,Pre-Workout,Performance,124.00,$26.84,"$3,328.16",16.00%,1.00,Canada,iHerb,0.81%,Mar 2025,15–20%
3/31/2025,BCAA,Amino Acid,153.00,$23.89,"$3,655.17",24.00%,0.00,UK,Amazon,0.00%,Mar 2025,20–25%
3/31/2025,Creatine,Performance,174.00,$35.63,"$6,199.62",3.00%,0.00,Canada,Amazon,0.00%,Mar 2025,0–5%
3/31/2025,Zinc,Mineral,147.00,$23.47,"$3,450.09",14.00%,1.00,Canada,Walmart,0.68%,Mar 2025,10–15%
3/31/2025,Collagen Peptides,Protein,146.00,$52.79,"$7,707.34",13.00%,1.00,USA,Amazon,0.68%,Mar 2025,10–15%
3/31/2025,Magnesium,Mineral,138.00,$28.45,"$3,926.10",25.00%,1.00,UK,Walmart,0.72%,Mar 2025,20–25%
3/31/2025,Ashwagandha,Herbal,145.00,$58.08,"$8,421.60",24.00%,2.00,Canada,Amazon,1.38%,Mar 2025,20–25%
3/31/2025,Melatonin,Sleep Aid,160.00,$47.79,"$7,646.40",21.00%,1.00,USA,iHerb,0.63%,Mar 2025,20–25%
3/31/2025,Biotin,Vitamin,154.00,$38.12,"$5,870.48",22.00%,1.00,UK,Walmart,0.65%,Mar 2025,20–25%
3/31/2025,Green Tea Extract,Fat Burner,139.00,$20.40,"$2,835.60",12.00%,3.00,USA,iHerb,2.16%,Mar 2025,10–15%
3/31/2025,Iron Supplement,Mineral,154.00,$18.31,"$2,819.74",23.00%,2.00,Canada,Amazon,1.30%,Mar 2025,20–25%
3/31/2025,Electrolyte Powder,Hydration,178.00,$39.12,"$6,963.36",23.00%,0.00,UK,iHerb,0.00%,Mar 2025,20–25%